{"type":"FeatureCollection","name":"Malaysia states and federal territories","source":"geoBoundaries gbOpen MYS ADM1 (CC BY 4.0) \u2014 see ATTRIBUTION.md","features":[{"type":"Feature","properties":{"state_code":"JHR","name":"Johor","region_group":"southern"},"geometry":{"type":"MultiPolygon","coordinates":[[[[104.0624,2.21794],[104.06423,2.2194],[104.07386,2.21411],[104.07485,2.20541],[104.0713,2.19594],[104.07946,2.20072],[104.09006,2.19546],[104.09,2.19795],[104.08738,2.19904],[104.08695,2.20298],[104.08124,2.20977],[104.08018,2.21381],[104.07622,2.21413],[104.07416,2.21715],[104.07452,2.21934],[104.07091,2.22012],[104.06776,2.22383],[104.06595,2.22747],[104.0667,2.23104],[104.06227,2.23501],[104.06134,2.2317],[104.05432,2.23101],[104.05173,2.22701],[104.06028,2.22145],[104.0624,2.21794]]],[[[104.09228,2.31559],[104.09451,2.31147],[104.09468,2.30221],[104.09763,2.29509],[104.10679,2.29161],[104.11202,2.28591],[104.12918,2.28145],[104.13571,2.28454],[104.13571,2.28883],[104.14017,2.28883],[104.14309,2.29054],[104.14206,2.29775],[104.13485,2.3089],[104.12901,2.31301],[104.11837,2.3161],[104.09228,2.31559]]],[[[103.42041,1.33164],[103.42123,1.32936],[103.41825,1.31541],[103.42086,1.30799],[103.4266,1.30902],[103.4376,1.31525],[103.43928,1.32277],[103.43731,1.32747],[103.42466,1.337],[103.41888,1.33918],[103.41878,1.3376],[103.42035,1.33677],[103.42041,1.33164]]],[[[103.25744,1.46207],[103.26061,1.46435],[103.26017,1.4665],[103.26179,1.46911],[103.26598,1.46992],[103.26285,1.47297],[103.26041,1.47175],[103.25862,1.47301],[103.25496,1.47248],[103.24894,1.46829],[103.24853,1.46512],[103.25101,1.46366],[103.25585,1.46386],[103.25744,1.46207]]],[[[104.0626,1.45533],[104.0673,1.46435],[104.07151,1.46574],[104.06798,1.46955],[104.06763,1.47332],[104.06982,1.47394],[104.07388,1.47164],[104.07162,1.47804],[104.07531,1.4828],[104.07004,1.48334],[104.07001,1.48567],[104.07243,1.48763],[104.06866,1.4899],[104.06675,1.48537],[104.06366,1.48924],[104.05948,1.48584],[104.05664,1.48561],[104.05518,1.48119],[104.05162,1.47793],[104.05223,1.47539],[104.04887,1.47408],[104.04496,1.46823],[104.04009,1.46556],[104.04383,1.45872],[104.04898,1.45504],[104.05468,1.45292],[104.0626,1.45533]]],[[[104.00711,1.53704],[104.00763,1.53182],[104.00225,1.52986],[104.00234,1.52574],[104.00001,1.52052],[104.00311,1.51586],[104.00494,1.51625],[104.00457,1.51814],[104.00639,1.51734],[104.00861,1.51847],[104.01512,1.52459],[104.01532,1.53003],[104.01044,1.53825],[104.00711,1.53704]]],[[[104.50922,2.46909],[104.50029,2.45949],[104.50064,2.4564],[104.50304,2.45435],[104.50373,2.4516],[104.50338,2.44371],[104.50441,2.44165],[104.51231,2.44165],[104.51437,2.4396],[104.5178,2.43411],[104.51986,2.42605],[104.52759,2.42536],[104.53463,2.42931],[104.53995,2.43668],[104.54098,2.45314],[104.52536,2.4588],[104.52227,2.46601],[104.51351,2.47201],[104.51179,2.47184],[104.51214,2.46944],[104.50922,2.46909]]],[[[104.50115,2.48041],[104.49377,2.47338],[104.49394,2.47115],[104.50441,2.47047],[104.51145,2.47561],[104.51231,2.47767],[104.51231,2.47973],[104.51128,2.47973],[104.50888,2.47681],[104.50321,2.47647],[104.50287,2.4799],[104.50115,2.48041]]],[[[104.31078,2.5936],[104.31112,2.58708],[104.31353,2.58297],[104.31696,2.58091],[104.32005,2.57268],[104.3276,2.56788],[104.33275,2.56205],[104.34031,2.56102],[104.34614,2.56959],[104.34546,2.57611],[104.33962,2.58365],[104.32829,2.59429],[104.32142,2.59703],[104.31078,2.5936]]],[[[104.10392,2.90679],[104.11074,2.90837],[104.11093,2.91058],[104.11374,2.91161],[104.1144,2.91335],[104.11187,2.91605],[104.10878,2.91416],[104.10679,2.91455],[104.10458,2.91667],[104.10468,2.919],[104.10204,2.91993],[104.10056,2.91855],[104.1044,2.91465],[104.10494,2.91095],[104.0979,2.91146],[104.09709,2.91028],[104.10044,2.9063],[104.10392,2.90679]]],[[[103.97566,2.45351],[103.97417,2.45022],[103.97631,2.43355],[103.98121,2.42827],[103.99047,2.42554],[103.99288,2.42313],[103.99752,2.42776],[103.98927,2.43879],[103.9895,2.44193],[103.98726,2.44255],[103.98557,2.44527],[103.98595,2.44789],[103.97863,2.45521],[103.97914,2.45812],[103.97498,2.45889],[103.97296,2.45757],[103.97566,2.45351]]],[[[102.48931,2.09911],[102.50915,2.08724],[102.52167,2.07836],[102.52833,2.07171],[102.54034,2.0581],[102.54602,2.04331],[102.5441,2.03175],[102.5481,2.02542],[102.56689,2.00995],[102.60249,1.97627],[102.62752,1.94918],[102.63264,1.95005],[102.63239,1.94547],[102.63436,1.94189],[102.64688,1.92955],[102.65735,1.9108],[102.67575,1.88369],[102.68882,1.86801],[102.70777,1.85352],[102.71296,1.8539],[102.72764,1.8664],[102.74386,1.86862],[102.78202,1.86579],[102.8041,1.86095],[102.8306,1.85172],[102.84806,1.84198],[102.88548,1.81519],[102.8883,1.81614],[102.89346,1.82167],[102.89567,1.81072],[102.89551,1.80134],[102.89303,1.79746],[102.88811,1.79587],[102.88662,1.79222],[102.88923,1.78822],[102.89167,1.78889],[102.89344,1.78426],[102.8989,1.77712],[102.91251,1.76332],[102.93713,1.74585],[102.94214,1.74062],[102.95392,1.74214],[102.95743,1.744],[102.98274,1.74252],[102.99222,1.74005],[102.99278,1.73671],[102.99389,1.73653],[102.99452,1.73958],[103.00018,1.73927],[103.06046,1.71242],[103.06523,1.70773],[103.07517,1.70269],[103.08815,1.69302],[103.10243,1.68072],[103.11785,1.67078],[103.13328,1.65605],[103.13852,1.65365],[103.14666,1.64558],[103.16727,1.63292],[103.19583,1.61904],[103.24773,1.59772],[103.26702,1.59106],[103.27315,1.59221],[103.27388,1.58901],[103.27759,1.58775],[103.28272,1.58243],[103.29997,1.57559],[103.3023,1.57218],[103.30747,1.56878],[103.31216,1.56683],[103.32193,1.56808],[103.32192,1.56619],[103.35339,1.54248],[103.36745,1.52507],[103.37193,1.51477],[103.37792,1.51099],[103.37949,1.50834],[103.37737,1.50855],[103.377,1.50603],[103.38868,1.48388],[103.38527,1.48344],[103.38458,1.48028],[103.38329,1.48074],[103.38683,1.47939],[103.38768,1.47701],[103.39061,1.47723],[103.39526,1.46524],[103.39915,1.45972],[103.40164,1.45032],[103.40579,1.44359],[103.41161,1.42893],[103.4107,1.42818],[103.4152,1.4038],[103.42,1.38659],[103.43499,1.35801],[103.43673,1.347],[103.44138,1.34033],[103.4443,1.32676],[103.44151,1.32499],[103.44546,1.32389],[103.4469,1.32159],[103.4535,1.31895],[103.45449,1.31967],[103.4651,1.31113],[103.46617,1.31216],[103.4655,1.31077],[103.47754,1.29933],[103.48335,1.29187],[103.48503,1.29309],[103.48436,1.29099],[103.49339,1.27978],[103.50911,1.26618],[103.51176,1.26641],[103.51008,1.28383],[103.51168,1.2976],[103.51463,1.3056],[103.51875,1.31035],[103.51921,1.31287],[103.52502,1.3177],[103.5248,1.31912],[103.54645,1.33393],[103.54499,1.33741],[103.54244,1.33747],[103.54401,1.33882],[103.54289,1.33867],[103.54348,1.33967],[103.53747,1.34967],[103.53694,1.35374],[103.53511,1.35453],[103.53211,1.35892],[103.52944,1.35949],[103.5309,1.36038],[103.53493,1.35582],[103.53526,1.36346],[103.53687,1.36736],[103.53564,1.37196],[103.5322,1.37089],[103.52987,1.37231],[103.52128,1.36992],[103.51907,1.36174],[103.52024,1.35833],[103.51931,1.36057],[103.51801,1.3538],[103.51634,1.35187],[103.51795,1.35391],[103.51908,1.36091],[103.51721,1.36103],[103.51618,1.35994],[103.51417,1.35908],[103.51375,1.35787],[103.51396,1.35928],[103.51635,1.36031],[103.51651,1.36098],[103.51841,1.3615],[103.51982,1.36556],[103.5132,1.36178],[103.5205,1.36753],[103.52042,1.37038],[103.51603,1.37187],[103.52057,1.37058],[103.53029,1.37304],[103.53316,1.37168],[103.53456,1.37408],[103.53264,1.38142],[103.52424,1.38035],[103.51752,1.38298],[103.50863,1.3751],[103.508,1.36951],[103.50974,1.3672],[103.50784,1.36329],[103.50944,1.36735],[103.50747,1.36926],[103.5068,1.36472],[103.50462,1.36255],[103.5066,1.36489],[103.50597,1.36655],[103.50486,1.36613],[103.50732,1.36968],[103.50775,1.37441],[103.50516,1.37247],[103.50611,1.37155],[103.5057,1.37081],[103.49817,1.3658],[103.50574,1.37123],[103.5045,1.37215],[103.50515,1.37301],[103.49863,1.36877],[103.51165,1.37973],[103.50919,1.38083],[103.50306,1.37607],[103.49682,1.37408],[103.50295,1.37639],[103.50584,1.37939],[103.50239,1.38048],[103.49563,1.37981],[103.49325,1.38231],[103.49583,1.38008],[103.50192,1.38086],[103.49954,1.38383],[103.50187,1.3813],[103.50635,1.37999],[103.50923,1.38158],[103.50787,1.38213],[103.50623,1.38566],[103.50825,1.38207],[103.51257,1.38079],[103.51574,1.38357],[103.51261,1.38698],[103.51588,1.38377],[103.51529,1.3881],[103.51655,1.38425],[103.51746,1.38739],[103.51746,1.38447],[103.5196,1.3844],[103.51968,1.38823],[103.51996,1.38436],[103.52252,1.38223],[103.52987,1.38213],[103.53144,1.39231],[103.53479,1.39636],[103.53565,1.40108],[103.53053,1.40356],[103.52162,1.40305],[103.51899,1.39786],[103.51378,1.39517],[103.50929,1.39525],[103.50698,1.39104],[103.50912,1.39541],[103.50526,1.39656],[103.50012,1.39007],[103.49915,1.38954],[103.50029,1.39139],[103.49812,1.39114],[103.49631,1.38951],[103.4978,1.39119],[103.50096,1.3917],[103.50266,1.39348],[103.50566,1.39717],[103.50533,1.39909],[103.5002,1.39798],[103.50016,1.39673],[103.49897,1.39593],[103.49738,1.39578],[103.49681,1.39592],[103.49647,1.39637],[103.49707,1.39594],[103.49925,1.39629],[103.49979,1.39809],[103.49873,1.39752],[103.49373,1.39865],[103.49271,1.39795],[103.49307,1.39886],[103.49848,1.39798],[103.49942,1.39861],[103.49823,1.39979],[103.50116,1.39849],[103.50469,1.39999],[103.50705,1.39682],[103.51312,1.39617],[103.51838,1.39904],[103.51978,1.4028],[103.52273,1.40484],[103.51552,1.41141],[103.50656,1.40864],[103.50671,1.40725],[103.5051,1.40896],[103.50205,1.40837],[103.49593,1.40486],[103.50123,1.40878],[103.51326,1.41081],[103.51447,1.4129],[103.5132,1.41518],[103.50472,1.41308],[103.49877,1.41357],[103.49586,1.41192],[103.49607,1.41004],[103.49215,1.4082],[103.4958,1.41016],[103.49532,1.41185],[103.49621,1.41274],[103.49211,1.41262],[103.4889,1.41333],[103.4937,1.41281],[103.49413,1.41476],[103.49468,1.41314],[103.50225,1.41483],[103.50465,1.41381],[103.51207,1.4169],[103.51043,1.42272],[103.50408,1.42424],[103.50349,1.42207],[103.50317,1.42305],[103.50183,1.42179],[103.50388,1.42447],[103.50132,1.42594],[103.49882,1.4207],[103.49701,1.41954],[103.49774,1.41841],[103.49513,1.41726],[103.49736,1.4185],[103.49638,1.42008],[103.49862,1.4209],[103.50093,1.42654],[103.50017,1.42726],[103.49219,1.42272],[103.50014,1.42787],[103.49934,1.42968],[103.49459,1.42914],[103.49358,1.42708],[103.48877,1.42494],[103.48555,1.42138],[103.48826,1.42499],[103.49302,1.4271],[103.4944,1.42948],[103.4925,1.42969],[103.48928,1.42753],[103.48482,1.42731],[103.48343,1.42425],[103.48186,1.42589],[103.47848,1.42472],[103.48202,1.4262],[103.48326,1.42464],[103.4844,1.42794],[103.48854,1.42772],[103.49236,1.43008],[103.49451,1.43002],[103.49202,1.43052],[103.49025,1.43169],[103.48802,1.43106],[103.4892,1.43167],[103.48875,1.43232],[103.4854,1.43326],[103.48901,1.43236],[103.48931,1.43182],[103.49025,1.4319],[103.49208,1.43076],[103.49495,1.43028],[103.49887,1.43076],[103.4957,1.43749],[103.49292,1.43551],[103.48191,1.43643],[103.48877,1.43741],[103.49294,1.43609],[103.49525,1.43994],[103.4914,1.44149],[103.49101,1.44424],[103.4953,1.44134],[103.49643,1.44502],[103.49496,1.44537],[103.49248,1.45012],[103.49516,1.44562],[103.49707,1.44575],[103.50033,1.44974],[103.50089,1.45462],[103.50051,1.44958],[103.50491,1.45308],[103.49881,1.44779],[103.49573,1.44006],[103.5021,1.42756],[103.51291,1.42426],[103.51505,1.41769],[103.52391,1.40635],[103.53238,1.40739],[103.53384,1.4088],[103.53592,1.40763],[103.53947,1.41413],[103.54017,1.41835],[103.53359,1.42539],[103.53009,1.42715],[103.52871,1.42997],[103.52924,1.43135],[103.53032,1.42781],[103.53447,1.42564],[103.54092,1.41984],[103.54671,1.43292],[103.54756,1.44143],[103.54538,1.44325],[103.54228,1.43974],[103.54383,1.44282],[103.54225,1.44311],[103.54474,1.44309],[103.54523,1.44493],[103.54221,1.44744],[103.54133,1.45019],[103.53553,1.45269],[103.53136,1.44822],[103.52849,1.44783],[103.52711,1.44614],[103.52381,1.44669],[103.52706,1.44647],[103.52896,1.44844],[103.53111,1.44864],[103.53543,1.45335],[103.54174,1.45095],[103.54652,1.44379],[103.54804,1.44416],[103.55041,1.45107],[103.54985,1.4546],[103.54557,1.46014],[103.54438,1.46682],[103.54039,1.47199],[103.54179,1.47429],[103.53978,1.47544],[103.54266,1.47516],[103.54158,1.47192],[103.54514,1.46729],[103.54676,1.46006],[103.55064,1.45496],[103.55331,1.45785],[103.55359,1.46028],[103.55158,1.46162],[103.55255,1.46344],[103.55235,1.46174],[103.55421,1.4603],[103.55388,1.45766],[103.55687,1.45888],[103.5549,1.45716],[103.5559,1.45564],[103.55928,1.45513],[103.56184,1.44866],[103.56581,1.44876],[103.56821,1.44563],[103.57075,1.44575],[103.56829,1.44529],[103.56731,1.44164],[103.5716,1.43937],[103.5751,1.44089],[103.57835,1.44053],[103.57197,1.43869],[103.56725,1.44089],[103.56693,1.44652],[103.56238,1.44697],[103.55853,1.45394],[103.55253,1.45481],[103.54907,1.42914],[103.54127,1.40539],[103.542,1.39728],[103.54637,1.39997],[103.54613,1.40299],[103.55056,1.40749],[103.54969,1.4106],[103.55096,1.40756],[103.56523,1.41586],[103.5562,1.40956],[103.55676,1.40793],[103.55484,1.40931],[103.55005,1.40623],[103.54665,1.40171],[103.5505,1.39855],[103.56152,1.39543],[103.56484,1.39151],[103.56795,1.39151],[103.56498,1.39125],[103.56756,1.38812],[103.57299,1.38934],[103.56753,1.38796],[103.56118,1.39445],[103.55391,1.39655],[103.55135,1.39462],[103.55243,1.39108],[103.5521,1.38845],[103.55429,1.38721],[103.55247,1.38748],[103.55183,1.38871],[103.55226,1.39068],[103.55105,1.3947],[103.55308,1.39679],[103.54813,1.39892],[103.54213,1.39562],[103.53976,1.38967],[103.5394,1.38151],[103.54376,1.38078],[103.54515,1.37934],[103.5467,1.37957],[103.54821,1.37865],[103.54835,1.37745],[103.55071,1.37755],[103.55696,1.36121],[103.55088,1.37694],[103.54826,1.37721],[103.54738,1.37905],[103.54476,1.37928],[103.54376,1.38069],[103.54003,1.38137],[103.54097,1.37763],[103.54294,1.37537],[103.54193,1.37435],[103.54726,1.35574],[103.55783,1.33056],[103.56321,1.33246],[103.55778,1.34704],[103.55929,1.35016],[103.5629,1.346],[103.56754,1.34875],[103.58489,1.34496],[103.6029,1.34484],[103.6059,1.34598],[103.63418,1.36932],[103.63894,1.37476],[103.63804,1.37945],[103.64096,1.38041],[103.64133,1.38263],[103.6471,1.38896],[103.64608,1.39546],[103.64813,1.39651],[103.65041,1.40639],[103.65924,1.41108],[103.65551,1.41251],[103.6565,1.41386],[103.65893,1.41237],[103.6611,1.41432],[103.65967,1.41756],[103.65759,1.41698],[103.65702,1.4206],[103.66143,1.42312],[103.65903,1.42109],[103.65963,1.41865],[103.66127,1.4171],[103.66212,1.41833],[103.66244,1.41614],[103.66456,1.41755],[103.66798,1.42262],[103.66658,1.42643],[103.66793,1.42703],[103.66867,1.43059],[103.67123,1.43194],[103.6702,1.43437],[103.67253,1.4357],[103.67468,1.44288],[103.67651,1.44298],[103.67815,1.43957],[103.67909,1.44081],[103.68127,1.44037],[103.68449,1.44454],[103.68908,1.4429],[103.68878,1.44607],[103.69731,1.45276],[103.69657,1.45467],[103.69258,1.45399],[103.69128,1.45509],[103.69185,1.45677],[103.70253,1.45876],[103.70911,1.46316],[103.71534,1.46431],[103.71711,1.46626],[103.71425,1.47171],[103.7162,1.4748],[103.70678,1.47442],[103.70173,1.47806],[103.70426,1.47886],[103.70498,1.47707],[103.71136,1.48136],[103.72288,1.47637],[103.72477,1.46941],[103.72581,1.46992],[103.72871,1.46527],[103.72791,1.46435],[103.7333,1.46083],[103.74266,1.45686],[103.74302,1.45784],[103.75998,1.45329],[103.75982,1.45436],[103.76659,1.45659],[103.76859,1.45535],[103.76879,1.45755],[103.77488,1.46349],[103.78495,1.47114],[103.78415,1.4721],[103.78879,1.4757],[103.78885,1.4786],[103.79037,1.47852],[103.78954,1.47986],[103.79285,1.48087],[103.79471,1.48336],[103.79477,1.49623],[103.79676,1.49606],[103.79586,1.49747],[103.79797,1.49766],[103.79805,1.49546],[103.80197,1.49791],[103.7985,1.49441],[103.7973,1.48912],[103.79872,1.48609],[103.80191,1.48419],[103.81624,1.48567],[103.81981,1.48505],[103.82482,1.48131],[103.82848,1.4813],[103.83096,1.48295],[103.83425,1.48056],[103.83934,1.48116],[103.8405,1.47866],[103.84361,1.47782],[103.85206,1.47145],[103.85985,1.47007],[103.86568,1.47128],[103.86535,1.46922],[103.86997,1.46714],[103.8696,1.46453],[103.87253,1.46294],[103.86885,1.45983],[103.87106,1.46139],[103.87844,1.44976],[103.88759,1.44006],[103.8865,1.43827],[103.89248,1.43528],[103.89275,1.43689],[103.89597,1.4366],[103.90485,1.43369],[103.92057,1.43117],[103.9211,1.43439],[103.91991,1.43628],[103.92406,1.43709],[103.92428,1.43589],[103.93229,1.43348],[103.93787,1.43303],[103.93966,1.431],[103.94361,1.43195],[103.95418,1.43019],[103.95599,1.42753],[103.96002,1.4264],[103.97068,1.42749],[103.97391,1.43089],[103.97914,1.4305],[103.98572,1.43369],[103.98847,1.43216],[103.99463,1.43723],[103.99784,1.43451],[103.99657,1.43906],[103.99954,1.443],[104.00552,1.44726],[104.00891,1.45592],[104.01128,1.45493],[104.01206,1.45869],[104.0107,1.45578],[104.00894,1.45616],[104.00802,1.45838],[104.01145,1.47182],[104.00831,1.47343],[104.00656,1.48027],[104.00381,1.47858],[104.00432,1.4816],[104.00272,1.48203],[104.00457,1.48386],[104.00485,1.48891],[104.00671,1.49087],[104.00855,1.50328],[104.00729,1.50619],[104.00474,1.50667],[104.00591,1.50745],[104.00415,1.51159],[104.00169,1.51178],[103.99721,1.51975],[103.9981,1.52452],[104.0004,1.52742],[103.99716,1.53223],[103.99649,1.53753],[103.99154,1.53459],[103.98263,1.54169],[103.97834,1.54076],[103.97403,1.53696],[103.9781,1.54107],[103.98228,1.54218],[103.99099,1.53558],[103.99649,1.53841],[103.99831,1.53693],[103.99871,1.5317],[104.00552,1.53133],[104.00628,1.53398],[104.00461,1.53553],[104.00581,1.53529],[104.00655,1.5378],[104.00883,1.53888],[104.00642,1.54364],[104.00934,1.55033],[104.00467,1.55526],[104.00437,1.55804],[103.99631,1.56457],[103.99933,1.56685],[103.99068,1.57465],[103.99094,1.57835],[103.98704,1.58063],[103.98542,1.57721],[103.98354,1.57736],[103.983,1.5788],[103.98055,1.57666],[103.97902,1.58089],[103.97339,1.5842],[103.96662,1.59362],[103.96603,1.59938],[103.96398,1.60237],[103.96382,1.61539],[103.96722,1.62355],[103.9754,1.62324],[103.97651,1.61954],[103.98953,1.60347],[104.0083,1.59082],[104.02037,1.57671],[104.02253,1.5677],[104.0333,1.55486],[104.03311,1.54747],[104.02909,1.53697],[104.02935,1.53186],[104.03403,1.52328],[104.03462,1.51028],[104.0357,1.50843],[104.03807,1.50835],[104.04045,1.49585],[104.04399,1.49577],[104.0565,1.50083],[104.0592,1.49874],[104.05883,1.49417],[104.061,1.48998],[104.06486,1.48955],[104.06694,1.48605],[104.06698,1.48993],[104.06971,1.49067],[104.07334,1.48779],[104.07051,1.48491],[104.07102,1.48353],[104.07437,1.48451],[104.07584,1.48353],[104.07613,1.48063],[104.07365,1.479],[104.07316,1.47604],[104.07836,1.46953],[104.0774,1.46462],[104.06839,1.46261],[104.06533,1.45552],[104.06005,1.45079],[104.05895,1.44626],[104.07252,1.44227],[104.08444,1.43471],[104.08745,1.43501],[104.08513,1.43365],[104.0919,1.42893],[104.09494,1.42331],[104.10257,1.41726],[104.10283,1.4121],[104.11264,1.39392],[104.11218,1.39116],[104.10704,1.38953],[104.09677,1.38104],[104.09494,1.3775],[104.09249,1.37746],[104.09264,1.3749],[104.0882,1.36883],[104.09321,1.36871],[104.10793,1.36463],[104.11017,1.36247],[104.12988,1.35474],[104.13119,1.35328],[104.13062,1.35114],[104.13575,1.34617],[104.13548,1.34271],[104.13687,1.34202],[104.14121,1.3415],[104.14967,1.34574],[104.15726,1.34707],[104.16237,1.34169],[104.18363,1.33834],[104.18488,1.34443],[104.17886,1.3452],[104.17914,1.34808],[104.18517,1.3492],[104.18893,1.34781],[104.18885,1.34541],[104.19238,1.34628],[104.19664,1.34527],[104.19785,1.34297],[104.19691,1.34209],[104.20047,1.3397],[104.19977,1.33772],[104.20109,1.33706],[104.21567,1.34989],[104.21969,1.35031],[104.22285,1.34709],[104.22631,1.34793],[104.22508,1.34919],[104.22601,1.35186],[104.23071,1.35515],[104.23601,1.36349],[104.24314,1.36833],[104.24809,1.3693],[104.25284,1.36595],[104.2524,1.35922],[104.26136,1.35896],[104.2696,1.36487],[104.27409,1.36394],[104.27913,1.36951],[104.28311,1.36998],[104.28239,1.37588],[104.28355,1.37862],[104.28322,1.38033],[104.28095,1.37994],[104.27895,1.38387],[104.27429,1.40909],[104.27617,1.42845],[104.27947,1.43368],[104.28787,1.43872],[104.29559,1.43515],[104.29409,1.44159],[104.29464,1.44713],[104.27849,1.47438],[104.27289,1.4919],[104.27294,1.49883],[104.27576,1.50606],[104.27998,1.50858],[104.2822,1.50557],[104.28474,1.50931],[104.28511,1.51414],[104.28159,1.52444],[104.28225,1.52574],[104.28011,1.526],[104.27737,1.53306],[104.26672,1.5428],[104.25796,1.55563],[104.25425,1.56388],[104.25656,1.57709],[104.26047,1.58059],[104.26257,1.57823],[104.26351,1.58228],[104.25991,1.58277],[104.25426,1.59134],[104.25303,1.59501],[104.25385,1.60061],[104.25537,1.60317],[104.25718,1.6021],[104.25902,1.60671],[104.26119,1.60659],[104.26395,1.61063],[104.26086,1.61152],[104.25945,1.61495],[104.2504,1.62441],[104.24359,1.63631],[104.2446,1.64329],[104.24591,1.64293],[104.24917,1.64843],[104.24772,1.65396],[104.24228,1.65724],[104.23257,1.66934],[104.21504,1.69597],[104.21424,1.70316],[104.21572,1.70661],[104.22038,1.70989],[104.22033,1.71168],[104.20057,1.73824],[104.1976,1.74982],[104.19903,1.75591],[104.19828,1.75948],[104.18647,1.78712],[104.17099,1.80539],[104.16439,1.81534],[104.16172,1.82356],[104.15899,1.82643],[104.15762,1.82984],[104.15926,1.83599],[104.15776,1.84241],[104.16131,1.84623],[104.15817,1.85115],[104.15093,1.85552],[104.15271,1.85115],[104.15243,1.84814],[104.15038,1.84568],[104.14629,1.84405],[104.1344,1.84582],[104.12484,1.85333],[104.10872,1.87766],[104.10584,1.88572],[104.10436,1.90015],[104.10911,1.92056],[104.11478,1.92468],[104.12135,1.92518],[104.12525,1.92475],[104.12798,1.91969],[104.13044,1.92051],[104.13057,1.92611],[104.11773,1.94659],[104.11951,1.95219],[104.11541,1.96448],[104.09744,1.98851],[104.09656,1.99704],[104.09498,1.99964],[104.09218,2.00053],[104.08911,2.00448],[104.0764,2.02592],[104.06937,2.0309],[104.06179,2.04142],[104.05516,2.05227],[104.05516,2.0561],[104.05666,2.05787],[104.04662,2.06565],[104.043,2.07139],[104.02927,2.09822],[104.01738,2.12996],[104.00583,2.14852],[104.00732,2.15247],[104.0054,2.15253],[104.00449,2.14975],[103.99366,2.16199],[103.97449,2.18535],[103.96067,2.20635],[103.95695,2.21953],[103.95917,2.22527],[103.95666,2.24076],[103.95898,2.24598],[103.96173,2.24878],[103.97057,2.25211],[103.97758,2.25056],[103.98052,2.2466],[103.98212,2.24723],[103.98076,2.25664],[103.97415,2.26079],[103.95217,2.29463],[103.95135,2.30182],[103.95314,2.30254],[103.95347,2.30742],[103.95483,2.30988],[103.95719,2.31065],[103.96212,2.30959],[103.96086,2.31273],[103.9583,2.31649],[103.95495,2.31767],[103.95145,2.3232],[103.94796,2.32433],[103.93831,2.33788],[103.9391,2.34027],[103.93665,2.34097],[103.93614,2.34358],[103.93361,2.34247],[103.93296,2.33975],[103.93015,2.33948],[103.92363,2.34308],[103.9214,2.34255],[103.91788,2.34713],[103.91086,2.35022],[103.89092,2.37691],[103.88196,2.38644],[103.88019,2.3844],[103.87025,2.39636],[103.86472,2.40838],[103.85769,2.41775],[103.85299,2.43011],[103.84813,2.42949],[103.84272,2.43453],[103.83945,2.4349],[103.82914,2.45965],[103.82915,2.47069],[103.82123,2.47983],[103.81745,2.49067],[103.81985,2.49681],[103.82755,2.5003],[103.83011,2.50345],[103.83535,2.50533],[103.8402,2.50266],[103.84127,2.50384],[103.84323,2.5029],[103.84621,2.50628],[103.83625,2.51475],[103.82834,2.5263],[103.82817,2.53035],[103.82443,2.5343],[103.82219,2.53972],[103.82274,2.54731],[103.82851,2.54625],[103.82826,2.54733],[103.82021,2.55659],[103.81786,2.56651],[103.81646,2.56875],[103.81482,2.5681],[103.81641,2.57677],[103.81917,2.57856],[103.82092,2.57668],[103.82173,2.57881],[103.82326,2.57849],[103.82346,2.5831],[103.81887,2.58473],[103.81717,2.58723],[103.81723,2.58124],[103.81451,2.58056],[103.81382,2.58192],[103.81262,2.57915],[103.80893,2.58008],[103.79257,2.59214],[103.78315,2.60097],[103.78023,2.60649],[103.78028,2.61381],[103.78209,2.61676],[103.78898,2.61454],[103.78623,2.61629],[103.78581,2.61812],[103.78064,2.61958],[103.77821,2.60848],[103.76567,2.61258],[103.76152,2.61572],[103.75786,2.62442],[103.76224,2.62575],[103.76056,2.62683],[103.76112,2.62917],[103.76635,2.63102],[103.76299,2.63559],[103.76435,2.63884],[103.76286,2.64139],[103.76458,2.64455],[103.76118,2.6442],[103.75579,2.65074],[103.75442,2.6503],[103.75457,2.64852],[103.74803,2.64801],[103.74897,2.64067],[103.74712,2.63699],[103.74411,2.63478],[103.74018,2.63286],[103.72192,2.63319],[103.70905,2.64086],[103.69142,2.64739],[103.66113,2.66682],[103.66004,2.66267],[103.66166,2.66278],[103.66104,2.66148],[103.65336,2.65897],[103.64775,2.65955],[103.63423,2.66419],[103.62849,2.65951],[103.62014,2.65671],[103.61,2.66323],[103.60006,2.66544],[103.59617,2.66375],[103.59063,2.65398],[103.59517,2.63797],[103.59686,2.63543],[103.60181,2.63313],[103.60717,2.6365],[103.60697,2.63975],[103.60276,2.64572],[103.60309,2.65021],[103.60693,2.65277],[103.61168,2.65338],[103.61667,2.65109],[103.61725,2.64724],[103.6125,2.63685],[103.61563,2.63405],[103.62346,2.63106],[103.62319,2.62851],[103.61526,2.62378],[103.6147,2.61908],[103.62554,2.61056],[103.62678,2.60597],[103.6245,2.60375],[103.6157,2.60187],[103.61241,2.5977],[103.61383,2.59392],[103.62382,2.59227],[103.62462,2.58723],[103.61919,2.58568],[103.61199,2.5888],[103.60653,2.5878],[103.60183,2.58331],[103.5982,2.57435],[103.5996,2.56941],[103.60215,2.56842],[103.60484,2.56933],[103.61099,2.578],[103.6139,2.57792],[103.61642,2.57558],[103.61741,2.55718],[103.61401,2.5566],[103.61214,2.56444],[103.61052,2.56577],[103.60723,2.56515],[103.59301,2.55166],[103.59237,2.54974],[103.59604,2.54313],[103.59084,2.53649],[103.5903,2.53083],[103.59359,2.52631],[103.60307,2.53185],[103.61583,2.53033],[103.62073,2.53371],[103.62386,2.53314],[103.6242,2.53151],[103.61829,2.52533],[103.61657,2.51725],[103.62293,2.51316],[103.62971,2.50534],[103.62969,2.491],[103.63189,2.48882],[103.6385,2.48746],[103.62603,2.46344],[103.61679,2.46275],[103.61232,2.46596],[103.60949,2.47071],[103.60791,2.46626],[103.60945,2.45794],[103.53899,2.49161],[103.4722,2.52604],[103.45963,2.54166],[103.44688,2.5528],[103.44166,2.55553],[103.42638,2.55936],[103.41579,2.55782],[103.35363,2.59117],[103.28884,2.5775],[103.15158,2.52361],[102.97311,2.59465],[102.95924,2.60668],[102.87941,2.70042],[102.84993,2.73619],[102.80773,2.79406],[102.80207,2.79936],[102.70018,2.83205],[102.64502,2.68136],[102.6306,2.63285],[102.6302,2.62997],[102.633,2.62053],[102.6428,2.60546],[102.6435,2.60224],[102.6409,2.5951],[102.62543,2.58956],[102.6223,2.58126],[102.6227,2.57573],[102.6138,2.56098],[102.6118,2.539],[102.62036,2.51941],[102.61523,2.51259],[102.60882,2.50918],[102.60803,2.50701],[102.60949,2.50564],[102.60668,2.50168],[102.60812,2.50064],[102.61068,2.49053],[102.61258,2.49111],[102.61399,2.48745],[102.61624,2.48582],[102.61848,2.46973],[102.61473,2.46672],[102.61174,2.46739],[102.60989,2.46498],[102.60604,2.46412],[102.60603,2.45956],[102.6011,2.45921],[102.59838,2.45559],[102.59646,2.45536],[102.59684,2.44678],[102.59389,2.43995],[102.59601,2.4361],[102.59257,2.42751],[102.59438,2.41989],[102.59594,2.4198],[102.59658,2.4168],[102.59511,2.4122],[102.59291,2.4104],[102.58568,2.4051],[102.56658,2.39593],[102.55635,2.3965],[102.55014,2.39327],[102.54,2.39106],[102.5357,2.38287],[102.53718,2.37259],[102.52607,2.36009],[102.51374,2.35423],[102.50956,2.34232],[102.5163,2.32588],[102.51334,2.3211],[102.51115,2.32129],[102.51066,2.31588],[102.50842,2.31331],[102.51003,2.30522],[102.50533,2.30254],[102.50736,2.29698],[102.50406,2.29367],[102.49871,2.27741],[102.49747,2.26931],[102.4925,2.25772],[102.49402,2.24777],[102.49765,2.2373],[102.49669,2.23486],[102.49741,2.22614],[102.49497,2.22051],[102.48748,2.21507],[102.48315,2.20997],[102.4721,2.20524],[102.47088,2.2026],[102.47861,2.19013],[102.47877,2.18627],[102.48297,2.17839],[102.49047,2.17723],[102.49759,2.1742],[102.50151,2.1748],[102.50708,2.16648],[102.52557,2.16637],[102.53004,2.16317],[102.53732,2.14321],[102.53705,2.13537],[102.53181,2.12468],[102.52607,2.11878],[102.5184,2.118],[102.51558,2.12076],[102.50747,2.12076],[102.50604,2.126],[102.50352,2.12696],[102.50127,2.1249],[102.50344,2.12188],[102.50222,2.11891],[102.49127,2.12002],[102.48986,2.11834],[102.48868,2.10985],[102.48931,2.09911]]],[[[103.77899,2.6591],[103.77367,2.66716],[103.76988,2.67029],[103.77111,2.67204],[103.76869,2.67265],[103.76938,2.67659],[103.76435,2.68027],[103.76344,2.67884],[103.76578,2.66905],[103.77093,2.6651],[103.77127,2.6603],[103.77593,2.65756],[103.77899,2.6591]]],[[[103.892,2.68177],[103.89526,2.68503],[103.89638,2.69618],[103.88977,2.70046],[103.88273,2.69909],[103.88101,2.69755],[103.88135,2.69189],[103.88376,2.68468],[103.88702,2.68126],[103.892,2.68177]]],[[[104.14657,2.8124],[104.13483,2.80407],[104.12804,2.80112],[104.12814,2.79585],[104.1226,2.79153],[104.12194,2.78852],[104.11783,2.78374],[104.11814,2.77475],[104.12102,2.77089],[104.12296,2.76131],[104.11978,2.75374],[104.12294,2.74411],[104.13187,2.74038],[104.13403,2.74133],[104.13309,2.73871],[104.1371,2.73267],[104.14201,2.72941],[104.15075,2.72012],[104.15523,2.71914],[104.15902,2.71646],[104.16691,2.7155],[104.18427,2.72194],[104.19294,2.71983],[104.19641,2.72105],[104.20587,2.71846],[104.21468,2.72078],[104.21847,2.7365],[104.22059,2.73725],[104.21475,2.74428],[104.2176,2.75195],[104.22139,2.75597],[104.21971,2.7598],[104.2229,2.76482],[104.22327,2.76892],[104.21909,2.7741],[104.22007,2.77683],[104.21265,2.77731],[104.21124,2.78009],[104.20621,2.7806],[104.20386,2.78561],[104.20386,2.7907],[104.20283,2.79083],[104.20604,2.79871],[104.20529,2.79996],[104.2045,2.80024],[104.20244,2.79943],[104.20395,2.80027],[104.20445,2.80032],[104.20505,2.80019],[104.21203,2.7968],[104.21328,2.79732],[104.21346,2.80042],[104.21527,2.80103],[104.20908,2.80221],[104.20579,2.80508],[104.20654,2.80921],[104.20923,2.81147],[104.20397,2.81445],[104.20529,2.81692],[104.20303,2.81871],[104.2026,2.82177],[104.19775,2.82286],[104.20014,2.82782],[104.19389,2.83125],[104.19365,2.83258],[104.19716,2.8335],[104.19787,2.83514],[104.19552,2.83849],[104.19314,2.83913],[104.19326,2.84136],[104.19063,2.84392],[104.19257,2.85239],[104.19068,2.85791],[104.1881,2.8587],[104.18446,2.86392],[104.18515,2.86571],[104.19025,2.86803],[104.18346,2.8703],[104.18276,2.87349],[104.18345,2.87507],[104.18684,2.87459],[104.18951,2.87702],[104.18447,2.87802],[104.18008,2.88179],[104.17792,2.88635],[104.17966,2.89198],[104.17444,2.89314],[104.17198,2.89631],[104.16856,2.89731],[104.15593,2.89285],[104.15349,2.88583],[104.15534,2.88125],[104.15463,2.87651],[104.15243,2.87406],[104.14904,2.8742],[104.1462,2.86989],[104.14742,2.86946],[104.14802,2.86618],[104.15412,2.86493],[104.15399,2.86217],[104.14898,2.86142],[104.15083,2.86075],[104.15134,2.85839],[104.14785,2.85473],[104.15864,2.84799],[104.15985,2.83427],[104.16191,2.83443],[104.16417,2.8289],[104.15784,2.81916],[104.15648,2.81949],[104.14657,2.8124]]],[[[103.91243,2.67508],[103.91792,2.67217],[103.92187,2.67337],[103.92393,2.67731],[103.92255,2.69514],[103.91517,2.69669],[103.91191,2.69549],[103.90337,2.69771],[103.90513,2.67526],[103.91037,2.672],[103.91243,2.67508]]]]}},{"type":"Feature","properties":{"state_code":"KDH","name":"Kedah","region_group":"northern"},"geometry":{"type":"MultiPolygon","coordinates":[[[[99.7214,6.20837],[99.72257,6.20478],[99.72535,6.20412],[99.72311,6.20007],[99.7277,6.18901],[99.72291,6.18717],[99.72473,6.17794],[99.72666,6.17984],[99.72792,6.18865],[99.72925,6.18989],[99.74063,6.1893],[99.74371,6.18587],[99.7453,6.19124],[99.74872,6.19503],[99.74736,6.1972],[99.74307,6.19803],[99.74476,6.20251],[99.73787,6.20454],[99.75087,6.21366],[99.75158,6.22128],[99.74652,6.22168],[99.74228,6.22479],[99.74235,6.22857],[99.74419,6.23126],[99.7418,6.23366],[99.74302,6.22956],[99.73801,6.22781],[99.73372,6.22037],[99.73416,6.22924],[99.73297,6.22897],[99.72894,6.22206],[99.72688,6.21516],[99.72465,6.21409],[99.72375,6.21064],[99.7214,6.20837]]],[[[99.71192,6.23545],[99.71018,6.23182],[99.71215,6.23058],[99.71293,6.22785],[99.71089,6.22111],[99.71257,6.21989],[99.71303,6.21682],[99.71664,6.21511],[99.72211,6.22141],[99.72103,6.22765],[99.72225,6.22935],[99.71876,6.22871],[99.71676,6.22988],[99.71192,6.23545]]],[[[99.82081,6.23442],[99.8273,6.21834],[99.83106,6.22344],[99.83317,6.22404],[99.83383,6.22258],[99.83602,6.22355],[99.8394,6.22195],[99.84162,6.22501],[99.85223,6.22577],[99.85371,6.2133],[99.85542,6.2137],[99.85714,6.21471],[99.85768,6.2206],[99.86457,6.23498],[99.86419,6.23865],[99.85859,6.23797],[99.85545,6.23946],[99.85674,6.24565],[99.86045,6.24879],[99.86134,6.25198],[99.85896,6.25259],[99.85719,6.25105],[99.85827,6.25669],[99.85733,6.25801],[99.85203,6.25784],[99.85371,6.26196],[99.84961,6.2622],[99.8457,6.26906],[99.84189,6.26692],[99.84091,6.26479],[99.83221,6.2611],[99.82848,6.24956],[99.82358,6.24542],[99.82081,6.23442]]],[[[99.76801,6.21762],[99.7716,6.21438],[99.77479,6.21586],[99.77218,6.21187],[99.77339,6.21095],[99.77209,6.20737],[99.77635,6.20528],[99.77306,6.2038],[99.77373,6.20248],[99.77717,6.20303],[99.78056,6.20954],[99.78187,6.20968],[99.78343,6.19896],[99.78556,6.19779],[99.78545,6.19461],[99.78863,6.19123],[99.78953,6.18603],[99.78616,6.18347],[99.78764,6.17658],[99.78959,6.17767],[99.78882,6.17994],[99.79009,6.18142],[99.79245,6.17793],[99.79224,6.17919],[99.79525,6.18167],[99.79737,6.18846],[99.80205,6.18865],[99.80337,6.18624],[99.80269,6.18103],[99.80467,6.17844],[99.80357,6.17674],[99.8045,6.17156],[99.80749,6.17422],[99.80951,6.17052],[99.81082,6.17133],[99.81476,6.16801],[99.81475,6.17057],[99.81184,6.17126],[99.81166,6.17306],[99.8162,6.17652],[99.81733,6.18105],[99.81864,6.17963],[99.82127,6.17975],[99.82054,6.18713],[99.82217,6.1894],[99.82568,6.19006],[99.82843,6.19957],[99.83052,6.20124],[99.82785,6.20307],[99.8287,6.20492],[99.82663,6.21016],[99.8315,6.20985],[99.83204,6.21598],[99.83382,6.21718],[99.83571,6.21527],[99.83654,6.21612],[99.83322,6.22088],[99.82967,6.21548],[99.82629,6.21487],[99.82558,6.21893],[99.81807,6.23069],[99.81805,6.24027],[99.8249,6.24993],[99.82343,6.26634],[99.82564,6.26966],[99.82989,6.2685],[99.83513,6.27475],[99.84094,6.27572],[99.83906,6.27915],[99.84112,6.28552],[99.83974,6.29054],[99.8429,6.29307],[99.84169,6.29492],[99.8344,6.29567],[99.8331,6.29288],[99.82887,6.29219],[99.82586,6.28873],[99.82435,6.28012],[99.82186,6.27838],[99.81366,6.27687],[99.80721,6.27299],[99.80375,6.2747],[99.79836,6.27082],[99.79932,6.26805],[99.79668,6.26657],[99.79631,6.26432],[99.79702,6.25929],[99.79609,6.25955],[99.79428,6.25438],[99.7919,6.25463],[99.79142,6.24893],[99.78986,6.24654],[99.78897,6.24216],[99.79177,6.23993],[99.78809,6.23686],[99.78203,6.23484],[99.78165,6.23028],[99.78395,6.22704],[99.77933,6.22635],[99.77861,6.22788],[99.78013,6.22949],[99.77795,6.23097],[99.7767,6.22879],[99.77154,6.2303],[99.77365,6.22114],[99.77086,6.22203],[99.76801,6.21762]]],[[[99.68649,6.29263],[99.68835,6.28947],[99.69326,6.29152],[99.69458,6.29057],[99.69443,6.29169],[99.69778,6.29667],[99.69862,6.294],[99.69504,6.29169],[99.69667,6.29077],[99.69916,6.29133],[99.7,6.2903],[99.7005,6.29344],[99.70264,6.29459],[99.70241,6.29686],[99.70423,6.29855],[99.70367,6.30395],[99.69915,6.30226],[99.6975,6.30413],[99.69429,6.30426],[99.69398,6.29851],[99.68653,6.29441],[99.68649,6.29263]]],[[[99.88389,6.31137],[99.88634,6.31013],[99.88676,6.30753],[99.88958,6.30868],[99.89052,6.31068],[99.89205,6.30851],[99.89428,6.31201],[99.89457,6.31],[99.89909,6.30804],[99.8996,6.3097],[99.90435,6.30888],[99.91185,6.31036],[99.91251,6.30865],[99.91077,6.30454],[99.91151,6.30335],[99.91929,6.30214],[99.92092,6.29652],[99.92027,6.29427],[99.92175,6.29382],[99.92361,6.29773],[99.92302,6.30166],[99.92538,6.30549],[99.92416,6.30862],[99.92799,6.31704],[99.9315,6.31595],[99.92973,6.3133],[99.9338,6.31302],[99.93401,6.31851],[99.93067,6.31885],[99.9289,6.32423],[99.92747,6.32499],[99.92509,6.32323],[99.92222,6.32382],[99.92028,6.32109],[99.91467,6.32006],[99.91311,6.31756],[99.91166,6.31894],[99.90482,6.3198],[99.90245,6.3179],[99.89882,6.31851],[99.89616,6.31689],[99.89315,6.31836],[99.89061,6.31604],[99.89091,6.31305],[99.88548,6.31503],[99.88574,6.31325],[99.88389,6.31137]]],[[[99.90838,6.41211],[99.91059,6.40486],[99.91291,6.40184],[99.91413,6.40296],[99.91279,6.40486],[99.91583,6.41687],[99.91508,6.42337],[99.91943,6.43508],[99.91929,6.43828],[99.9147,6.42963],[99.91525,6.42499],[99.91318,6.42258],[99.91236,6.42373],[99.9124,6.41976],[99.91086,6.41921],[99.91137,6.41581],[99.90838,6.41211]]],[[[99.87954,6.43729],[99.8824,6.4293],[99.88861,6.42383],[99.89815,6.42058],[99.90363,6.41408],[99.90541,6.41506],[99.90763,6.41402],[99.90711,6.41628],[99.91017,6.42019],[99.9077,6.42146],[99.90429,6.42033],[99.90583,6.42275],[99.90247,6.42796],[99.90117,6.43332],[99.90116,6.44431],[99.89895,6.44403],[99.89705,6.44092],[99.89493,6.44195],[99.89328,6.4521],[99.88945,6.45463],[99.8892,6.45194],[99.88333,6.44996],[99.88312,6.44473],[99.87954,6.43729]]],[[[99.6405,6.43411],[99.64172,6.42941],[99.64134,6.41516],[99.64351,6.41411],[99.64449,6.41162],[99.64352,6.40643],[99.6448,6.39996],[99.64223,6.39581],[99.6428,6.39223],[99.64421,6.39162],[99.64439,6.38106],[99.64731,6.37498],[99.64697,6.37117],[99.65245,6.36491],[99.65299,6.36231],[99.65647,6.36052],[99.66192,6.36189],[99.6671,6.36526],[99.672,6.3624],[99.67345,6.36482],[99.67765,6.36664],[99.68266,6.36531],[99.6833,6.36365],[99.68473,6.36552],[99.68195,6.36737],[99.68305,6.36901],[99.68571,6.36704],[99.68345,6.35988],[99.68616,6.35776],[99.69038,6.3588],[99.69352,6.35524],[99.69715,6.3593],[99.70223,6.36068],[99.70374,6.35909],[99.70849,6.35943],[99.71147,6.36201],[99.71691,6.35541],[99.71635,6.35286],[99.71996,6.34746],[99.7213,6.34146],[99.71809,6.33883],[99.72068,6.33809],[99.72217,6.33488],[99.72276,6.32669],[99.72207,6.32298],[99.7135,6.31033],[99.71933,6.30529],[99.7193,6.30364],[99.71644,6.30447],[99.71933,6.30324],[99.71865,6.29864],[99.7255,6.29192],[99.72851,6.28428],[99.73145,6.26858],[99.7305,6.26558],[99.72708,6.26255],[99.72916,6.25943],[99.73096,6.26095],[99.73505,6.25883],[99.73621,6.25976],[99.73715,6.26134],[99.73535,6.26583],[99.73845,6.26709],[99.74065,6.26578],[99.74011,6.26987],[99.74569,6.26725],[99.7462,6.27087],[99.74999,6.26979],[99.75007,6.27282],[99.75144,6.27186],[99.7523,6.27288],[99.75067,6.27625],[99.75097,6.27843],[99.75216,6.27833],[99.75142,6.28104],[99.75615,6.27883],[99.75587,6.28295],[99.75852,6.28531],[99.76287,6.28133],[99.76745,6.28368],[99.77347,6.27937],[99.77574,6.28122],[99.77521,6.28313],[99.77732,6.28444],[99.77798,6.28718],[99.78137,6.28753],[99.78181,6.29002],[99.78502,6.28884],[99.79077,6.29598],[99.7896,6.2979],[99.7938,6.29874],[99.79531,6.30195],[99.79677,6.30134],[99.80005,6.30477],[99.80128,6.30831],[99.80292,6.30815],[99.80261,6.31061],[99.80146,6.31061],[99.80257,6.31187],[99.80171,6.31417],[99.8034,6.31633],[99.80233,6.31691],[99.80653,6.31708],[99.8053,6.31926],[99.80674,6.32062],[99.8107,6.31987],[99.8155,6.32232],[99.82045,6.32017],[99.81912,6.32167],[99.82599,6.32453],[99.829,6.32343],[99.8292,6.32546],[99.82937,6.32333],[99.83035,6.32488],[99.83241,6.32432],[99.83159,6.32173],[99.83353,6.32157],[99.83457,6.3243],[99.83595,6.3229],[99.83675,6.32548],[99.83849,6.32591],[99.84025,6.32545],[99.83953,6.32294],[99.84222,6.32345],[99.84445,6.32089],[99.84685,6.32185],[99.84517,6.32018],[99.84708,6.31838],[99.84747,6.32041],[99.84764,6.31924],[99.84947,6.31952],[99.84797,6.3175],[99.84969,6.31552],[99.85081,6.31594],[99.85165,6.31177],[99.85393,6.30914],[99.85304,6.30769],[99.85351,6.30954],[99.85116,6.30906],[99.85144,6.3072],[99.85291,6.30752],[99.8503,6.30659],[99.8522,6.29875],[99.85362,6.29945],[99.86175,6.29655],[99.86086,6.2906],[99.86535,6.29687],[99.86439,6.30188],[99.8615,6.30433],[99.86268,6.30812],[99.86557,6.3088],[99.86887,6.30559],[99.87118,6.30651],[99.8737,6.30558],[99.8816,6.31151],[99.87946,6.31708],[99.88048,6.31898],[99.88315,6.31915],[99.88469,6.32203],[99.88946,6.324],[99.8943,6.3221],[99.89549,6.32588],[99.90466,6.32881],[99.90597,6.32803],[99.9068,6.32975],[99.91109,6.32918],[99.91208,6.3336],[99.91455,6.33482],[99.91292,6.33989],[99.91467,6.34575],[99.91414,6.34925],[99.91271,6.35093],[99.91052,6.35065],[99.90628,6.35764],[99.9016,6.36115],[99.89979,6.36543],[99.90286,6.36963],[99.90736,6.3697],[99.90546,6.37067],[99.90544,6.37287],[99.90776,6.37388],[99.90787,6.37779],[99.91135,6.38226],[99.91021,6.39289],[99.90727,6.3956],[99.90447,6.39272],[99.90509,6.39053],[99.90072,6.39038],[99.89828,6.39681],[99.89765,6.40598],[99.89203,6.41607],[99.89045,6.41631],[99.88951,6.41415],[99.88693,6.41968],[99.88448,6.42101],[99.88417,6.41774],[99.88106,6.41972],[99.88014,6.42222],[99.87944,6.42071],[99.8734,6.42905],[99.86986,6.42652],[99.8667,6.4297],[99.86464,6.42997],[99.86416,6.43285],[99.86259,6.43273],[99.8625,6.43101],[99.86102,6.43146],[99.86088,6.43294],[99.86213,6.43324],[99.86039,6.43584],[99.85918,6.43569],[99.85886,6.43354],[99.85481,6.435],[99.85534,6.4375],[99.85387,6.43639],[99.85278,6.43801],[99.85555,6.44044],[99.85352,6.44228],[99.85572,6.44607],[99.85464,6.4483],[99.85838,6.45144],[99.85626,6.45523],[99.85064,6.45703],[99.85183,6.45835],[99.85096,6.46022],[99.8547,6.45947],[99.85328,6.4601],[99.8535,6.46161],[99.84726,6.46573],[99.8481,6.46933],[99.84598,6.46899],[99.84397,6.47061],[99.84218,6.46939],[99.83501,6.47319],[99.83503,6.46979],[99.83354,6.46978],[99.83036,6.47471],[99.8268,6.4771],[99.82501,6.47754],[99.82365,6.47575],[99.82082,6.46828],[99.81861,6.4678],[99.81867,6.46489],[99.82144,6.46382],[99.82129,6.46771],[99.8236,6.46941],[99.82602,6.46688],[99.82474,6.46558],[99.82624,6.46302],[99.82856,6.46166],[99.82946,6.46253],[99.83167,6.46066],[99.83228,6.46226],[99.83526,6.46138],[99.83552,6.45917],[99.83884,6.46143],[99.84074,6.4604],[99.84083,6.4619],[99.84325,6.45568],[99.84261,6.45377],[99.84545,6.45061],[99.8455,6.44472],[99.84021,6.45026],[99.83422,6.45201],[99.82818,6.46065],[99.81861,6.45225],[99.81586,6.45248],[99.81436,6.45562],[99.81238,6.45535],[99.80593,6.44764],[99.79264,6.42471],[99.78296,6.42178],[99.77386,6.42164],[99.77218,6.42405],[99.7708,6.42321],[99.77214,6.42528],[99.7709,6.42715],[99.76786,6.42893],[99.76848,6.42721],[99.76695,6.42559],[99.76418,6.42646],[99.76341,6.43052],[99.76479,6.43069],[99.7617,6.43132],[99.76314,6.43059],[99.76431,6.42457],[99.75753,6.42247],[99.75547,6.42506],[99.75523,6.42269],[99.75459,6.42493],[99.75032,6.42502],[99.74914,6.42725],[99.75041,6.42922],[99.74814,6.4294],[99.74734,6.43084],[99.74561,6.42675],[99.73959,6.42611],[99.74001,6.4244],[99.73844,6.42249],[99.73948,6.4201],[99.73327,6.40927],[99.73123,6.41595],[99.72644,6.41596],[99.72876,6.4187],[99.72909,6.42699],[99.73364,6.4303],[99.73207,6.43225],[99.7263,6.43073],[99.72042,6.43355],[99.70826,6.43514],[99.70448,6.43692],[99.68899,6.43283],[99.68624,6.43339],[99.68546,6.43503],[99.68204,6.43367],[99.67743,6.43649],[99.67736,6.43512],[99.67544,6.43457],[99.67557,6.43085],[99.67357,6.42801],[99.66745,6.42581],[99.6633,6.43021],[99.66286,6.43424],[99.65953,6.4317],[99.65574,6.4329],[99.65409,6.43608],[99.64954,6.4381],[99.6426,6.43703],[99.6405,6.43411]]],[[[100.9984,5.77961],[100.99555,5.7854],[100.99251,5.78291],[100.98946,5.78393],[100.98881,5.79644],[100.98714,5.80117],[100.98458,5.80295],[100.98418,5.80897],[100.992,5.81176],[100.99649,5.81705],[100.99928,5.81822],[100.99953,5.82291],[101.00232,5.82466],[101.00163,5.82882],[101.00681,5.83168],[101.00914,5.83673],[101.01192,5.83749],[101.00607,5.85166],[101.00993,5.85722],[101.01019,5.86855],[101.00899,5.87373],[101.01304,5.87456],[101.0143,5.87686],[101.01421,5.88241],[101.01862,5.88575],[101.01929,5.89004],[101.02237,5.89142],[101.02526,5.89877],[101.02944,5.90183],[101.02881,5.90548],[101.02648,5.90675],[101.02711,5.90989],[101.02585,5.913],[101.02814,5.91476],[101.03265,5.91487],[101.03707,5.91804],[101.04447,5.91614],[101.04684,5.9128],[101.05307,5.91028],[101.05534,5.91151],[101.05612,5.91617],[101.06016,5.91603],[101.06157,5.91946],[101.06343,5.91974],[101.07071,5.91739],[101.07505,5.91827],[101.07979,5.9154],[101.08502,5.90915],[101.0868,5.9109],[101.08699,5.91686],[101.0894,5.92032],[101.08751,5.92314],[101.0877,5.92588],[101.0915,5.92575],[101.09221,5.93304],[101.09657,5.93686],[101.09968,5.94227],[101.09513,5.9505],[101.1015,5.95145],[101.10928,5.95934],[101.11163,5.95755],[101.11335,5.95955],[101.11509,5.96765],[101.11872,5.9701],[101.11949,5.97414],[101.12444,5.977],[101.12356,5.98164],[101.11589,5.98452],[101.11396,5.98651],[101.11482,5.98852],[101.11025,5.98859],[101.10697,5.99036],[101.10622,6.00031],[101.10876,6.00249],[101.10872,6.0055],[101.11304,6.00894],[101.11105,6.01027],[101.10811,6.01685],[101.11126,6.01982],[101.10814,6.02902],[101.11252,6.03162],[101.11441,6.03908],[101.10639,6.04509],[101.1055,6.04838],[101.10286,6.04819],[101.10033,6.05024],[101.1054,6.06062],[101.10471,6.06274],[101.11105,6.06644],[101.11037,6.07355],[101.11201,6.07554],[101.1115,6.07719],[101.11547,6.07984],[101.11708,6.08592],[101.11509,6.09265],[101.12099,6.09518],[101.12698,6.09534],[101.12794,6.09784],[101.12664,6.10691],[101.12397,6.10818],[101.12431,6.11001],[101.11907,6.1145],[101.11437,6.11302],[101.10588,6.11343],[101.10811,6.11757],[101.1056,6.12355],[101.1018,6.12345],[101.09985,6.12662],[101.09464,6.12873],[101.08944,6.13449],[101.08666,6.1337],[101.07488,6.13541],[101.07152,6.14009],[101.06484,6.13996],[101.06337,6.14126],[101.06166,6.14021],[101.05868,6.14227],[101.06104,6.15074],[101.0644,6.15138],[101.07101,6.15916],[101.07639,6.16048],[101.07543,6.17079],[101.08533,6.17427],[101.08577,6.17867],[101.0932,6.17588],[101.09653,6.17962],[101.10067,6.17826],[101.10814,6.1794],[101.11153,6.18243],[101.11729,6.18442],[101.12386,6.19141],[101.12667,6.19264],[101.12366,6.20011],[101.11544,6.20406],[101.11907,6.21228],[101.1154,6.21693],[101.11616,6.22051],[101.11314,6.22253],[101.11348,6.22651],[101.11064,6.22797],[101.11044,6.23202],[101.10519,6.23796],[101.10944,6.24644],[101.11143,6.2477],[101.11241,6.25165],[101.10816,6.25157],[101.1028,6.25384],[101.10054,6.25706],[101.09494,6.26044],[101.08208,6.25955],[101.07492,6.25544],[101.07223,6.25795],[101.06692,6.25581],[101.06402,6.25936],[101.06097,6.25736],[101.05998,6.25362],[101.05394,6.25503],[101.04945,6.25416],[101.04447,6.24978],[101.0421,6.24862],[101.04031,6.24954],[101.03163,6.24426],[101.02805,6.24458],[101.02685,6.24726],[101.0214,6.24967],[101.01967,6.24656],[101.01528,6.24667],[101.01249,6.24878],[101.01017,6.25584],[101.00783,6.25587],[101.00334,6.2605],[101.00112,6.2599],[100.99728,6.26264],[100.9937,6.26326],[100.99253,6.26591],[100.98969,6.26637],[100.98453,6.27608],[100.98441,6.27874],[100.97617,6.27971],[100.97183,6.28288],[100.96899,6.28315],[100.96691,6.28217],[100.96837,6.27887],[100.96782,6.27497],[100.96562,6.27232],[100.96011,6.27108],[100.95911,6.26864],[100.95612,6.2691],[100.95495,6.26558],[100.94704,6.26399],[100.94601,6.25698],[100.94759,6.2523],[100.94484,6.24905],[100.94466,6.24329],[100.9303,6.24331],[100.92227,6.24507],[100.9174,6.24816],[100.91268,6.24491],[100.91145,6.24169],[100.90729,6.24026],[100.90744,6.23736],[100.90374,6.2336],[100.89893,6.23465],[100.89281,6.23969],[100.89213,6.24929],[100.88607,6.24994],[100.88486,6.25454],[100.88061,6.25465],[100.87762,6.25668],[100.87595,6.2582],[100.87505,6.26339],[100.87235,6.26456],[100.87077,6.26383],[100.87071,6.26071],[100.86945,6.25987],[100.86992,6.25297],[100.8659,6.24561],[100.87036,6.24042],[100.86018,6.23547],[100.85757,6.23254],[100.85368,6.23189],[100.85104,6.2343],[100.84658,6.24678],[100.84409,6.24984],[100.84427,6.25484],[100.84644,6.25717],[100.84427,6.26077],[100.84515,6.26293],[100.83911,6.27665],[100.83861,6.28217],[100.83536,6.28547],[100.83471,6.28883],[100.83665,6.29097],[100.83515,6.29654],[100.83764,6.30011],[100.84131,6.30041],[100.84277,6.30793],[100.84752,6.30956],[100.84992,6.30872],[100.84913,6.31465],[100.8404,6.3226],[100.84069,6.32723],[100.83559,6.33895],[100.83078,6.34639],[100.82873,6.34744],[100.82776,6.35229],[100.82181,6.35648],[100.82266,6.36257],[100.82073,6.36836],[100.82216,6.37072],[100.82117,6.37434],[100.82407,6.38038],[100.82428,6.38441],[100.8226,6.38582],[100.82126,6.39916],[100.82152,6.40192],[100.82398,6.40406],[100.82392,6.40687],[100.82061,6.41759],[100.81601,6.42332],[100.81674,6.42706],[100.8141,6.43068],[100.81542,6.43296],[100.81299,6.43631],[100.81258,6.44219],[100.81053,6.44451],[100.80771,6.44381],[100.80352,6.446],[100.79153,6.44833],[100.78728,6.4545],[100.78177,6.45452],[100.78239,6.45642],[100.7765,6.46305],[100.7726,6.45769],[100.76896,6.45531],[100.75944,6.45723],[100.75774,6.45574],[100.75615,6.45747],[100.75316,6.4578],[100.7437,6.47087],[100.74374,6.47959],[100.74269,6.484],[100.73999,6.48648],[100.73907,6.49134],[100.7422,6.49516],[100.74362,6.50037],[100.74188,6.50127],[100.74111,6.50691],[100.73864,6.51035],[100.73439,6.5103],[100.73317,6.50558],[100.73036,6.50535],[100.73159,6.50234],[100.72933,6.50077],[100.73084,6.49738],[100.72933,6.49515],[100.72344,6.49522],[100.72024,6.49084],[100.71889,6.48554],[100.71222,6.48177],[100.70939,6.47087],[100.70305,6.46995],[100.69858,6.47141],[100.69715,6.46973],[100.69755,6.46605],[100.69375,6.4643],[100.6926,6.46538],[100.68647,6.4649],[100.68658,6.46189],[100.68392,6.4567],[100.68474,6.45366],[100.6791,6.45407],[100.67247,6.45189],[100.66214,6.45099],[100.65206,6.44258],[100.65039,6.44575],[100.64657,6.44632],[100.64565,6.44864],[100.64256,6.45001],[100.64599,6.45331],[100.64632,6.4584],[100.62625,6.45777],[100.61784,6.45983],[100.61401,6.46213],[100.61383,6.46584],[100.6092,6.46921],[100.60809,6.47208],[100.60455,6.47177],[100.60397,6.46921],[100.60226,6.46836],[100.5985,6.47478],[100.5952,6.47738],[100.58916,6.47918],[100.58495,6.47771],[100.57316,6.4826],[100.56252,6.49596],[100.558,6.49269],[100.55281,6.49144],[100.54835,6.48447],[100.54211,6.49118],[100.5369,6.48684],[100.532,6.48983],[100.5255,6.48733],[100.52398,6.4904],[100.51882,6.48856],[100.51518,6.49324],[100.51161,6.49227],[100.50795,6.50055],[100.50557,6.49866],[100.5019,6.49954],[100.49967,6.50677],[100.49735,6.50529],[100.49382,6.50864],[100.49273,6.51664],[100.49577,6.51811],[100.4962,6.52128],[100.49021,6.52547],[100.48672,6.52241],[100.48207,6.52409],[100.48025,6.52285],[100.47701,6.52396],[100.47047,6.52042],[100.46734,6.52163],[100.46736,6.52461],[100.46236,6.5252],[100.46024,6.53115],[100.45675,6.53184],[100.45368,6.52677],[100.44642,6.52606],[100.4433,6.52745],[100.44178,6.52609],[100.43951,6.52706],[100.43436,6.52318],[100.43176,6.52248],[100.43075,6.52382],[100.4285,6.52275],[100.42354,6.51753],[100.42072,6.51789],[100.41764,6.51899],[100.41608,6.52333],[100.41122,6.52269],[100.40815,6.52877],[100.40301,6.52987],[100.40212,6.53635],[100.39738,6.5339],[100.3882,6.53495],[100.38706,6.53895],[100.38423,6.53847],[100.38215,6.54162],[100.37284,6.54504],[100.36895,6.5391],[100.37185,6.53739],[100.37815,6.51704],[100.37345,6.50368],[100.37302,6.47908],[100.36619,6.45172],[100.32564,6.42945],[100.30771,6.40718],[100.29753,6.39838],[100.29747,6.39318],[100.2106,6.29719],[100.21046,6.27141],[100.2003,6.25487],[100.19511,6.25181],[100.19565,6.24958],[100.19948,6.24645],[100.20118,6.24703],[100.21183,6.24161],[100.23562,6.22048],[100.2348,6.21938],[100.23725,6.21593],[100.2408,6.21415],[100.26365,6.17486],[100.27687,6.13782],[100.27921,6.1125],[100.2852,6.10394],[100.28467,6.09848],[100.2861,6.09462],[100.28862,6.09064],[100.30019,6.08128],[100.31107,6.06991],[100.32691,6.04553],[100.33746,6.0164],[100.3473,5.97844],[100.35022,5.9735],[100.34934,5.96844],[100.35401,5.94182],[100.35792,5.89325],[100.35675,5.8795],[100.35414,5.87883],[100.35654,5.87874],[100.36074,5.86819],[100.36184,5.85362],[100.36384,5.8498],[100.36858,5.81369],[100.36709,5.79983],[100.36742,5.77786],[100.36544,5.76435],[100.36151,5.75197],[100.36019,5.75014],[100.35777,5.75014],[100.3583,5.7483],[100.36124,5.74788],[100.36262,5.74575],[100.36218,5.73898],[100.35189,5.70948],[100.35116,5.70276],[100.35388,5.69407],[100.35736,5.68821],[100.36497,5.67981],[100.37151,5.67876],[100.3735,5.67532],[100.37357,5.67083],[100.37057,5.67024],[100.36452,5.66495],[100.36171,5.66584],[100.35713,5.66412],[100.35334,5.66543],[100.35102,5.66898],[100.34622,5.67019],[100.34352,5.67349],[100.34199,5.67256],[100.33887,5.66294],[100.33619,5.66107],[100.3323,5.66166],[100.33366,5.65618],[100.33131,5.65536],[100.33103,5.65387],[100.33509,5.65483],[100.33901,5.6523],[100.34076,5.63589],[100.34136,5.61172],[100.33889,5.57935],[100.33992,5.5771],[100.36344,5.57348],[100.36814,5.57738],[100.36924,5.58489],[100.37187,5.58568],[100.37596,5.57991],[100.37846,5.57948],[100.38251,5.58481],[100.3839,5.58485],[100.38628,5.58289],[100.38723,5.57792],[100.39417,5.57935],[100.40144,5.5757],[100.40515,5.57353],[100.40985,5.56652],[100.42424,5.56247],[100.43038,5.56573],[100.43164,5.56579],[100.43454,5.56074],[100.43653,5.56484],[100.44352,5.56731],[100.44593,5.56592],[100.447,5.56146],[100.44912,5.56108],[100.45066,5.56704],[100.45228,5.56798],[100.45956,5.56377],[100.46375,5.56591],[100.46869,5.56577],[100.47283,5.56213],[100.47958,5.56478],[100.48246,5.56397],[100.48595,5.56053],[100.48668,5.56882],[100.49092,5.56713],[100.50471,5.56706],[100.50637,5.56563],[100.50778,5.55938],[100.51551,5.56068],[100.51965,5.55862],[100.52258,5.55928],[100.52406,5.55851],[100.52353,5.55437],[100.52341,5.55236],[100.52586,5.54946],[100.52847,5.5548],[100.52854,5.54117],[100.52382,5.36385],[100.53788,5.24978],[100.54513,5.21315],[100.55062,5.14242],[100.54346,5.13867],[100.5378,5.13806],[100.51424,5.14438],[100.50694,5.145],[100.49943,5.14304],[100.49903,5.14291],[100.49857,5.14262],[100.49693,5.14145],[100.49566,5.13995],[100.4941,5.13734],[100.49257,5.1335],[100.49254,5.13294],[100.49252,5.13254],[100.49257,5.13171],[100.49271,5.13125],[100.49308,5.13068],[100.49587,5.12886],[100.49681,5.12776],[100.4981,5.12573],[100.4977,5.12007],[100.49914,5.11821],[100.50305,5.1181],[100.50386,5.12137],[100.50413,5.12366],[100.50587,5.12585],[100.50876,5.12633],[100.51615,5.11957],[100.51883,5.11689],[100.51868,5.1132],[100.51098,5.11026],[100.51289,5.09465],[100.52086,5.09616],[100.52345,5.09491],[100.52972,5.08751],[100.53542,5.08812],[100.53695,5.09396],[100.54095,5.09608],[100.54451,5.09337],[100.5439,5.0874],[100.54726,5.08619],[100.54536,5.08134],[100.54902,5.08028],[100.5511,5.07554],[100.55273,5.07674],[100.55218,5.0799],[100.55909,5.07877],[100.56211,5.08074],[100.56281,5.07866],[100.56274,5.08082],[100.56625,5.08176],[100.56492,5.08577],[100.5711,5.09231],[100.57411,5.09285],[100.57357,5.09441],[100.57637,5.09427],[100.57682,5.09557],[100.57972,5.09774],[100.58292,5.09782],[100.58415,5.09642],[100.58609,5.09672],[100.58222,5.10468],[100.58588,5.10516],[100.58658,5.10695],[100.5886,5.10624],[100.58729,5.10874],[100.58935,5.11011],[100.58922,5.11246],[100.59209,5.11367],[100.59056,5.11696],[100.59133,5.11913],[100.59005,5.11866],[100.58959,5.12029],[100.59264,5.12088],[100.59175,5.12242],[100.59323,5.12434],[100.59499,5.12375],[100.59612,5.12671],[100.59674,5.12385],[100.5984,5.12594],[100.60185,5.12502],[100.60366,5.12595],[100.60327,5.12892],[100.60519,5.12641],[100.60448,5.12789],[100.60618,5.13027],[100.60492,5.13135],[100.60776,5.13238],[100.60702,5.13447],[100.60956,5.13218],[100.61411,5.13384],[100.61853,5.13327],[100.61879,5.1376],[100.62162,5.13862],[100.62305,5.13758],[100.6224,5.14137],[100.62459,5.14043],[100.62565,5.14152],[100.62438,5.1437],[100.62707,5.14809],[100.62518,5.1485],[100.62545,5.15111],[100.62729,5.15043],[100.62706,5.15264],[100.62855,5.15418],[100.62784,5.15835],[100.62887,5.15853],[100.62839,5.16059],[100.62969,5.16503],[100.63317,5.16474],[100.6351,5.16772],[100.63841,5.16791],[100.64094,5.16994],[100.64245,5.17375],[100.64608,5.17281],[100.64711,5.1748],[100.64903,5.17484],[100.65,5.17843],[100.65195,5.1798],[100.65133,5.18361],[100.65358,5.18355],[100.65478,5.18123],[100.65826,5.18113],[100.66044,5.18278],[100.66203,5.19012],[100.66388,5.18999],[100.66417,5.19344],[100.66445,5.19445],[100.667,5.1981],[100.66981,5.19829],[100.6715,5.20411],[100.67597,5.20945],[100.67677,5.21392],[100.67899,5.21532],[100.678,5.2179],[100.68097,5.21844],[100.68155,5.2202],[100.68537,5.22159],[100.68629,5.22348],[100.68466,5.22747],[100.68795,5.22943],[100.68677,5.23039],[100.69041,5.23498],[100.68852,5.23731],[100.68985,5.23786],[100.69045,5.24366],[100.69137,5.24319],[100.69182,5.24617],[100.69433,5.2487],[100.69749,5.24827],[100.70094,5.25074],[100.70166,5.24984],[100.70352,5.25223],[100.7064,5.25443],[100.7077,5.25792],[100.70883,5.25717],[100.7095,5.25838],[100.71131,5.2565],[100.71196,5.25776],[100.71526,5.25665],[100.71873,5.26021],[100.72712,5.26363],[100.72814,5.26719],[100.7306,5.26791],[100.72937,5.26934],[100.73002,5.27255],[100.7278,5.27605],[100.72963,5.27638],[100.73013,5.27839],[100.7305,5.27941],[100.73089,5.28],[100.73074,5.28047],[100.73171,5.28149],[100.73021,5.2822],[100.73122,5.28374],[100.72994,5.28498],[100.73124,5.28546],[100.73195,5.29759],[100.73364,5.30064],[100.73305,5.3011],[100.73304,5.30275],[100.73578,5.30241],[100.73652,5.30545],[100.73836,5.30639],[100.73404,5.31196],[100.73718,5.31316],[100.73853,5.3128],[100.74767,5.31908],[100.75547,5.31909],[100.75885,5.31905],[100.75849,5.3179],[100.76035,5.31671],[100.76109,5.31536],[100.7637,5.31794],[100.76699,5.31739],[100.76741,5.319],[100.77031,5.31852],[100.77117,5.31973],[100.77283,5.31894],[100.7742,5.31886],[100.77394,5.31786],[100.77636,5.31611],[100.78219,5.31614],[100.78129,5.3133],[100.78661,5.31928],[100.78675,5.32342],[100.79234,5.32385],[100.79295,5.32131],[100.7958,5.31993],[100.79699,5.32234],[100.80037,5.32254],[100.80388,5.31876],[100.80487,5.32014],[100.80883,5.3192],[100.80857,5.32258],[100.81014,5.32316],[100.81276,5.32093],[100.81471,5.32427],[100.8174,5.32195],[100.81881,5.32348],[100.81796,5.32487],[100.81684,5.32526],[100.82143,5.33124],[100.83154,5.33947],[100.84228,5.34909],[100.85705,5.37621],[100.86633,5.40667],[100.87171,5.46358],[100.89281,5.50259],[100.90983,5.49595],[100.92555,5.50495],[100.93575,5.52005],[100.93528,5.52501],[100.93847,5.5266],[100.9359,5.5371],[100.94208,5.54722],[100.94187,5.55021],[100.9445,5.55425],[100.94643,5.58897],[100.92641,5.61018],[100.93115,5.62497],[100.94794,5.63054],[100.95246,5.6464],[100.97184,5.6524],[100.974,5.69033],[100.98369,5.7094],[100.98196,5.72718],[100.9656,5.74154],[100.95139,5.76275],[100.95935,5.77303],[100.99424,5.7771],[100.9984,5.77961]]]]}},{"type":"Feature","properties":{"state_code":"KTN","name":"Kelantan","region_group":"east_coast"},"geometry":{"type":"Polygon","coordinates":[[[101.69131,5.7551],[101.69052,5.74661],[101.69378,5.73347],[101.68819,5.72634],[101.69154,5.72179],[101.69305,5.71424],[101.69204,5.71152],[101.69538,5.70537],[101.69164,5.70165],[101.68941,5.69671],[101.67655,5.68785],[101.67605,5.68543],[101.67017,5.67979],[101.66572,5.67122],[101.66015,5.67153],[101.65843,5.66599],[101.65995,5.66296],[101.65722,5.64745],[101.65853,5.64292],[101.6637,5.63758],[101.66319,5.63345],[101.65752,5.62831],[101.6562,5.62468],[101.65681,5.61471],[101.65408,5.61269],[101.65448,5.61078],[101.65712,5.61088],[101.66613,5.60453],[101.67564,5.60292],[101.67888,5.59436],[101.68161,5.59506],[101.68657,5.59083],[101.68657,5.58559],[101.68091,5.58156],[101.6808,5.57874],[101.67797,5.57481],[101.67989,5.57209],[101.67949,5.56473],[101.67362,5.56171],[101.6726,5.55395],[101.67473,5.55274],[101.67088,5.5468],[101.66542,5.54529],[101.66562,5.53833],[101.66349,5.53813],[101.664,5.5337],[101.65499,5.52654],[101.66602,5.51153],[101.6721,5.51667],[101.68212,5.51506],[101.68313,5.51072],[101.69093,5.5078],[101.69194,5.50428],[101.69619,5.50417],[101.70115,5.51093],[101.71958,5.51738],[101.7215,5.51667],[101.72191,5.51193],[101.72515,5.50498],[101.73122,5.50236],[101.73426,5.50992],[101.74104,5.51334],[101.74529,5.51012],[101.74843,5.50196],[101.74833,5.47818],[101.74205,5.47284],[101.73567,5.46336],[101.73739,5.45923],[101.74043,5.45651],[101.74013,5.43323],[101.74418,5.42809],[101.74438,5.42073],[101.73824,5.39913],[101.74094,5.39665],[101.74023,5.39332],[101.74418,5.38959],[101.74347,5.38606],[101.75228,5.37901],[101.74762,5.37246],[101.74438,5.37074],[101.74317,5.36591],[101.73739,5.35784],[101.73142,5.35865],[101.72353,5.35623],[101.71948,5.35079],[101.71158,5.34968],[101.70571,5.34615],[101.70287,5.34081],[101.69609,5.33829],[101.68895,5.34071],[101.67843,5.34061],[101.67731,5.33587],[101.67346,5.33254],[101.6685,5.33224],[101.66861,5.33516],[101.66456,5.3399],[101.66061,5.34061],[101.65666,5.34403],[101.65565,5.34686],[101.64967,5.35038],[101.64239,5.34786],[101.64006,5.34504],[101.6357,5.34504],[101.63348,5.34726],[101.62943,5.34786],[101.62558,5.35411],[101.62092,5.35693],[101.61556,5.35341],[101.6104,5.35441],[101.60614,5.3523],[101.60483,5.34565],[101.60037,5.34131],[101.60037,5.33859],[101.59531,5.33869],[101.59238,5.33597],[101.58569,5.33748],[101.57962,5.33698],[101.57648,5.33506],[101.57446,5.33153],[101.57577,5.32821],[101.57334,5.31631],[101.5699,5.30785],[101.57385,5.30049],[101.57395,5.29756],[101.57102,5.29706],[101.57051,5.29454],[101.56585,5.29293],[101.56231,5.29656],[101.56028,5.29565],[101.55947,5.29212],[101.55644,5.2897],[101.5535,5.29061],[101.55198,5.28809],[101.54773,5.28638],[101.54682,5.27882],[101.54884,5.27488],[101.54662,5.27005],[101.54399,5.27166],[101.53943,5.26914],[101.53477,5.26994],[101.53224,5.27226],[101.53366,5.27498],[101.5288,5.27962],[101.52728,5.277],[101.52343,5.27821],[101.52141,5.2768],[101.52263,5.27115],[101.52009,5.26077],[101.52384,5.25926],[101.52252,5.25109],[101.51847,5.24595],[101.50957,5.2394],[101.51169,5.23668],[101.51159,5.23093],[101.51567,5.22125],[101.50878,5.21056],[101.5105,5.20653],[101.50544,5.2025],[101.50645,5.19917],[101.49542,5.19423],[101.49157,5.18818],[101.49339,5.18183],[101.48975,5.1786],[101.486,5.17981],[101.48671,5.17164],[101.49066,5.16721],[101.48236,5.16076],[101.48206,5.15118],[101.48712,5.14069],[101.48489,5.13414],[101.48499,5.13],[101.47872,5.11811],[101.47942,5.10843],[101.4854,5.09643],[101.47618,5.08705],[101.47274,5.08685],[101.46647,5.08312],[101.46282,5.07092],[101.46495,5.06759],[101.46414,5.06406],[101.45978,5.05649],[101.4614,5.05367],[101.45938,5.04913],[101.45938,5.045],[101.46181,5.04097],[101.44814,5.02039],[101.45229,5.01636],[101.4529,5.01343],[101.44956,5.01101],[101.44804,5.00486],[101.44521,5.00264],[101.44207,5.00416],[101.43954,5.00164],[101.43346,5.00184],[101.42456,4.99145],[101.42678,4.98479],[101.42628,4.98157],[101.428,4.97955],[101.4362,4.97531],[101.43711,4.97077],[101.44602,4.96835],[101.44592,4.96452],[101.44916,4.9619],[101.44986,4.95555],[101.44565,4.95115],[101.45452,4.93266],[101.45507,4.9172],[101.45117,4.90995],[101.45548,4.90039],[101.44725,4.89336],[101.44607,4.8879],[101.43804,4.88829],[101.43706,4.88283],[101.43922,4.87951],[101.43765,4.87619],[101.44568,4.87209],[101.44647,4.8678],[101.44196,4.86663],[101.43491,4.86897],[101.42629,4.86116],[101.42316,4.8637],[101.41826,4.86272],[101.41513,4.86526],[101.41101,4.86526],[101.4114,4.8596],[101.41395,4.85394],[101.40533,4.85433],[101.40298,4.85199],[101.40396,4.84906],[101.40083,4.8436],[101.40807,4.83501],[101.41238,4.82447],[101.41591,4.82154],[101.41336,4.81276],[101.41023,4.80573],[101.4069,4.8028],[101.40592,4.79753],[101.3973,4.78504],[101.3973,4.77274],[101.38633,4.77352],[101.38222,4.77157],[101.37458,4.77157],[101.38085,4.75869],[101.37948,4.75342],[101.38359,4.74912],[101.38868,4.73077],[101.38281,4.72414],[101.38065,4.71945],[101.37282,4.7177],[101.37086,4.72297],[101.36674,4.72492],[101.35675,4.7175],[101.35049,4.71809],[101.34755,4.72316],[101.34285,4.72082],[101.3405,4.71633],[101.34108,4.71145],[101.33398,4.70738],[101.33398,4.69564],[101.33633,4.69247],[101.34118,4.69067],[101.34409,4.68529],[101.34935,4.68363],[101.35129,4.67604],[101.35392,4.67232],[101.35822,4.67204],[101.36196,4.66472],[101.36279,4.6523],[101.36528,4.64747],[101.37055,4.64705],[101.37775,4.64167],[101.37082,4.63504],[101.3729,4.62593],[101.37567,4.62648],[101.38481,4.62193],[101.39811,4.62634],[101.40129,4.63049],[101.40406,4.63007],[101.40711,4.62621],[101.41127,4.62717],[101.41584,4.62276],[101.42553,4.61848],[101.43218,4.60688],[101.43855,4.6026],[101.44271,4.60163],[101.44631,4.58976],[101.44991,4.58783],[101.45517,4.5881],[101.45891,4.58672],[101.46404,4.58879],[101.46764,4.58576],[101.47636,4.58714],[101.47484,4.59349],[101.48066,4.61213],[101.48412,4.61392],[101.4873,4.61171],[101.49104,4.61392],[101.49465,4.61378],[101.50032,4.6211],[101.50129,4.62469],[101.50586,4.61958],[101.51584,4.62013],[101.51861,4.624],[101.52248,4.62386],[101.52359,4.61861],[101.52996,4.6171],[101.54215,4.60826],[101.54437,4.59804],[101.54894,4.58935],[101.55559,4.58879],[101.56265,4.59197],[101.57138,4.58769],[101.57789,4.57582],[101.58412,4.57582],[101.5844,4.5696],[101.58897,4.56546],[101.59109,4.56638],[101.59159,4.57057],[101.59849,4.57224],[101.60353,4.57157],[101.6074,4.57375],[101.61144,4.57342],[101.61531,4.56722],[101.61631,4.56185],[101.61934,4.55917],[101.62203,4.559],[101.62489,4.56018],[101.6254,4.56319],[101.63582,4.57157],[101.63969,4.57157],[101.64288,4.5694],[101.65028,4.56923],[101.65382,4.57258],[101.66088,4.57476],[101.66105,4.57761],[101.66643,4.58264],[101.66575,4.58649],[101.66727,4.59454],[101.66979,4.59705],[101.67147,4.6056],[101.67399,4.60661],[101.67652,4.6056],[101.69047,4.61264],[101.70073,4.61382],[101.70494,4.6165],[101.70981,4.617],[101.71099,4.62002],[101.71318,4.62136],[101.71654,4.61884],[101.71856,4.62169],[101.72428,4.62186],[101.72646,4.6232],[101.72394,4.62756],[101.72394,4.63292],[101.73033,4.63477],[101.73369,4.63292],[101.73369,4.63007],[101.73655,4.62924],[101.73874,4.62605],[101.74277,4.62438],[101.74563,4.62505],[101.74916,4.6222],[101.75337,4.62253],[101.75236,4.6279],[101.75421,4.62957],[101.75219,4.6346],[101.75572,4.63477],[101.75774,4.63728],[101.76329,4.6341],[101.76682,4.64901],[101.76548,4.65287],[101.76766,4.65672],[101.76766,4.66578],[101.77203,4.67114],[101.77237,4.68287],[101.76817,4.68924],[101.77103,4.70047],[101.76951,4.71002],[101.77119,4.71304],[101.77472,4.71337],[101.7754,4.71639],[101.77237,4.72058],[101.77506,4.72561],[101.77237,4.736],[101.77271,4.75326],[101.77456,4.75661],[101.77422,4.76047],[101.7796,4.77069],[101.79188,4.76734],[101.79608,4.76801],[101.79541,4.77287],[101.79995,4.77354],[101.8055,4.77119],[101.81138,4.77136],[101.8208,4.76114],[101.81845,4.7355],[101.8216,4.72944],[101.83051,4.72642],[101.83337,4.7333],[101.83993,4.73246],[101.84481,4.71603],[101.84363,4.71167],[101.84616,4.69691],[101.8512,4.69524],[101.85608,4.69893],[101.85692,4.70278],[101.86113,4.70412],[101.86365,4.69406],[101.86853,4.69021],[101.87812,4.68903],[101.88653,4.684],[101.88586,4.6773],[101.89141,4.67327],[101.88754,4.66757],[101.89074,4.66237],[101.88737,4.64661],[101.89108,4.6399],[101.89124,4.62716],[101.90083,4.62045],[101.91009,4.62045],[101.91076,4.63454],[101.91396,4.64426],[101.92203,4.65516],[101.92237,4.66221],[101.9254,4.66824],[101.93751,4.67025],[101.94289,4.68115],[101.94188,4.69373],[101.95113,4.7234],[101.94945,4.7395],[101.95231,4.74503],[101.9476,4.75811],[101.94861,4.76783],[101.96325,4.77588],[101.96291,4.77303],[101.96779,4.77052],[101.96829,4.76213],[101.98478,4.7509],[101.98243,4.75945],[101.98613,4.76096],[101.98495,4.768],[102.00009,4.7732],[101.99908,4.76347],[102.00261,4.76096],[102.00261,4.75878],[102.00699,4.75593],[102.00901,4.74889],[102.01557,4.74252],[102.01927,4.74352],[102.02196,4.75342],[102.02684,4.75224],[102.0329,4.74235],[102.03845,4.74218],[102.0408,4.73715],[102.04535,4.73732],[102.04753,4.73531],[102.05006,4.73732],[102.04888,4.74621],[102.05695,4.75425],[102.06082,4.74839],[102.0763,4.75543],[102.08438,4.76414],[102.08942,4.76448],[102.09262,4.76817],[102.11365,4.77253],[102.12542,4.74537],[102.12324,4.73145],[102.12963,4.7224],[102.14427,4.71552],[102.15318,4.7053],[102.1584,4.70295],[102.16176,4.69591],[102.16765,4.69306],[102.17236,4.68518],[102.17354,4.67696],[102.17068,4.6731],[102.17202,4.66975],[102.18094,4.66841],[102.18801,4.66153],[102.19474,4.64929],[102.20685,4.64611],[102.22115,4.63772],[102.23242,4.64393],[102.2267,4.65768],[102.23107,4.66187],[102.23763,4.66103],[102.24235,4.66271],[102.24773,4.6674],[102.26068,4.66807],[102.26842,4.6726],[102.2844,4.6669],[102.29467,4.65718],[102.31435,4.64728],[102.331,4.64829],[102.33218,4.65399],[102.33756,4.65265],[102.34076,4.65349],[102.34177,4.66371],[102.35203,4.67696],[102.35994,4.67981],[102.36196,4.68803],[102.36869,4.69557],[102.36852,4.70228],[102.36246,4.70513],[102.35893,4.71033],[102.35893,4.71502],[102.36516,4.7219],[102.37256,4.72122],[102.37693,4.72475],[102.38686,4.72391],[102.39914,4.72022],[102.40536,4.72642],[102.41411,4.72525],[102.42387,4.72072],[102.43598,4.72357],[102.44002,4.72173],[102.44473,4.7234],[102.45617,4.7172],[102.45432,4.71251],[102.48393,4.69172],[102.49739,4.67881],[102.50193,4.68115],[102.50883,4.67964],[102.51488,4.68652],[102.52077,4.6887],[102.52582,4.68769],[102.52565,4.69356],[102.52868,4.69708],[102.53305,4.69809],[102.54079,4.70899],[102.54129,4.71737],[102.54449,4.72039],[102.54971,4.72139],[102.56855,4.70111],[102.57225,4.70513],[102.57881,4.70647],[102.58369,4.70178],[102.58907,4.70144],[102.59277,4.69792],[102.59967,4.69825],[102.59917,4.70681],[102.60219,4.71066],[102.59933,4.72625],[102.59849,4.74118],[102.59059,4.74906],[102.59496,4.75375],[102.59361,4.75677],[102.59631,4.75928],[102.59614,4.7623],[102.59984,4.76867],[102.59967,4.77404],[102.59631,4.7794],[102.60405,4.78627],[102.60522,4.79231],[102.61649,4.78678],[102.62491,4.78594],[102.63214,4.77571],[102.64526,4.77504],[102.65233,4.77186],[102.66108,4.78376],[102.66326,4.79197],[102.65536,4.79969],[102.65552,4.81109],[102.64762,4.82349],[102.63988,4.825],[102.64139,4.83036],[102.64055,4.83355],[102.64913,4.85014],[102.64493,4.85869],[102.64089,4.85769],[102.63416,4.86087],[102.6313,4.86523],[102.62558,4.86305],[102.61919,4.86976],[102.61128,4.86875],[102.60623,4.87629],[102.60472,4.88199],[102.59849,4.88333],[102.59109,4.88082],[102.58857,4.88199],[102.58285,4.88635],[102.58302,4.89004],[102.57629,4.89892],[102.5736,4.89674],[102.56872,4.90412],[102.5598,4.90177],[102.55307,4.90932],[102.54045,4.91049],[102.53776,4.91434],[102.53322,4.91401],[102.52868,4.90596],[102.52363,4.90278],[102.51387,4.90864],[102.50126,4.91183],[102.50294,4.91636],[102.50748,4.91954],[102.50647,4.92339],[102.50983,4.92809],[102.50899,4.94518],[102.51101,4.94854],[102.5164,4.94904],[102.51707,4.95356],[102.51017,4.95759],[102.51,4.96144],[102.51825,4.96982],[102.50748,4.97803],[102.50462,4.98491],[102.50041,4.98809],[102.49554,4.99999],[102.49789,5.00854],[102.49537,5.01239],[102.49587,5.01524],[102.50546,5.01608],[102.51169,5.02077],[102.51068,5.02496],[102.51589,5.03317],[102.51269,5.03803],[102.51219,5.04222],[102.50529,5.04943],[102.50983,5.06065],[102.5026,5.06903],[102.5026,5.07641],[102.49688,5.08378],[102.50092,5.09166],[102.5058,5.09333],[102.5095,5.09065],[102.51455,5.09517],[102.51421,5.10339],[102.51993,5.10824],[102.52279,5.1126],[102.52313,5.11679],[102.51101,5.12751],[102.51169,5.13371],[102.50479,5.13338],[102.49469,5.14042],[102.48342,5.14092],[102.48224,5.15097],[102.47131,5.15985],[102.47081,5.16438],[102.46122,5.16605],[102.46172,5.17175],[102.45465,5.17476],[102.45028,5.17292],[102.44086,5.17393],[102.43262,5.18582],[102.42,5.18632],[102.41226,5.18431],[102.40856,5.18817],[102.41041,5.1947],[102.41394,5.19705],[102.41596,5.20191],[102.41579,5.20609],[102.41933,5.21129],[102.41848,5.22452],[102.4126,5.23257],[102.41075,5.24027],[102.41327,5.2458],[102.41125,5.26473],[102.41562,5.27612],[102.41209,5.28768],[102.41512,5.29137],[102.41108,5.29941],[102.41512,5.30276],[102.41764,5.32219],[102.4242,5.32453],[102.4269,5.3304],[102.42303,5.34413],[102.42589,5.3505],[102.4237,5.35519],[102.42538,5.36004],[102.43564,5.35904],[102.43817,5.37093],[102.43346,5.37646],[102.42572,5.37428],[102.4163,5.38868],[102.41731,5.39723],[102.40957,5.39438],[102.40503,5.40041],[102.39695,5.40141],[102.3951,5.40527],[102.39056,5.40778],[102.38803,5.41213],[102.38248,5.41397],[102.38147,5.43089],[102.39056,5.43005],[102.39863,5.44429],[102.39476,5.45869],[102.39729,5.46572],[102.39106,5.47376],[102.38585,5.47778],[102.38921,5.50106],[102.384,5.51245],[102.37912,5.51563],[102.3776,5.52082],[102.37828,5.52484],[102.38585,5.52551],[102.39527,5.53388],[102.39796,5.54125],[102.39594,5.5461],[102.39981,5.54778],[102.4025,5.5461],[102.40536,5.54728],[102.40217,5.5518],[102.402,5.55615],[102.39998,5.55983],[102.40065,5.56352],[102.39544,5.57323],[102.39661,5.57758],[102.39258,5.58495],[102.39224,5.60153],[102.3983,5.61442],[102.39426,5.62145],[102.38938,5.62178],[102.39073,5.62764],[102.38417,5.63434],[102.38669,5.64372],[102.38299,5.65326],[102.38349,5.66347],[102.38097,5.66766],[102.38265,5.67603],[102.37559,5.68507],[102.37727,5.69411],[102.38703,5.70013],[102.39426,5.69678],[102.40149,5.71252],[102.4131,5.7224],[102.42858,5.74617],[102.456,5.76542],[102.48494,5.79186],[102.51942,5.83036],[102.53264,5.84952],[102.50719,5.87185],[102.48271,5.89804],[102.46953,5.91886],[102.45017,5.95545],[102.37254,6.12926],[102.37015,6.12942],[102.34554,6.16856],[102.34005,6.16646],[102.33241,6.173],[102.32505,6.17605],[102.32174,6.17898],[102.31245,6.18039],[102.29305,6.1891],[102.28224,6.192],[102.2546,6.20684],[102.23749,6.21807],[102.19898,6.22766],[102.1845,6.22678],[102.17649,6.22135],[102.17134,6.21418],[102.1674,6.21324],[102.16056,6.21422],[102.14102,6.22046],[102.13386,6.21982],[102.11928,6.22395],[102.09133,6.24421],[102.09001,6.24236],[102.092,6.2382],[102.0906,6.23436],[102.08431,6.23015],[102.08029,6.22537],[102.08129,6.22012],[102.07923,6.21061],[102.08018,6.2021],[102.07763,6.19793],[102.07745,6.19179],[102.08066,6.18128],[102.07852,6.17089],[102.08254,6.17112],[102.08271,6.16836],[102.0858,6.16551],[102.08392,6.1616],[102.08454,6.15834],[102.08938,6.15847],[102.09153,6.1543],[102.09034,6.15069],[102.09325,6.14843],[102.09283,6.1456],[102.08741,6.14099],[102.08935,6.13848],[102.0868,6.1387],[102.08528,6.13631],[102.08288,6.13671],[102.08236,6.1296],[102.08032,6.12972],[102.07968,6.12729],[102.07742,6.12775],[102.07948,6.12563],[102.07823,6.12381],[102.07599,6.12455],[102.07608,6.12155],[102.0743,6.11948],[102.07567,6.11777],[102.07291,6.1184],[102.07475,6.1157],[102.07179,6.115],[102.07072,6.10922],[102.06853,6.10873],[102.06753,6.10999],[102.06703,6.10718],[102.06525,6.10738],[102.06134,6.10298],[102.06026,6.09879],[102.0612,6.09629],[102.05901,6.09685],[102.06131,6.09102],[102.05832,6.09124],[102.05715,6.08526],[102.0539,6.08004],[102.04359,6.0763],[102.04407,6.0744],[102.03923,6.07314],[102.03426,6.06941],[102.03192,6.07135],[102.02959,6.06555],[102.02245,6.06178],[102.02012,6.05243],[102.01598,6.05425],[102.01168,6.05141],[102.00345,6.05034],[102.00423,6.04443],[102.00087,6.04265],[101.99903,6.03971],[101.99097,6.04035],[101.98222,6.02876],[101.97804,6.03106],[101.97808,6.02745],[101.97583,6.02311],[101.97106,6.01929],[101.9722,6.01507],[101.97131,6.01083],[101.97281,6.00975],[101.97227,6.00553],[101.96846,6.00391],[101.96755,6.00101],[101.96502,6.0008],[101.96538,5.99853],[101.96327,5.99604],[101.9595,5.99719],[101.95835,5.99311],[101.95435,5.99563],[101.95402,5.99425],[101.956,5.99249],[101.95264,5.99088],[101.95196,5.98694],[101.95042,5.98759],[101.9506,5.9904],[101.94814,5.99083],[101.94925,5.98424],[101.94747,5.98331],[101.94625,5.98742],[101.94443,5.98262],[101.94291,5.98193],[101.94392,5.9774],[101.94557,5.97853],[101.94666,5.97712],[101.93979,5.97252],[101.94278,5.96567],[101.94128,5.95919],[101.94446,5.95799],[101.94431,5.9543],[101.93703,5.94799],[101.93514,5.94946],[101.92943,5.94874],[101.92948,5.94396],[101.93081,5.94561],[101.93232,5.94498],[101.93023,5.94279],[101.93201,5.94118],[101.9298,5.9398],[101.92904,5.93724],[101.93188,5.93646],[101.932,5.93547],[101.93043,5.93633],[101.92922,5.93511],[101.93125,5.9321],[101.92969,5.93084],[101.9281,5.92342],[101.92596,5.92489],[101.92327,5.9235],[101.9245,5.91995],[101.92141,5.91815],[101.92248,5.9166],[101.92133,5.91513],[101.92219,5.90994],[101.92442,5.91023],[101.92617,5.90835],[101.92694,5.9107],[101.93009,5.91005],[101.93063,5.90469],[101.93131,5.90651],[101.93323,5.90684],[101.93257,5.90465],[101.9347,5.90197],[101.93375,5.90003],[101.93582,5.89909],[101.93466,5.89747],[101.93895,5.8917],[101.93683,5.88782],[101.94086,5.88919],[101.9391,5.88768],[101.94114,5.8848],[101.93955,5.87891],[101.94188,5.87708],[101.94399,5.87199],[101.94069,5.87067],[101.94183,5.86771],[101.93798,5.86116],[101.93652,5.86345],[101.93082,5.86135],[101.92726,5.85523],[101.92988,5.85322],[101.92622,5.84942],[101.9235,5.84929],[101.92059,5.84546],[101.91706,5.84564],[101.91716,5.84274],[101.90565,5.84086],[101.89976,5.84415],[101.8973,5.84252],[101.89576,5.84568],[101.89176,5.83794],[101.88924,5.83734],[101.88688,5.83901],[101.8843,5.83773],[101.88497,5.83506],[101.88048,5.83265],[101.87671,5.81994],[101.87991,5.81615],[101.87874,5.81396],[101.88065,5.81269],[101.88098,5.81018],[101.87839,5.81057],[101.8789,5.80967],[101.87631,5.80783],[101.87694,5.80593],[101.87548,5.80665],[101.87591,5.80515],[101.87366,5.80324],[101.86988,5.80465],[101.86791,5.80197],[101.86674,5.80359],[101.86412,5.80305],[101.86094,5.8],[101.8634,5.79846],[101.86366,5.79448],[101.86698,5.79284],[101.86643,5.79068],[101.85787,5.79199],[101.85716,5.79423],[101.85562,5.79125],[101.844,5.79029],[101.84382,5.78886],[101.84271,5.79102],[101.84082,5.78993],[101.83996,5.7911],[101.83642,5.78934],[101.83529,5.78651],[101.83626,5.78592],[101.82721,5.77149],[101.82198,5.7592],[101.81938,5.75769],[101.81866,5.75549],[101.81958,5.75346],[101.82291,5.7538],[101.82461,5.75148],[101.82473,5.74321],[101.82686,5.73804],[101.82647,5.73491],[101.82438,5.73311],[101.81595,5.73317],[101.81218,5.74094],[101.80931,5.74344],[101.8038,5.74461],[101.79894,5.75052],[101.79312,5.75064],[101.78971,5.75345],[101.77542,5.76903],[101.77416,5.77345],[101.7766,5.78113],[101.77614,5.78447],[101.76918,5.789],[101.76574,5.78961],[101.761,5.79524],[101.75406,5.797],[101.74985,5.79528],[101.74834,5.79293],[101.7468,5.79445],[101.74469,5.79404],[101.74466,5.79082],[101.73923,5.78246],[101.72715,5.78538],[101.72584,5.78224],[101.72262,5.78031],[101.72073,5.78763],[101.71807,5.78781],[101.71755,5.77565],[101.71442,5.76344],[101.71055,5.76275],[101.7077,5.75586],[101.70322,5.75328],[101.69908,5.75251],[101.69131,5.7551]]]}},{"type":"Feature","properties":{"state_code":"KUL","name":"Kuala Lumpur","region_group":"central"},"geometry":{"type":"Polygon","coordinates":[[[101.62807,3.13801],[101.6296,3.13681],[101.6295,3.13059],[101.63487,3.13235],[101.64377,3.12778],[101.64705,3.12822],[101.64811,3.12507],[101.64341,3.11923],[101.64921,3.11775],[101.65267,3.11014],[101.65969,3.11459],[101.66039,3.09995],[101.66003,3.09192],[101.66381,3.08585],[101.65985,3.08449],[101.65928,3.07982],[101.65461,3.07834],[101.64642,3.07166],[101.65066,3.07015],[101.65142,3.06645],[101.64844,3.0634],[101.64958,3.06002],[101.64798,3.05901],[101.64891,3.05752],[101.65245,3.059],[101.65314,3.05736],[101.65919,3.0587],[101.6593,3.05091],[101.6629,3.04624],[101.6687,3.04538],[101.66851,3.04055],[101.67124,3.0421],[101.6804,3.04236],[101.68677,3.0456],[101.69015,3.04369],[101.69511,3.04443],[101.69927,3.04563],[101.69859,3.04842],[101.70151,3.04904],[101.70658,3.04959],[101.70689,3.04613],[101.71045,3.05319],[101.71408,3.05416],[101.71542,3.05352],[101.71668,3.04757],[101.71993,3.04731],[101.72155,3.04069],[101.72435,3.04011],[101.7248,3.03797],[101.72233,3.03673],[101.72305,3.03355],[101.72786,3.03732],[101.73091,3.03641],[101.73091,3.05555],[101.74994,3.05555],[101.75007,3.07384],[101.7489,3.07429],[101.74981,3.07689],[101.7476,3.07676],[101.74527,3.08461],[101.75183,3.09265],[101.7528,3.09752],[101.75053,3.10147],[101.75365,3.10361],[101.75306,3.10679],[101.7454,3.11172],[101.7413,3.11016],[101.73935,3.11211],[101.73844,3.11613],[101.74117,3.1243],[101.73805,3.13202],[101.73507,3.13566],[101.74046,3.14325],[101.73909,3.14506],[101.74221,3.14792],[101.74085,3.1507],[101.74676,3.14973],[101.74708,3.1533],[101.75059,3.15719],[101.74864,3.15855],[101.75072,3.16076],[101.749,3.16193],[101.74071,3.16226],[101.73789,3.16475],[101.73555,3.16481],[101.7349,3.17172],[101.73149,3.17289],[101.73156,3.17399],[101.73386,3.17824],[101.73773,3.17814],[101.74348,3.17555],[101.74994,3.17516],[101.75615,3.18074],[101.75683,3.18443],[101.75563,3.18473],[101.75816,3.18554],[101.7592,3.18794],[101.75689,3.19705],[101.75345,3.19994],[101.75101,3.2],[101.75053,3.20227],[101.74829,3.20237],[101.74639,3.20952],[101.73916,3.21521],[101.73988,3.22314],[101.74399,3.22859],[101.7403,3.23322],[101.739,3.23331],[101.73949,3.23143],[101.73193,3.23159],[101.72997,3.2329],[101.72508,3.22802],[101.72394,3.22868],[101.72399,3.22692],[101.71876,3.22176],[101.71851,3.21819],[101.7151,3.21595],[101.71714,3.21459],[101.71471,3.21222],[101.71016,3.21598],[101.70857,3.21475],[101.70724,3.21588],[101.70324,3.21527],[101.70184,3.21725],[101.70149,3.22299],[101.69713,3.22328],[101.69681,3.22795],[101.67209,3.22772],[101.67342,3.23216],[101.66598,3.24319],[101.66358,3.24433],[101.66111,3.24254],[101.66114,3.2406],[101.65926,3.24141],[101.6578,3.24131],[101.65734,3.23602],[101.6541,3.23687],[101.65406,3.23434],[101.6462,3.23359],[101.64607,3.23216],[101.6374,3.2321],[101.63808,3.22801],[101.63555,3.22811],[101.63571,3.22681],[101.63922,3.22156],[101.6362,3.21559],[101.63458,3.21618],[101.62517,3.19954],[101.62303,3.19785],[101.61912,3.19791],[101.6193,3.17807],[101.61527,3.15868],[101.61518,3.15287],[101.61923,3.14582],[101.62332,3.1413],[101.62616,3.14094],[101.62807,3.13801]]]}},{"type":"Feature","properties":{"state_code":"LBN","name":"Labuan","region_group":"east_malaysia"},"geometry":{"type":"MultiPolygon","coordinates":[[[[115.1315,5.21699],[115.13707,5.2191],[115.1469,5.21671],[115.13968,5.21992],[115.13767,5.22444],[115.13857,5.22664],[115.13544,5.22917],[115.12862,5.22895],[115.1234,5.23141],[115.12257,5.2339],[115.12107,5.22936],[115.1257,5.22726],[115.1315,5.21699]]],[[[115.3126,5.28038],[115.30635,5.27061],[115.3069,5.26782],[115.31745,5.26751],[115.32672,5.26345],[115.32573,5.26722],[115.32778,5.27443],[115.32698,5.27226],[115.32507,5.27447],[115.32466,5.27278],[115.32316,5.27299],[115.32103,5.27796],[115.32273,5.27739],[115.32298,5.27447],[115.32472,5.27626],[115.32672,5.27411],[115.32915,5.2773],[115.32293,5.27806],[115.31566,5.28181],[115.3126,5.28038]]],[[[115.19135,5.33109],[115.1862,5.32365],[115.18523,5.31814],[115.18358,5.31651],[115.18498,5.31605],[115.17839,5.30766],[115.174,5.2989],[115.172,5.29248],[115.17231,5.28057],[115.16761,5.27327],[115.16683,5.26821],[115.16265,5.26425],[115.15734,5.25577],[115.15728,5.25092],[115.16518,5.24816],[115.16867,5.25029],[115.17194,5.2527],[115.17254,5.25502],[115.17525,5.25572],[115.17262,5.25811],[115.1787,5.26192],[115.18218,5.26071],[115.1958,5.2776],[115.1988,5.27829],[115.2013,5.27668],[115.20544,5.2792],[115.20843,5.27967],[115.21062,5.27782],[115.21399,5.27965],[115.21539,5.27628],[115.21859,5.27622],[115.22105,5.27374],[115.22466,5.26195],[115.22405,5.26022],[115.22851,5.25627],[115.2265,5.2542],[115.23015,5.25032],[115.23598,5.24908],[115.24111,5.24161],[115.24644,5.25333],[115.24632,5.25721],[115.23886,5.26028],[115.23645,5.26665],[115.23768,5.2685],[115.23978,5.2676],[115.2349,5.278],[115.23436,5.28498],[115.23579,5.2867],[115.24022,5.28478],[115.23834,5.28245],[115.23866,5.27937],[115.24357,5.275],[115.25231,5.27193],[115.25969,5.27646],[115.26248,5.28338],[115.26961,5.28888],[115.26463,5.29418],[115.26498,5.29692],[115.26257,5.29965],[115.26086,5.30546],[115.25055,5.32254],[115.24987,5.32932],[115.24815,5.3324],[115.24953,5.33289],[115.2495,5.33532],[115.24399,5.35223],[115.24403,5.36768],[115.24694,5.37047],[115.24715,5.3756],[115.25126,5.38085],[115.25605,5.38135],[115.25742,5.38442],[115.25245,5.38921],[115.25204,5.39318],[115.24215,5.38682],[115.23683,5.3875],[115.23097,5.38339],[115.22773,5.37673],[115.21005,5.35947],[115.20661,5.35195],[115.19799,5.34729],[115.19964,5.34629],[115.19876,5.34386],[115.19516,5.33829],[115.19442,5.33435],[115.19135,5.33109]]]]}},{"type":"Feature","properties":{"state_code":"MLK","name":"Melaka","region_group":"southern"},"geometry":{"type":"MultiPolygon","coordinates":[[[[102.31921,2.11145],[102.32427,2.10955],[102.32533,2.10386],[102.32722,2.10259],[102.3302,2.10848],[102.33448,2.11172],[102.33524,2.11601],[102.32854,2.11538],[102.32487,2.11746],[102.31921,2.11145]]],[[[102.59291,2.4104],[102.58791,2.41627],[102.5679,2.41786],[102.51006,2.43762],[102.43506,2.45669],[102.43634,2.46701],[102.36826,2.48937],[102.36429,2.48975],[102.31716,2.4789],[102.27959,2.45828],[102.23131,2.46635],[102.22836,2.46788],[102.22455,2.47293],[102.21328,2.4789],[102.21144,2.48164],[102.20619,2.48019],[102.20581,2.48245],[102.19582,2.48624],[102.19208,2.49255],[102.17884,2.49808],[102.14186,2.45707],[102.12203,2.46193],[102.08946,2.4474],[102.08893,2.44562],[102.08509,2.45286],[102.08147,2.45456],[102.07737,2.45451],[102.06984,2.45766],[102.06227,2.455],[102.06098,2.45189],[102.06236,2.44836],[102.06012,2.44348],[102.06184,2.44198],[102.06494,2.44332],[102.06526,2.44217],[102.0609,2.43455],[102.05406,2.43481],[102.05111,2.43304],[102.04921,2.42687],[102.05135,2.4216],[102.04713,2.4194],[102.04561,2.42073],[102.04105,2.42064],[102.03495,2.42578],[102.03483,2.43287],[102.03253,2.43423],[102.02836,2.43348],[102.02607,2.42569],[102.01929,2.41938],[102.01304,2.41014],[102.00086,2.40544],[101.99338,2.39969],[101.98461,2.39836],[101.97816,2.39083],[101.97614,2.38993],[101.97342,2.39107],[101.97011,2.38733],[101.97124,2.37739],[101.97402,2.37185],[101.98795,2.36926],[101.99601,2.36526],[101.9967,2.36752],[101.9991,2.36874],[102.01162,2.36663],[102.02379,2.36112],[102.03914,2.34867],[102.04437,2.34585],[102.05162,2.34442],[102.05751,2.34025],[102.0645,2.33157],[102.06966,2.32219],[102.07858,2.29536],[102.08134,2.29487],[102.08379,2.29204],[102.08843,2.29127],[102.09266,2.28318],[102.09608,2.28122],[102.10215,2.27168],[102.10494,2.27462],[102.11018,2.27407],[102.12263,2.2663],[102.14034,2.24371],[102.15438,2.21676],[102.16479,2.21666],[102.16495,2.21907],[102.17169,2.22073],[102.1858,2.21889],[102.18684,2.21529],[102.18943,2.2168],[102.19362,2.21543],[102.18865,2.21211],[102.18956,2.20979],[102.18635,2.20704],[102.1895,2.20014],[102.19402,2.20401],[102.2016,2.20428],[102.20613,2.19975],[102.20717,2.20214],[102.20871,2.20187],[102.20772,2.19948],[102.21092,2.19702],[102.21457,2.19665],[102.21734,2.19971],[102.21873,2.1988],[102.22176,2.19518],[102.2199,2.1918],[102.22349,2.18856],[102.22885,2.18918],[102.2273,2.19193],[102.2299,2.19531],[102.23123,2.19497],[102.23121,2.19123],[102.23538,2.19196],[102.24075,2.18743],[102.24408,2.18765],[102.24447,2.18509],[102.25136,2.18485],[102.25749,2.18203],[102.25816,2.18335],[102.26136,2.18134],[102.26686,2.18323],[102.28521,2.1729],[102.28753,2.17212],[102.28867,2.1731],[102.30532,2.16821],[102.31227,2.16473],[102.31905,2.1573],[102.3239,2.15743],[102.3261,2.15661],[102.32614,2.15509],[102.32687,2.15663],[102.33558,2.1552],[102.33686,2.15733],[102.33697,2.15486],[102.3488,2.14963],[102.35291,2.14523],[102.37242,2.13324],[102.37992,2.13193],[102.39587,2.13326],[102.40351,2.13198],[102.41411,2.12766],[102.43384,2.11489],[102.44111,2.11206],[102.44858,2.11307],[102.46231,2.11004],[102.48068,2.10379],[102.48931,2.09911],[102.48868,2.10985],[102.48986,2.11834],[102.49127,2.12002],[102.50222,2.11891],[102.50344,2.12188],[102.50127,2.1249],[102.50352,2.12696],[102.50604,2.126],[102.50747,2.12076],[102.51558,2.12076],[102.5184,2.118],[102.52607,2.11878],[102.53181,2.12468],[102.53705,2.13537],[102.53732,2.14321],[102.53004,2.16317],[102.52557,2.16637],[102.50708,2.16648],[102.50151,2.1748],[102.49759,2.1742],[102.49047,2.17723],[102.48297,2.17839],[102.47877,2.18627],[102.47861,2.19013],[102.47088,2.2026],[102.4721,2.20524],[102.48315,2.20997],[102.48748,2.21507],[102.49497,2.22051],[102.49741,2.22614],[102.49669,2.23486],[102.49765,2.2373],[102.49402,2.24777],[102.4925,2.25772],[102.49747,2.26931],[102.49871,2.27741],[102.50406,2.29367],[102.50736,2.29698],[102.50533,2.30254],[102.51003,2.30522],[102.50842,2.31331],[102.51066,2.31588],[102.51115,2.32129],[102.51334,2.3211],[102.5163,2.32588],[102.50956,2.34232],[102.51374,2.35423],[102.52607,2.36009],[102.53718,2.37259],[102.5357,2.38287],[102.54,2.39106],[102.55014,2.39327],[102.55635,2.3965],[102.56658,2.39593],[102.58568,2.4051],[102.59291,2.4104]]]]}},{"type":"Feature","properties":{"state_code":"NSN","name":"Negeri Sembilan","region_group":"southern"},"geometry":{"type":"Polygon","coordinates":[[[101.71245,2.59533],[101.7188,2.5952],[101.71875,2.58949],[101.72915,2.59033],[101.72927,2.59396],[101.73198,2.597],[101.74055,2.60231],[101.75594,2.60347],[101.7783,2.59209],[101.7825,2.58734],[101.78175,2.58274],[101.78446,2.57696],[101.78896,2.57921],[101.79548,2.57341],[101.79802,2.56093],[101.79601,2.55627],[101.79305,2.55479],[101.79311,2.55203],[101.79552,2.55166],[101.797,2.54915],[101.79873,2.54161],[101.78932,2.53198],[101.7908,2.52557],[101.79019,2.52204],[101.80158,2.52063],[101.80406,2.52274],[101.80714,2.52313],[101.82072,2.51958],[101.82069,2.51803],[101.82395,2.51617],[101.82391,2.51418],[101.82529,2.51433],[101.8279,2.50855],[101.8362,2.50203],[101.83937,2.49538],[101.83896,2.49232],[101.84337,2.48835],[101.84779,2.48093],[101.84718,2.47828],[101.84424,2.47915],[101.84325,2.4772],[101.84423,2.47477],[101.84777,2.47401],[101.84706,2.4723],[101.84903,2.46682],[101.84833,2.4619],[101.85176,2.46181],[101.85527,2.45403],[101.85584,2.44864],[101.85386,2.44489],[101.85549,2.44444],[101.85735,2.43524],[101.85474,2.41706],[101.85002,2.4124],[101.8476,2.412],[101.85355,2.40265],[101.8555,2.40422],[101.85815,2.40412],[101.86082,2.41148],[101.86019,2.41347],[101.86388,2.41716],[101.88034,2.41962],[101.8963,2.41649],[101.90727,2.42303],[101.92683,2.42375],[101.93397,2.42177],[101.94071,2.41662],[101.94309,2.41067],[101.95538,2.40156],[101.96199,2.40316],[101.97208,2.39831],[101.97364,2.39484],[101.97342,2.39107],[101.97614,2.38993],[101.97816,2.39083],[101.98461,2.39836],[101.99338,2.39969],[102.00086,2.40544],[102.01304,2.41014],[102.01929,2.41938],[102.02607,2.42569],[102.02836,2.43348],[102.03253,2.43423],[102.03483,2.43287],[102.03495,2.42578],[102.04105,2.42064],[102.04561,2.42073],[102.04713,2.4194],[102.05135,2.4216],[102.04921,2.42687],[102.05111,2.43304],[102.05406,2.43481],[102.0609,2.43455],[102.06526,2.44217],[102.06494,2.44332],[102.06184,2.44198],[102.06012,2.44348],[102.06236,2.44836],[102.06098,2.45189],[102.06227,2.455],[102.06984,2.45766],[102.07737,2.45451],[102.08147,2.45456],[102.08509,2.45286],[102.08893,2.44562],[102.08946,2.4474],[102.12203,2.46193],[102.14186,2.45707],[102.17884,2.49808],[102.19208,2.49255],[102.19582,2.48624],[102.20581,2.48245],[102.20619,2.48019],[102.21144,2.48164],[102.21328,2.4789],[102.22455,2.47293],[102.22836,2.46788],[102.23131,2.46635],[102.27959,2.45828],[102.31716,2.4789],[102.36429,2.48975],[102.36826,2.48937],[102.43634,2.46701],[102.43506,2.45669],[102.51006,2.43762],[102.5679,2.41786],[102.58791,2.41627],[102.59291,2.4104],[102.59511,2.4122],[102.59658,2.4168],[102.59594,2.4198],[102.59438,2.41989],[102.59257,2.42751],[102.59601,2.4361],[102.59389,2.43995],[102.59684,2.44678],[102.59646,2.45536],[102.59838,2.45559],[102.6011,2.45921],[102.60603,2.45956],[102.60604,2.46412],[102.60989,2.46498],[102.61174,2.46739],[102.61473,2.46672],[102.61848,2.46973],[102.61624,2.48582],[102.61399,2.48745],[102.61258,2.49111],[102.61068,2.49053],[102.60812,2.50064],[102.60668,2.50168],[102.60949,2.50564],[102.60803,2.50701],[102.60882,2.50918],[102.61523,2.51259],[102.62036,2.51941],[102.6118,2.539],[102.6138,2.56098],[102.6227,2.57573],[102.6223,2.58126],[102.62543,2.58956],[102.6409,2.5951],[102.6435,2.60224],[102.6428,2.60546],[102.633,2.62053],[102.6302,2.62997],[102.6306,2.63285],[102.64502,2.68136],[102.70018,2.83205],[102.70102,2.83396],[102.69834,2.83297],[102.69685,2.83433],[102.69879,2.83555],[102.69464,2.84515],[102.6965,2.84679],[102.69583,2.85032],[102.69812,2.85407],[102.69545,2.86411],[102.69502,2.87305],[102.68869,2.88244],[102.66635,2.8882],[102.48427,3.00774],[102.4458,3.0465],[102.38942,3.11722],[102.25344,3.14784],[102.15869,3.17917],[102.14455,3.1965],[102.14124,3.1972],[102.13529,3.19587],[102.13363,3.19317],[102.12708,3.19283],[102.1239,3.19839],[102.11589,3.19766],[102.11649,3.19148],[102.11527,3.1881],[102.11376,3.18787],[102.109,3.19143],[102.09808,3.19151],[102.08643,3.18208],[102.08089,3.18182],[102.07618,3.17538],[102.07626,3.16577],[102.07426,3.16603],[102.07215,3.17094],[102.07072,3.17097],[102.06232,3.16601],[102.05634,3.16995],[102.05637,3.18213],[102.05294,3.18465],[102.05221,3.18969],[102.05611,3.1941],[102.05621,3.19691],[102.05182,3.2054],[102.05213,3.20947],[102.05008,3.21542],[102.04417,3.22573],[102.0384,3.227],[102.03559,3.22531],[102.03013,3.22975],[102.02586,3.22817],[102.01949,3.22848],[102.01721,3.22643],[102.01083,3.22534],[102.00165,3.23024],[102.00132,3.23185],[101.9951,3.23676],[101.98977,3.23572],[101.98085,3.23941],[101.97573,3.24463],[101.97885,3.24611],[101.97965,3.25185],[101.97807,3.25823],[101.97513,3.26036],[101.97505,3.27116],[101.97297,3.27339],[101.97115,3.27186],[101.96561,3.27339],[101.9544,3.27041],[101.94723,3.28323],[101.94398,3.28318],[101.93805,3.28778],[101.93412,3.28336],[101.93396,3.27586],[101.93043,3.26885],[101.92473,3.26698],[101.91502,3.25679],[101.92839,3.25846],[101.93042,3.25655],[101.93086,3.25273],[101.93403,3.25236],[101.93667,3.24921],[101.93313,3.24365],[101.9366,3.2387],[101.94192,3.23536],[101.95152,3.21371],[101.95065,3.20984],[101.95183,3.20639],[101.94808,3.2039],[101.94991,3.19038],[101.94218,3.1838],[101.94707,3.17716],[101.94821,3.16515],[101.95061,3.16324],[101.95151,3.15905],[101.95612,3.15782],[101.95603,3.15601],[101.95784,3.15519],[101.96351,3.14904],[101.96582,3.13911],[101.96253,3.12926],[101.95513,3.11802],[101.95069,3.11637],[101.95045,3.11268],[101.96154,3.07296],[101.96261,3.0645],[101.96943,3.05531],[101.96713,3.04776],[101.96935,3.04423],[101.96836,3.04168],[101.97116,3.03528],[101.97075,3.03241],[101.96705,3.02954],[101.95414,3.02601],[101.94782,3.02387],[101.94288,3.01657],[101.94445,2.99941],[101.93417,2.9995],[101.93516,2.99145],[101.91823,2.95535],[101.8829,2.86693],[101.79237,2.86974],[101.75149,2.86946],[101.75376,2.83139],[101.76212,2.70295],[101.76056,2.69929],[101.75492,2.69695],[101.75366,2.69392],[101.75521,2.69336],[101.75509,2.69179],[101.75293,2.69117],[101.75133,2.68786],[101.75273,2.68515],[101.75149,2.68111],[101.74795,2.68187],[101.7453,2.68079],[101.7399,2.67275],[101.74105,2.6679],[101.74569,2.66458],[101.74746,2.65475],[101.74561,2.65273],[101.7342,2.64812],[101.73021,2.64454],[101.72474,2.63562],[101.72916,2.62947],[101.73031,2.61905],[101.72839,2.61624],[101.72597,2.61834],[101.72286,2.6204],[101.71822,2.61934],[101.71536,2.61798],[101.70563,2.611],[101.70373,2.60886],[101.70247,2.60601],[101.70243,2.60505],[101.70372,2.60309],[101.71119,2.5995],[101.71228,2.59833],[101.71245,2.59533]]]}},{"type":"Feature","properties":{"state_code":"PHG","name":"Pahang","region_group":"east_coast"},"geometry":{"type":"Polygon","coordinates":[[[101.91502,3.25679],[101.92473,3.26698],[101.93043,3.26885],[101.93396,3.27586],[101.93412,3.28336],[101.93805,3.28778],[101.94398,3.28318],[101.94723,3.28323],[101.9544,3.27041],[101.96561,3.27339],[101.97115,3.27186],[101.97297,3.27339],[101.97505,3.27116],[101.97513,3.26036],[101.97807,3.25823],[101.97965,3.25185],[101.97885,3.24611],[101.97573,3.24463],[101.98085,3.23941],[101.98977,3.23572],[101.9951,3.23676],[102.00132,3.23185],[102.00165,3.23024],[102.01083,3.22534],[102.01721,3.22643],[102.01949,3.22848],[102.02586,3.22817],[102.03013,3.22975],[102.03559,3.22531],[102.0384,3.227],[102.04417,3.22573],[102.05008,3.21542],[102.05213,3.20947],[102.05182,3.2054],[102.05621,3.19691],[102.05611,3.1941],[102.05221,3.18969],[102.05294,3.18465],[102.05637,3.18213],[102.05634,3.16995],[102.06232,3.16601],[102.07072,3.17097],[102.07215,3.17094],[102.07426,3.16603],[102.07626,3.16577],[102.07618,3.17538],[102.08089,3.18182],[102.08643,3.18208],[102.09808,3.19151],[102.109,3.19143],[102.11376,3.18787],[102.11527,3.1881],[102.11649,3.19148],[102.11589,3.19766],[102.1239,3.19839],[102.12708,3.19283],[102.13363,3.19317],[102.13529,3.19587],[102.14124,3.1972],[102.14455,3.1965],[102.15869,3.17917],[102.25344,3.14784],[102.38942,3.11722],[102.4458,3.0465],[102.48427,3.00774],[102.66635,2.8882],[102.68869,2.88244],[102.69502,2.87305],[102.69545,2.86411],[102.69812,2.85407],[102.69583,2.85032],[102.6965,2.84679],[102.69464,2.84515],[102.69879,2.83555],[102.69685,2.83433],[102.69834,2.83297],[102.70102,2.83396],[102.70018,2.83205],[102.80207,2.79936],[102.80773,2.79406],[102.84993,2.73619],[102.87941,2.70042],[102.95924,2.60668],[102.97311,2.59465],[103.15158,2.52361],[103.28884,2.5775],[103.35363,2.59117],[103.41579,2.55782],[103.42638,2.55936],[103.44166,2.55553],[103.44688,2.5528],[103.45963,2.54166],[103.4722,2.52604],[103.53899,2.49161],[103.60945,2.45794],[103.60791,2.46626],[103.60949,2.47071],[103.61232,2.46596],[103.61679,2.46275],[103.62603,2.46344],[103.6385,2.48746],[103.63189,2.48882],[103.62969,2.491],[103.62971,2.50534],[103.62293,2.51316],[103.61657,2.51725],[103.61829,2.52533],[103.6242,2.53151],[103.62386,2.53314],[103.62073,2.53371],[103.61583,2.53033],[103.60307,2.53185],[103.59359,2.52631],[103.5903,2.53083],[103.59084,2.53649],[103.59604,2.54313],[103.59237,2.54974],[103.59301,2.55166],[103.60723,2.56515],[103.61052,2.56577],[103.61214,2.56444],[103.61401,2.5566],[103.61741,2.55718],[103.61642,2.57558],[103.6139,2.57792],[103.61099,2.578],[103.60484,2.56933],[103.60215,2.56842],[103.5996,2.56941],[103.5982,2.57435],[103.60183,2.58331],[103.60653,2.5878],[103.61199,2.5888],[103.61919,2.58568],[103.62462,2.58723],[103.62382,2.59227],[103.61383,2.59392],[103.61241,2.5977],[103.6157,2.60187],[103.6245,2.60375],[103.62678,2.60597],[103.62554,2.61056],[103.6147,2.61908],[103.61526,2.62378],[103.62319,2.62851],[103.62346,2.63106],[103.61563,2.63405],[103.6125,2.63685],[103.61725,2.64724],[103.61667,2.65109],[103.61168,2.65338],[103.60693,2.65277],[103.60309,2.65021],[103.60276,2.64572],[103.60697,2.63975],[103.60717,2.6365],[103.60181,2.63313],[103.59686,2.63543],[103.59517,2.63797],[103.59063,2.65398],[103.59617,2.66375],[103.60006,2.66544],[103.61,2.66323],[103.62014,2.65671],[103.62849,2.65951],[103.63423,2.66419],[103.63011,2.66769],[103.62563,2.67667],[103.61975,2.68244],[103.57567,2.72035],[103.55842,2.73642],[103.55194,2.74556],[103.54256,2.75153],[103.52875,2.7661],[103.49298,2.8133],[103.48313,2.82113],[103.46108,2.85182],[103.45181,2.86787],[103.44097,2.89665],[103.43108,2.93209],[103.43041,2.94108],[103.43283,2.95123],[103.43375,2.96663],[103.43421,3.05786],[103.43606,3.06834],[103.4441,3.07409],[103.44617,3.08011],[103.44888,3.1041],[103.44351,3.16823],[103.44683,3.20537],[103.44304,3.23175],[103.44296,3.24102],[103.43123,3.2895],[103.42609,3.3203],[103.4236,3.3492],[103.42389,3.36339],[103.42826,3.40181],[103.44352,3.45491],[103.45557,3.47229],[103.46377,3.48183],[103.47189,3.48865],[103.47263,3.48744],[103.46939,3.48019],[103.46794,3.47216],[103.46965,3.46955],[103.47338,3.47818],[103.47527,3.50122],[103.47498,3.52207],[103.47141,3.53028],[103.46264,3.53466],[103.4417,3.55258],[103.41948,3.57911],[103.36877,3.64511],[103.34549,3.68341],[103.34041,3.69411],[103.33165,3.71584],[103.32561,3.73747],[103.32571,3.75209],[103.32844,3.76822],[103.33369,3.7829],[103.33998,3.79299],[103.3418,3.8056],[103.35635,3.80772],[103.36539,3.80653],[103.37137,3.80061],[103.3738,3.80336],[103.37294,3.81449],[103.37405,3.81687],[103.37799,3.81886],[103.37507,3.82896],[103.37661,3.8334],[103.37078,3.85474],[103.36663,3.87713],[103.36714,3.88942],[103.36574,3.89936],[103.36821,3.91621],[103.37314,3.92436],[103.37624,3.9337],[103.39436,3.96066],[103.40134,3.96684],[103.40273,3.96613],[103.41079,3.96857],[103.43104,3.95638],[103.4346,3.9563],[103.43478,3.96149],[103.43986,3.96284],[103.4378,3.96636],[103.4328,3.96748],[103.43324,3.97041],[103.42846,3.97008],[103.42812,3.97128],[103.42146,3.96951],[103.4162,3.97862],[103.41324,3.97923],[103.41092,3.9831],[103.4165,3.98563],[103.42259,3.97542],[103.42664,3.97729],[103.42856,3.97549],[103.43117,3.97643],[103.42548,3.98469],[103.4266,3.98633],[103.42763,3.98539],[103.42634,3.98732],[103.42488,3.98663],[103.41013,4.00904],[103.39739,4.0444],[103.3971,4.05347],[103.39161,4.06785],[103.38727,4.0876],[103.38539,4.11067],[103.38733,4.11737],[103.39334,4.12433],[103.39626,4.12569],[103.39613,4.1239],[103.40082,4.12351],[103.40391,4.12847],[103.40838,4.13087],[103.41078,4.16066],[103.41627,4.17162],[103.42365,4.1759],[103.44065,4.17299],[103.44494,4.17778],[103.4446,4.1884],[103.44075,4.20254],[103.42335,4.20358],[103.37532,4.19323],[103.3552,4.19323],[103.34099,4.20562],[103.32323,4.20621],[103.31791,4.19441],[103.32146,4.16017],[103.30429,4.12002],[103.30488,4.09227],[103.31495,4.0781],[103.32087,4.05448],[103.31968,4.02614],[103.32975,3.99543],[103.33389,3.96827],[103.32442,3.94052],[103.30252,3.93284],[103.28061,3.94347],[103.26818,3.973],[103.27114,3.99662],[103.25161,4.01079],[103.24095,4.03677],[103.21254,4.03618],[103.20485,4.05566],[103.1936,4.05566],[103.18295,4.04681],[103.16578,4.04385],[103.1498,4.06275],[103.13263,4.0722],[103.11487,4.10054],[103.10185,4.1088],[103.07344,4.11234],[103.05864,4.12829],[103.00536,4.14068],[102.98524,4.14245],[102.95623,4.12651],[102.93019,4.11884],[102.90947,4.12651],[102.89763,4.14659],[102.89763,4.1578],[102.91717,4.17197],[102.92309,4.19382],[102.90888,4.23219],[102.9296,4.26111],[102.929,4.28295],[102.93019,4.2983],[102.94735,4.30184],[102.95683,4.33254],[102.97518,4.34788],[103.00596,4.34198],[103.01306,4.35142],[103.00477,4.36559],[103.00181,4.37739],[103.01957,4.41222],[103.02194,4.42107],[103.01188,4.43228],[103.00655,4.4494],[102.99353,4.45884],[102.97518,4.48421],[102.95979,4.48539],[102.91835,4.47123],[102.87751,4.4789],[102.85442,4.49897],[102.83252,4.55149],[102.83962,4.56388],[102.86863,4.57332],[102.87455,4.58276],[102.86271,4.59397],[102.85975,4.60518],[102.87455,4.61934],[102.86804,4.63291],[102.86389,4.64943],[102.8485,4.67185],[102.83489,4.68424],[102.82305,4.68837],[102.80943,4.68247],[102.79168,4.68011],[102.73781,4.68955],[102.72301,4.69427],[102.7088,4.71079],[102.69519,4.72199],[102.6721,4.72553],[102.65233,4.77186],[102.64526,4.77504],[102.63214,4.77571],[102.62491,4.78594],[102.61649,4.78678],[102.60522,4.79231],[102.60405,4.78627],[102.59631,4.7794],[102.59967,4.77404],[102.59984,4.76867],[102.59614,4.7623],[102.59631,4.75928],[102.59361,4.75677],[102.59496,4.75375],[102.59059,4.74906],[102.59849,4.74118],[102.59933,4.72625],[102.60219,4.71066],[102.59917,4.70681],[102.59967,4.69825],[102.59277,4.69792],[102.58907,4.70144],[102.58369,4.70178],[102.57881,4.70647],[102.57225,4.70513],[102.56855,4.70111],[102.54971,4.72139],[102.54449,4.72039],[102.54129,4.71737],[102.54079,4.70899],[102.53305,4.69809],[102.52868,4.69708],[102.52565,4.69356],[102.52582,4.68769],[102.52077,4.6887],[102.51488,4.68652],[102.50883,4.67964],[102.50193,4.68115],[102.49739,4.67881],[102.48393,4.69172],[102.45432,4.71251],[102.45617,4.7172],[102.44473,4.7234],[102.44002,4.72173],[102.43598,4.72357],[102.42387,4.72072],[102.41411,4.72525],[102.40536,4.72642],[102.39914,4.72022],[102.38686,4.72391],[102.37693,4.72475],[102.37256,4.72122],[102.36516,4.7219],[102.35893,4.71502],[102.35893,4.71033],[102.36246,4.70513],[102.36852,4.70228],[102.36869,4.69557],[102.36196,4.68803],[102.35994,4.67981],[102.35203,4.67696],[102.34177,4.66371],[102.34076,4.65349],[102.33756,4.65265],[102.33218,4.65399],[102.331,4.64829],[102.31435,4.64728],[102.29467,4.65718],[102.2844,4.6669],[102.26842,4.6726],[102.26068,4.66807],[102.24773,4.6674],[102.24235,4.66271],[102.23763,4.66103],[102.23107,4.66187],[102.2267,4.65768],[102.23242,4.64393],[102.22115,4.63772],[102.20685,4.64611],[102.19474,4.64929],[102.18801,4.66153],[102.18094,4.66841],[102.17202,4.66975],[102.17068,4.6731],[102.17354,4.67696],[102.17236,4.68518],[102.16765,4.69306],[102.16176,4.69591],[102.1584,4.70295],[102.15318,4.7053],[102.14427,4.71552],[102.12963,4.7224],[102.12324,4.73145],[102.12542,4.74537],[102.11365,4.77253],[102.09262,4.76817],[102.08942,4.76448],[102.08438,4.76414],[102.0763,4.75543],[102.06082,4.74839],[102.05695,4.75425],[102.04888,4.74621],[102.05006,4.73732],[102.04753,4.73531],[102.04535,4.73732],[102.0408,4.73715],[102.03845,4.74218],[102.0329,4.74235],[102.02684,4.75224],[102.02196,4.75342],[102.01927,4.74352],[102.01557,4.74252],[102.00901,4.74889],[102.00699,4.75593],[102.00261,4.75878],[102.00261,4.76096],[101.99908,4.76347],[102.00009,4.7732],[101.98495,4.768],[101.98613,4.76096],[101.98243,4.75945],[101.98478,4.7509],[101.96829,4.76213],[101.96779,4.77052],[101.96291,4.77303],[101.96325,4.77588],[101.94861,4.76783],[101.9476,4.75811],[101.95231,4.74503],[101.94945,4.7395],[101.95113,4.7234],[101.94188,4.69373],[101.94289,4.68115],[101.93751,4.67025],[101.9254,4.66824],[101.92237,4.66221],[101.92203,4.65516],[101.91396,4.64426],[101.91076,4.63454],[101.91009,4.62045],[101.90083,4.62045],[101.89124,4.62716],[101.89108,4.6399],[101.88737,4.64661],[101.89074,4.66237],[101.88754,4.66757],[101.89141,4.67327],[101.88586,4.6773],[101.88653,4.684],[101.87812,4.68903],[101.86853,4.69021],[101.86365,4.69406],[101.86113,4.70412],[101.85692,4.70278],[101.85608,4.69893],[101.8512,4.69524],[101.84616,4.69691],[101.84363,4.71167],[101.84481,4.71603],[101.83993,4.73246],[101.83337,4.7333],[101.83051,4.72642],[101.8216,4.72944],[101.81845,4.7355],[101.8208,4.76114],[101.81138,4.77136],[101.8055,4.77119],[101.79995,4.77354],[101.79541,4.77287],[101.79608,4.76801],[101.79188,4.76734],[101.7796,4.77069],[101.77422,4.76047],[101.77456,4.75661],[101.77271,4.75326],[101.77237,4.736],[101.77506,4.72561],[101.77237,4.72058],[101.7754,4.71639],[101.77472,4.71337],[101.77119,4.71304],[101.76951,4.71002],[101.77103,4.70047],[101.76817,4.68924],[101.77237,4.68287],[101.77203,4.67114],[101.76766,4.66578],[101.76766,4.65672],[101.76548,4.65287],[101.76682,4.64901],[101.76329,4.6341],[101.75774,4.63728],[101.75572,4.63477],[101.75219,4.6346],[101.75421,4.62957],[101.75236,4.6279],[101.75337,4.62253],[101.74916,4.6222],[101.74563,4.62505],[101.74277,4.62438],[101.73874,4.62605],[101.73655,4.62924],[101.73369,4.63007],[101.73369,4.63292],[101.73033,4.63477],[101.72394,4.63292],[101.72394,4.62756],[101.72646,4.6232],[101.72428,4.62186],[101.71856,4.62169],[101.71654,4.61884],[101.71318,4.62136],[101.71099,4.62002],[101.70981,4.617],[101.70494,4.6165],[101.70073,4.61382],[101.69047,4.61264],[101.67652,4.6056],[101.67399,4.60661],[101.67147,4.6056],[101.66979,4.59705],[101.66727,4.59454],[101.66575,4.58649],[101.66643,4.58264],[101.66105,4.57761],[101.66088,4.57476],[101.65382,4.57258],[101.65028,4.56923],[101.64288,4.5694],[101.63969,4.57157],[101.63582,4.57157],[101.6254,4.56319],[101.62489,4.56018],[101.62203,4.559],[101.61934,4.55917],[101.61631,4.56185],[101.61531,4.56722],[101.61144,4.57342],[101.6074,4.57375],[101.60353,4.57157],[101.59849,4.57224],[101.59159,4.57057],[101.59109,4.56638],[101.58897,4.56546],[101.5844,4.5696],[101.58412,4.57582],[101.57789,4.57582],[101.57138,4.58769],[101.56265,4.59197],[101.55559,4.58879],[101.54894,4.58935],[101.54437,4.59804],[101.54215,4.60826],[101.52996,4.6171],[101.52359,4.61861],[101.52248,4.62386],[101.51861,4.624],[101.51584,4.62013],[101.50586,4.61958],[101.50129,4.62469],[101.50032,4.6211],[101.49465,4.61378],[101.49104,4.61392],[101.4873,4.61171],[101.48412,4.61392],[101.48066,4.61213],[101.47484,4.59349],[101.47636,4.58714],[101.46764,4.58576],[101.46404,4.58879],[101.45891,4.58672],[101.45517,4.5881],[101.44991,4.58783],[101.44631,4.58976],[101.44271,4.60163],[101.43855,4.6026],[101.43218,4.60688],[101.42553,4.61848],[101.41584,4.62276],[101.41127,4.62717],[101.40711,4.62621],[101.40406,4.63007],[101.40129,4.63049],[101.39811,4.62634],[101.38481,4.62193],[101.37567,4.62648],[101.3729,4.62593],[101.36867,4.60723],[101.37116,4.60122],[101.35981,4.58956],[101.35094,4.57153],[101.35768,4.53442],[101.37754,4.5224],[101.38534,4.50225],[101.35874,4.48422],[101.35839,4.4669],[101.33463,4.43296],[101.35378,4.41317],[101.35804,4.39726],[101.36725,4.39478],[101.38676,4.40892],[101.41016,4.39478],[101.43569,4.38736],[101.44278,4.37357],[101.42434,4.3414],[101.44845,4.31417],[101.452,4.26856],[101.46228,4.25194],[101.46299,4.24734],[101.45129,4.23709],[101.45023,4.2279],[101.46157,4.2134],[101.50377,4.20703],[101.5066,4.19713],[101.49242,4.16035],[101.50199,4.14762],[101.50235,4.13135],[101.51405,4.11685],[101.53107,4.12534],[101.54667,4.11013],[101.55625,4.10624],[101.55766,4.09669],[101.57185,4.08219],[101.57256,4.06911],[101.55766,4.03763],[101.55873,4.01393],[101.56936,3.99837],[101.56724,3.98422],[101.57149,3.97502],[101.57291,3.93611],[101.57185,3.89649],[101.59738,3.87526],[101.59419,3.84378],[101.58709,3.83352],[101.59383,3.82149],[101.59419,3.81017],[101.58816,3.80451],[101.58958,3.79496],[101.60979,3.79319],[101.62479,3.77247],[101.62525,3.76918],[101.62781,3.7698],[101.63937,3.75276],[101.65053,3.73963],[101.65434,3.73736],[101.65827,3.72997],[101.66659,3.72764],[101.67154,3.72003],[101.68207,3.71969],[101.68589,3.70974],[101.69323,3.7081],[101.6983,3.7106],[101.70405,3.70929],[101.71219,3.71162],[101.71624,3.7094],[101.71652,3.7077],[101.72091,3.70736],[101.72984,3.71276],[101.73252,3.71082],[101.73486,3.71185],[101.74118,3.7094],[101.7381,3.70418],[101.7414,3.69599],[101.74533,3.69639],[101.75046,3.69208],[101.7502,3.69075],[101.75214,3.6908],[101.75835,3.6856],[101.75901,3.68346],[101.76284,3.6827],[101.76509,3.68113],[101.76776,3.68209],[101.76855,3.68108],[101.7679,3.67756],[101.77201,3.6713],[101.76848,3.66597],[101.78103,3.65179],[101.78427,3.65165],[101.78586,3.6492],[101.78435,3.64503],[101.78593,3.64085],[101.78586,3.63718],[101.7842,3.63509],[101.78752,3.62991],[101.79084,3.62783],[101.79733,3.62725],[101.79812,3.62344],[101.80173,3.61329],[101.80908,3.61386],[101.8111,3.61149],[101.80973,3.60746],[101.81146,3.60487],[101.81586,3.60501],[101.81651,3.60314],[101.81521,3.59429],[101.81326,3.59335],[101.81189,3.58651],[101.80858,3.58529],[101.80951,3.57831],[101.80814,3.57586],[101.81088,3.57025],[101.80915,3.56859],[101.81038,3.56499],[101.808,3.56204],[101.80665,3.54945],[101.80277,3.55067],[101.79976,3.54681],[101.7942,3.54757],[101.78854,3.54563],[101.78727,3.54696],[101.77896,3.53642],[101.77778,3.52797],[101.77294,3.5211],[101.77064,3.51479],[101.76702,3.51332],[101.76318,3.50819],[101.76393,3.49917],[101.76286,3.49546],[101.76582,3.49006],[101.76806,3.48131],[101.76821,3.47779],[101.77737,3.46478],[101.77895,3.4603],[101.77915,3.45078],[101.7816,3.44538],[101.78425,3.44207],[101.78445,3.43754],[101.78578,3.43703],[101.78542,3.43143],[101.79323,3.42454],[101.78931,3.41858],[101.78311,3.41325],[101.77994,3.4075],[101.77777,3.40737],[101.77553,3.40249],[101.76544,3.39855],[101.7663,3.386],[101.76395,3.38048],[101.76142,3.37885],[101.75934,3.37158],[101.77299,3.36026],[101.78064,3.35677],[101.78127,3.35297],[101.78101,3.33942],[101.7875,3.33453],[101.79907,3.33188],[101.80558,3.32399],[101.81652,3.30535],[101.82945,3.29136],[101.84424,3.28437],[101.85182,3.28442],[101.85717,3.27401],[101.86945,3.26859],[101.87851,3.27041],[101.88842,3.25905],[101.8932,3.25897],[101.89688,3.26419],[101.90404,3.26456],[101.90667,3.2625],[101.9099,3.26213],[101.91196,3.26051],[101.9127,3.25721],[101.91502,3.25679]]]}},{"type":"Feature","properties":{"state_code":"PJY","name":"Putrajaya","region_group":"central"},"geometry":{"type":"Polygon","coordinates":[[[101.68046,2.88052],[101.68062,2.88199],[101.68467,2.88218],[101.68495,2.88508],[101.6867,2.88508],[101.68809,2.89207],[101.6972,2.89441],[101.69744,2.89882],[101.70089,2.89997],[101.70109,2.90545],[101.69752,2.9063],[101.6976,2.90952],[101.7003,2.90956],[101.70038,2.91309],[101.70722,2.91329],[101.7075,2.92925],[101.73268,2.92923],[101.73227,2.95314],[101.73088,2.95485],[101.71518,2.95497],[101.71494,2.96358],[101.71045,2.96112],[101.70842,2.9618],[101.7085,2.96303],[101.70337,2.96299],[101.70309,2.96672],[101.69979,2.96787],[101.70051,2.97311],[101.7077,2.9797],[101.7083,2.98237],[101.70719,2.98244],[101.70587,2.97891],[101.69049,2.97216],[101.6846,2.97041],[101.67629,2.97172],[101.67168,2.97093],[101.66282,2.96434],[101.66425,2.95783],[101.67439,2.95072],[101.6747,2.94679],[101.66484,2.94401],[101.66858,2.93905],[101.66747,2.93095],[101.67256,2.92278],[101.67155,2.92166],[101.672,2.91571],[101.6693,2.91458],[101.66953,2.91032],[101.66379,2.9088],[101.66306,2.90425],[101.66036,2.90212],[101.65969,2.89914],[101.66188,2.89122],[101.66374,2.88937],[101.66278,2.88544],[101.66556,2.8798],[101.67113,2.88337],[101.67434,2.87683],[101.67507,2.88138],[101.67827,2.87956],[101.68046,2.88052]]]}},{"type":"Feature","properties":{"state_code":"PLS","name":"Perlis","region_group":"northern"},"geometry":{"type":"Polygon","coordinates":[[[100.37185,6.53739],[100.36595,6.54005],[100.36478,6.54368],[100.35964,6.54806],[100.3582,6.55381],[100.36016,6.55696],[100.35647,6.55884],[100.35553,6.56163],[100.35351,6.56139],[100.35378,6.56867],[100.35151,6.57294],[100.34833,6.573],[100.34519,6.57119],[100.34153,6.57515],[100.34158,6.58022],[100.33588,6.58235],[100.33662,6.58361],[100.33481,6.58499],[100.32844,6.58424],[100.32523,6.5858],[100.32516,6.58882],[100.32021,6.59171],[100.31582,6.60416],[100.31235,6.60317],[100.30714,6.60579],[100.30518,6.60523],[100.30586,6.61111],[100.30992,6.61085],[100.31151,6.61278],[100.31611,6.61332],[100.32603,6.62139],[100.32351,6.62512],[100.32413,6.62755],[100.32215,6.63007],[100.32127,6.63568],[100.31655,6.63482],[100.31617,6.6366],[100.31717,6.63985],[100.32185,6.64205],[100.3223,6.64907],[100.31947,6.65399],[100.32605,6.6597],[100.3275,6.66409],[100.32166,6.66564],[100.31886,6.66437],[100.31575,6.66777],[100.31289,6.66622],[100.30892,6.66663],[100.30588,6.66845],[100.30639,6.66996],[100.30464,6.67157],[100.30224,6.67952],[100.30049,6.68033],[100.29729,6.67791],[100.29426,6.67975],[100.28997,6.69082],[100.29179,6.69597],[100.2914,6.6991],[100.2951,6.70436],[100.29074,6.70972],[100.28696,6.70758],[100.28426,6.70868],[100.27931,6.70684],[100.27761,6.70415],[100.27221,6.70393],[100.26675,6.69903],[100.26499,6.69892],[100.26386,6.69922],[100.26153,6.70725],[100.2575,6.71137],[100.25664,6.70821],[100.25477,6.70933],[100.25281,6.70858],[100.25329,6.70377],[100.25082,6.70274],[100.24912,6.69746],[100.2468,6.69559],[100.2438,6.69589],[100.24375,6.69344],[100.24038,6.69214],[100.23563,6.6938],[100.23384,6.69311],[100.2317,6.69491],[100.22876,6.6934],[100.21858,6.70236],[100.21882,6.70887],[100.21567,6.71294],[100.21473,6.71884],[100.2123,6.72039],[100.2081,6.71955],[100.20559,6.72096],[100.20434,6.72355],[100.20506,6.72608],[100.2023,6.72532],[100.19894,6.72169],[100.19653,6.72238],[100.19584,6.72068],[100.18584,6.71678],[100.18622,6.71328],[100.17873,6.69985],[100.17844,6.69647],[100.17157,6.69376],[100.17521,6.68288],[100.17881,6.68256],[100.17983,6.68041],[100.17986,6.67328],[100.17785,6.66896],[100.18058,6.66018],[100.18068,6.65428],[100.17518,6.65001],[100.1716,6.65031],[100.16828,6.64757],[100.169,6.63264],[100.16609,6.63161],[100.16844,6.62719],[100.16713,6.62354],[100.16871,6.62164],[100.16975,6.60851],[100.17566,6.60414],[100.17836,6.60461],[100.18098,6.60168],[100.18098,6.59736],[100.17871,6.59598],[100.17828,6.5923],[100.18124,6.58714],[100.18087,6.58334],[100.18429,6.57954],[100.18247,6.57587],[100.18357,6.57281],[100.17742,6.57244],[100.17569,6.56664],[100.17178,6.57397],[100.16986,6.57461],[100.16917,6.57244],[100.16569,6.56985],[100.16318,6.5716],[100.1623,6.57624],[100.15685,6.57932],[100.15604,6.57493],[100.15826,6.57454],[100.15968,6.57046],[100.15858,6.56828],[100.15965,6.56256],[100.15377,6.55738],[100.15377,6.54871],[100.15626,6.54215],[100.15572,6.53677],[100.15719,6.5325],[100.15602,6.53097],[100.15754,6.52292],[100.15457,6.52179],[100.15725,6.51572],[100.1584,6.50627],[100.16059,6.50328],[100.15944,6.49543],[100.16072,6.49294],[100.15971,6.48741],[100.15479,6.48689],[100.15439,6.48514],[100.15489,6.48324],[100.15906,6.48065],[100.15749,6.47813],[100.15527,6.47747],[100.15415,6.4788],[100.15126,6.47584],[100.15174,6.47243],[100.1504,6.47036],[100.14565,6.46873],[100.14624,6.46695],[100.1445,6.46301],[100.14803,6.45237],[100.1442,6.45094],[100.14274,6.44753],[100.14003,6.4484],[100.13584,6.4445],[100.13648,6.4405],[100.13418,6.43907],[100.13523,6.43532],[100.13357,6.42925],[100.1278,6.42535],[100.12488,6.42523],[100.12381,6.42288],[100.12039,6.42274],[100.12555,6.40378],[100.1296,6.39985],[100.12724,6.39677],[100.12936,6.39341],[100.13272,6.39229],[100.13632,6.38504],[100.15018,6.34332],[100.15651,6.33174],[100.15631,6.32786],[100.16577,6.30221],[100.16742,6.30085],[100.17001,6.29095],[100.18411,6.26522],[100.19092,6.25636],[100.19618,6.25325],[100.2003,6.25487],[100.21046,6.27141],[100.2106,6.29719],[100.29747,6.39318],[100.29753,6.39838],[100.30771,6.40718],[100.32564,6.42945],[100.36619,6.45172],[100.37302,6.47908],[100.37345,6.50368],[100.37815,6.51704],[100.37185,6.53739]]]}},{"type":"Feature","properties":{"state_code":"PNG","name":"Pulau Pinang","region_group":"northern"},"geometry":{"type":"MultiPolygon","coordinates":[[[[100.33992,5.5771],[100.33822,5.5747],[100.34041,5.56918],[100.34972,5.56581],[100.35567,5.55907],[100.36604,5.53885],[100.37161,5.52271],[100.37334,5.52158],[100.37233,5.51714],[100.37393,5.50282],[100.37707,5.49825],[100.37816,5.49119],[100.38051,5.45295],[100.37944,5.44763],[100.37793,5.4476],[100.37914,5.44532],[100.37401,5.42327],[100.37183,5.41901],[100.36525,5.41966],[100.36501,5.41046],[100.36758,5.40886],[100.36307,5.39874],[100.36314,5.39492],[100.36423,5.39436],[100.36334,5.39395],[100.36566,5.392],[100.36336,5.3933],[100.366,5.3838],[100.36867,5.38448],[100.36987,5.38257],[100.37321,5.38303],[100.36966,5.38068],[100.3761,5.37125],[100.37587,5.36906],[100.37468,5.37139],[100.37666,5.36408],[100.38331,5.36085],[100.39032,5.3506],[100.39373,5.34963],[100.40117,5.34095],[100.40472,5.34017],[100.40542,5.33874],[100.40501,5.33034],[100.4028,5.32501],[100.40297,5.31891],[100.40604,5.3133],[100.41188,5.31373],[100.41002,5.31269],[100.40976,5.31069],[100.41215,5.30557],[100.41473,5.30454],[100.41352,5.30332],[100.41436,5.29717],[100.41909,5.28139],[100.41907,5.27886],[100.40939,5.26973],[100.40903,5.26717],[100.40607,5.26477],[100.40697,5.26281],[100.41273,5.2607],[100.42192,5.23691],[100.42544,5.21881],[100.42447,5.21521],[100.4296,5.20915],[100.42508,5.20849],[100.42208,5.20549],[100.41855,5.19227],[100.41914,5.17632],[100.42493,5.17245],[100.42955,5.16677],[100.42932,5.16539],[100.42252,5.16849],[100.40164,5.14624],[100.40174,5.1442],[100.39604,5.14119],[100.38998,5.1331],[100.38898,5.12838],[100.39233,5.12883],[100.39916,5.12641],[100.40229,5.12344],[100.40661,5.12197],[100.49254,5.13294],[100.49257,5.1335],[100.4941,5.13734],[100.49566,5.13995],[100.49693,5.14145],[100.49857,5.14262],[100.49903,5.14291],[100.49943,5.14304],[100.50694,5.145],[100.51424,5.14438],[100.5378,5.13806],[100.54346,5.13867],[100.55062,5.14242],[100.54513,5.21315],[100.53788,5.24978],[100.52382,5.36385],[100.52854,5.54117],[100.52847,5.5548],[100.52586,5.54946],[100.52341,5.55236],[100.52353,5.55437],[100.52406,5.55851],[100.52258,5.55928],[100.51965,5.55862],[100.51551,5.56068],[100.50778,5.55938],[100.50637,5.56563],[100.50471,5.56706],[100.49092,5.56713],[100.48668,5.56882],[100.48595,5.56053],[100.48246,5.56397],[100.47958,5.56478],[100.47283,5.56213],[100.46869,5.56577],[100.46375,5.56591],[100.45956,5.56377],[100.45228,5.56798],[100.45066,5.56704],[100.44912,5.56108],[100.447,5.56146],[100.44593,5.56592],[100.44352,5.56731],[100.43653,5.56484],[100.43454,5.56074],[100.43164,5.56579],[100.43038,5.56573],[100.42424,5.56247],[100.40985,5.56652],[100.40515,5.57353],[100.40144,5.5757],[100.39417,5.57935],[100.38723,5.57792],[100.38628,5.58289],[100.3839,5.58485],[100.38251,5.58481],[100.37846,5.57948],[100.37596,5.57991],[100.37187,5.58568],[100.36924,5.58489],[100.36814,5.57738],[100.36344,5.57348],[100.33992,5.5771]]],[[[100.30697,5.31002],[100.30889,5.30176],[100.31088,5.30092],[100.31376,5.30542],[100.31303,5.31212],[100.32283,5.3159],[100.32577,5.31848],[100.32657,5.32956],[100.32477,5.33008],[100.32324,5.33627],[100.32118,5.33653],[100.3199,5.33343],[100.31654,5.33139],[100.31525,5.32649],[100.31267,5.32547],[100.30697,5.31002]]],[[[100.17511,5.4722],[100.17777,5.46701],[100.18181,5.46564],[100.18143,5.46055],[100.18397,5.45415],[100.17771,5.44466],[100.18075,5.44115],[100.17689,5.43368],[100.18309,5.43016],[100.1881,5.43043],[100.18967,5.41653],[100.19565,5.41462],[100.19002,5.41506],[100.18897,5.41362],[100.18852,5.40364],[100.18644,5.39712],[100.18764,5.39143],[100.18483,5.3828],[100.196,5.33846],[100.19719,5.31073],[100.19407,5.30661],[100.19241,5.30922],[100.18961,5.30928],[100.18199,5.30511],[100.18444,5.3004],[100.18392,5.29467],[100.18017,5.28975],[100.17771,5.28166],[100.17899,5.27857],[100.18117,5.27727],[100.18244,5.26902],[100.18591,5.26669],[100.18592,5.2752],[100.18903,5.28068],[100.19776,5.28173],[100.20327,5.27866],[100.2068,5.27848],[100.2097,5.28147],[100.21593,5.28248],[100.22182,5.27988],[100.224,5.28363],[100.22354,5.28632],[100.22843,5.28709],[100.23891,5.28274],[100.24006,5.27896],[100.244,5.27587],[100.24467,5.27326],[100.24725,5.27469],[100.24801,5.27894],[100.25301,5.27883],[100.2558,5.28041],[100.2601,5.27834],[100.26775,5.27279],[100.26868,5.26929],[100.2728,5.26467],[100.27499,5.25724],[100.28232,5.25768],[100.28395,5.2616],[100.28176,5.2648],[100.28221,5.26857],[100.28627,5.27548],[100.29093,5.27986],[100.29076,5.2851],[100.28852,5.28604],[100.29447,5.29251],[100.29997,5.3155],[100.30594,5.32762],[100.30844,5.32986],[100.31156,5.33891],[100.31428,5.35536],[100.31673,5.35922],[100.3157,5.36163],[100.31764,5.36247],[100.31672,5.37111],[100.31943,5.38117],[100.3174,5.38135],[100.31704,5.38371],[100.32023,5.39059],[100.32181,5.38875],[100.32501,5.38949],[100.32661,5.39084],[100.32487,5.39276],[100.3335,5.4007],[100.33049,5.40407],[100.33438,5.40109],[100.33681,5.40458],[100.33803,5.40432],[100.33871,5.40562],[100.33665,5.40678],[100.3381,5.40722],[100.33757,5.41072],[100.34109,5.4132],[100.34437,5.41297],[100.34312,5.41416],[100.34546,5.41869],[100.3466,5.41735],[100.34623,5.42096],[100.34548,5.419],[100.3447,5.42151],[100.34028,5.42347],[100.33293,5.42387],[100.32785,5.42573],[100.31037,5.43882],[100.30772,5.44382],[100.31231,5.44777],[100.3136,5.45089],[100.31464,5.45578],[100.31375,5.46198],[100.30878,5.46237],[100.30781,5.46435],[100.3014,5.46442],[100.3009,5.46566],[100.29591,5.46525],[100.29538,5.46826],[100.29266,5.46771],[100.29244,5.4689],[100.27854,5.46738],[100.27732,5.47515],[100.27132,5.4789],[100.26638,5.47779],[100.26473,5.47949],[100.26243,5.47872],[100.25992,5.48182],[100.25552,5.48269],[100.23796,5.46536],[100.23108,5.4631],[100.22976,5.46466],[100.22718,5.46341],[100.22265,5.46538],[100.21702,5.46144],[100.21044,5.4604],[100.21076,5.45874],[100.20872,5.45942],[100.21034,5.46013],[100.20639,5.46033],[100.20308,5.46247],[100.20259,5.46589],[100.20394,5.46804],[100.19827,5.46769],[100.19557,5.47283],[100.19191,5.4705],[100.1866,5.47144],[100.1857,5.47286],[100.187,5.47538],[100.18559,5.47825],[100.17692,5.47589],[100.17511,5.4722]]]]}},{"type":"Feature","properties":{"state_code":"PRK","name":"Perak","region_group":"northern"},"geometry":{"type":"MultiPolygon","coordinates":[[[[100.63654,4.15716],[100.63725,4.15533],[100.65642,4.15536],[100.65697,4.16701],[100.64471,4.16956],[100.63722,4.16947],[100.63654,4.15716]]],[[[100.53807,4.19491],[100.53927,4.18749],[100.5475,4.18746],[100.54682,4.19092],[100.54933,4.19548],[100.54715,4.19832],[100.5474,4.20068],[100.54489,4.20299],[100.54309,4.20087],[100.54023,4.20177],[100.53908,4.20008],[100.53896,4.19866],[100.54284,4.1968],[100.54248,4.19488],[100.53807,4.19491]]],[[[100.53573,4.24539],[100.5376,4.24272],[100.54265,4.24128],[100.54248,4.23905],[100.54553,4.23817],[100.5446,4.22924],[100.53917,4.22592],[100.54408,4.22177],[100.54458,4.21859],[100.54318,4.21522],[100.54515,4.21197],[100.54911,4.21377],[100.55747,4.21032],[100.56142,4.19936],[100.56084,4.19512],[100.5639,4.19045],[100.56996,4.18889],[100.57331,4.19116],[100.58175,4.18821],[100.58238,4.19251],[100.57635,4.19818],[100.57747,4.2015],[100.57957,4.20198],[100.57992,4.20438],[100.57542,4.20933],[100.576,4.21294],[100.57804,4.21512],[100.57562,4.21858],[100.57658,4.2193],[100.57553,4.21898],[100.57565,4.22676],[100.57335,4.23742],[100.56813,4.24375],[100.56936,4.24895],[100.56401,4.25366],[100.55976,4.25122],[100.55896,4.24837],[100.5537,4.24945],[100.55168,4.25221],[100.55367,4.25395],[100.55156,4.25634],[100.55105,4.26298],[100.54852,4.26364],[100.54712,4.26603],[100.54055,4.26642],[100.53652,4.26398],[100.5361,4.26089],[100.53789,4.25674],[100.54559,4.25523],[100.54558,4.24909],[100.54467,4.24694],[100.53958,4.24713],[100.53573,4.24539]]],[[[101.62479,3.77247],[101.60979,3.79319],[101.58958,3.79496],[101.58816,3.80451],[101.59419,3.81017],[101.59383,3.82149],[101.58709,3.83352],[101.59419,3.84378],[101.59738,3.87526],[101.57185,3.89649],[101.57291,3.93611],[101.57149,3.97502],[101.56724,3.98422],[101.56936,3.99837],[101.55873,4.01393],[101.55766,4.03763],[101.57256,4.06911],[101.57185,4.08219],[101.55766,4.09669],[101.55625,4.10624],[101.54667,4.11013],[101.53107,4.12534],[101.51405,4.11685],[101.50235,4.13135],[101.50199,4.14762],[101.49242,4.16035],[101.5066,4.19713],[101.50377,4.20703],[101.46157,4.2134],[101.45023,4.2279],[101.45129,4.23709],[101.46299,4.24734],[101.46228,4.25194],[101.452,4.26856],[101.44845,4.31417],[101.42434,4.3414],[101.44278,4.37357],[101.43569,4.38736],[101.41016,4.39478],[101.38676,4.40892],[101.36725,4.39478],[101.35804,4.39726],[101.35378,4.41317],[101.33463,4.43296],[101.35839,4.4669],[101.35874,4.48422],[101.38534,4.50225],[101.37754,4.5224],[101.35768,4.53442],[101.35094,4.57153],[101.35981,4.58956],[101.37116,4.60122],[101.36867,4.60723],[101.3729,4.62593],[101.37082,4.63504],[101.37775,4.64167],[101.37055,4.64705],[101.36528,4.64747],[101.36279,4.6523],[101.36196,4.66472],[101.35822,4.67204],[101.35392,4.67232],[101.35129,4.67604],[101.34935,4.68363],[101.34409,4.68529],[101.34118,4.69067],[101.33633,4.69247],[101.33398,4.69564],[101.33398,4.70738],[101.34108,4.71145],[101.3405,4.71633],[101.34285,4.72082],[101.34755,4.72316],[101.35049,4.71809],[101.35675,4.7175],[101.36674,4.72492],[101.37086,4.72297],[101.37282,4.7177],[101.38065,4.71945],[101.38281,4.72414],[101.38868,4.73077],[101.38359,4.74912],[101.37948,4.75342],[101.38085,4.75869],[101.37458,4.77157],[101.38222,4.77157],[101.38633,4.77352],[101.3973,4.77274],[101.3973,4.78504],[101.40592,4.79753],[101.4069,4.8028],[101.41023,4.80573],[101.41336,4.81276],[101.41591,4.82154],[101.41238,4.82447],[101.40807,4.83501],[101.40083,4.8436],[101.40396,4.84906],[101.40298,4.85199],[101.40533,4.85433],[101.41395,4.85394],[101.4114,4.8596],[101.41101,4.86526],[101.41513,4.86526],[101.41826,4.86272],[101.42316,4.8637],[101.42629,4.86116],[101.43491,4.86897],[101.44196,4.86663],[101.44647,4.8678],[101.44568,4.87209],[101.43765,4.87619],[101.43922,4.87951],[101.43706,4.88283],[101.43804,4.88829],[101.44607,4.8879],[101.44725,4.89336],[101.45548,4.90039],[101.45117,4.90995],[101.45507,4.9172],[101.45452,4.93266],[101.44565,4.95115],[101.44986,4.95555],[101.44916,4.9619],[101.44592,4.96452],[101.44602,4.96835],[101.43711,4.97077],[101.4362,4.97531],[101.428,4.97955],[101.42628,4.98157],[101.42678,4.98479],[101.42456,4.99145],[101.43346,5.00184],[101.43954,5.00164],[101.44207,5.00416],[101.44521,5.00264],[101.44804,5.00486],[101.44956,5.01101],[101.4529,5.01343],[101.45229,5.01636],[101.44814,5.02039],[101.46181,5.04097],[101.45938,5.045],[101.45938,5.04913],[101.4614,5.05367],[101.45978,5.05649],[101.46414,5.06406],[101.46495,5.06759],[101.46282,5.07092],[101.46647,5.08312],[101.47274,5.08685],[101.47618,5.08705],[101.4854,5.09643],[101.47942,5.10843],[101.47872,5.11811],[101.48499,5.13],[101.48489,5.13414],[101.48712,5.14069],[101.48206,5.15118],[101.48236,5.16076],[101.49066,5.16721],[101.48671,5.17164],[101.486,5.17981],[101.48975,5.1786],[101.49339,5.18183],[101.49157,5.18818],[101.49542,5.19423],[101.50645,5.19917],[101.50544,5.2025],[101.5105,5.20653],[101.50878,5.21056],[101.51567,5.22125],[101.51159,5.23093],[101.51169,5.23668],[101.50957,5.2394],[101.51847,5.24595],[101.52252,5.25109],[101.52384,5.25926],[101.52009,5.26077],[101.52263,5.27115],[101.52141,5.2768],[101.52343,5.27821],[101.52728,5.277],[101.5288,5.27962],[101.53366,5.27498],[101.53224,5.27226],[101.53477,5.26994],[101.53943,5.26914],[101.54399,5.27166],[101.54662,5.27005],[101.54884,5.27488],[101.54682,5.27882],[101.54773,5.28638],[101.55198,5.28809],[101.5535,5.29061],[101.55644,5.2897],[101.55947,5.29212],[101.56028,5.29565],[101.56231,5.29656],[101.56585,5.29293],[101.57051,5.29454],[101.57102,5.29706],[101.57395,5.29756],[101.57385,5.30049],[101.5699,5.30785],[101.57334,5.31631],[101.57577,5.32821],[101.57446,5.33153],[101.57648,5.33506],[101.57962,5.33698],[101.58569,5.33748],[101.59238,5.33597],[101.59531,5.33869],[101.60037,5.33859],[101.60037,5.34131],[101.60483,5.34565],[101.60614,5.3523],[101.6104,5.35441],[101.61556,5.35341],[101.62092,5.35693],[101.62558,5.35411],[101.62943,5.34786],[101.63348,5.34726],[101.6357,5.34504],[101.64006,5.34504],[101.64239,5.34786],[101.64967,5.35038],[101.65565,5.34686],[101.65666,5.34403],[101.66061,5.34061],[101.66456,5.3399],[101.66861,5.33516],[101.6685,5.33224],[101.67346,5.33254],[101.67731,5.33587],[101.67843,5.34061],[101.68895,5.34071],[101.69609,5.33829],[101.70287,5.34081],[101.70571,5.34615],[101.71158,5.34968],[101.71948,5.35079],[101.72353,5.35623],[101.73142,5.35865],[101.73739,5.35784],[101.74317,5.36591],[101.74438,5.37074],[101.74762,5.37246],[101.75228,5.37901],[101.74347,5.38606],[101.74418,5.38959],[101.74023,5.39332],[101.74094,5.39665],[101.73824,5.39913],[101.74438,5.42073],[101.74418,5.42809],[101.74013,5.43323],[101.74043,5.45651],[101.73739,5.45923],[101.73567,5.46336],[101.74205,5.47284],[101.74833,5.47818],[101.74843,5.50196],[101.74529,5.51012],[101.74104,5.51334],[101.73426,5.50992],[101.73122,5.50236],[101.72515,5.50498],[101.72191,5.51193],[101.7215,5.51667],[101.71958,5.51738],[101.70115,5.51093],[101.69619,5.50417],[101.69194,5.50428],[101.69093,5.5078],[101.68313,5.51072],[101.68212,5.51506],[101.6721,5.51667],[101.66602,5.51153],[101.65499,5.52654],[101.664,5.5337],[101.66349,5.53813],[101.66562,5.53833],[101.66542,5.54529],[101.67088,5.5468],[101.67473,5.55274],[101.6726,5.55395],[101.67362,5.56171],[101.67949,5.56473],[101.67989,5.57209],[101.67797,5.57481],[101.6808,5.57874],[101.68091,5.58156],[101.68657,5.58559],[101.68657,5.59083],[101.68161,5.59506],[101.67888,5.59436],[101.67564,5.60292],[101.66613,5.60453],[101.65712,5.61088],[101.65448,5.61078],[101.65408,5.61269],[101.65681,5.61471],[101.6562,5.62468],[101.65752,5.62831],[101.66319,5.63345],[101.6637,5.63758],[101.65853,5.64292],[101.65722,5.64745],[101.65995,5.66296],[101.65843,5.66599],[101.66015,5.67153],[101.66572,5.67122],[101.67017,5.67979],[101.67605,5.68543],[101.67655,5.68785],[101.68941,5.69671],[101.69164,5.70165],[101.69538,5.70537],[101.69204,5.71152],[101.69305,5.71424],[101.69154,5.72179],[101.68819,5.72634],[101.69378,5.73347],[101.69052,5.74661],[101.69131,5.7551],[101.6914,5.75929],[101.68804,5.76447],[101.69087,5.76919],[101.68785,5.78186],[101.685,5.7834],[101.67838,5.78168],[101.6746,5.78685],[101.67273,5.78695],[101.66955,5.79093],[101.67059,5.79561],[101.66477,5.80134],[101.66817,5.80798],[101.66485,5.81396],[101.6631,5.8149],[101.66038,5.81211],[101.65827,5.81252],[101.6581,5.82252],[101.65975,5.82792],[101.65901,5.83567],[101.65742,5.8379],[101.66027,5.84206],[101.66181,5.84786],[101.65643,5.858],[101.66013,5.86415],[101.66343,5.86623],[101.65928,5.87132],[101.65934,5.87467],[101.65412,5.87746],[101.64452,5.87246],[101.64276,5.87028],[101.64004,5.87031],[101.63206,5.8753],[101.62333,5.87713],[101.62399,5.88148],[101.62187,5.88523],[101.62333,5.89253],[101.62212,5.89562],[101.61863,5.89537],[101.61589,5.90041],[101.61542,5.9109],[101.60862,5.91498],[101.59816,5.91186],[101.59767,5.91407],[101.58982,5.91845],[101.5877,5.93046],[101.58178,5.93439],[101.57549,5.93028],[101.57393,5.9259],[101.55913,5.91903],[101.55417,5.92071],[101.54047,5.91901],[101.53742,5.91523],[101.53334,5.91414],[101.52675,5.90908],[101.52477,5.90561],[101.52573,5.90224],[101.52398,5.89876],[101.52096,5.90084],[101.51802,5.90026],[101.51591,5.90358],[101.51374,5.9032],[101.51209,5.89902],[101.50853,5.89656],[101.50814,5.89367],[101.49892,5.88787],[101.49683,5.88371],[101.49357,5.88148],[101.48715,5.88346],[101.48772,5.87335],[101.48594,5.86983],[101.47902,5.87294],[101.47647,5.87059],[101.47351,5.87054],[101.47035,5.8736],[101.46417,5.87639],[101.46267,5.87383],[101.45888,5.87267],[101.45528,5.86727],[101.45237,5.86737],[101.44721,5.87044],[101.43854,5.87056],[101.4373,5.87254],[101.43516,5.87074],[101.43165,5.87071],[101.42904,5.8751],[101.42685,5.87545],[101.42471,5.87368],[101.41653,5.87616],[101.41436,5.87279],[101.41107,5.87345],[101.40692,5.87191],[101.40294,5.87358],[101.39691,5.87241],[101.39136,5.87568],[101.38908,5.86116],[101.39043,5.85888],[101.38719,5.85366],[101.38014,5.85022],[101.37983,5.84561],[101.37756,5.84429],[101.37407,5.83661],[101.37539,5.83349],[101.37193,5.83091],[101.37053,5.83235],[101.36208,5.83061],[101.35906,5.83316],[101.35442,5.82792],[101.35011,5.82688],[101.34726,5.82341],[101.34871,5.81745],[101.34613,5.81219],[101.34613,5.80844],[101.34174,5.80919],[101.33941,5.80681],[101.33694,5.80664],[101.33282,5.81099],[101.32558,5.81368],[101.32083,5.81193],[101.31751,5.80565],[101.31347,5.80187],[101.30916,5.80258],[101.30719,5.80443],[101.30474,5.81348],[101.29503,5.81163],[101.29056,5.81601],[101.27634,5.8118],[101.27538,5.80894],[101.27266,5.80757],[101.26962,5.80319],[101.26377,5.80073],[101.26281,5.79354],[101.25866,5.78682],[101.25979,5.77719],[101.25735,5.77357],[101.2546,5.77228],[101.24936,5.7612],[101.25068,5.75626],[101.25573,5.7515],[101.25428,5.74567],[101.26026,5.73191],[101.25823,5.72173],[101.25861,5.71942],[101.26119,5.7176],[101.25999,5.71155],[101.25175,5.70784],[101.24915,5.70336],[101.25124,5.6987],[101.24858,5.69589],[101.24676,5.69672],[101.24456,5.69561],[101.24191,5.69125],[101.23587,5.68998],[101.233,5.68765],[101.21851,5.68753],[101.21928,5.68104],[101.22241,5.67567],[101.21872,5.6722],[101.2183,5.66591],[101.21492,5.66385],[101.21498,5.66141],[101.20901,5.6593],[101.20485,5.66007],[101.20343,5.65442],[101.19995,5.65367],[101.20005,5.65174],[101.19644,5.64954],[101.19135,5.64945],[101.18914,5.65116],[101.17635,5.64737],[101.17234,5.64758],[101.16723,5.64153],[101.16733,5.63842],[101.1692,5.63591],[101.16761,5.63355],[101.15261,5.62273],[101.1489,5.62407],[101.14458,5.62293],[101.14498,5.61513],[101.14231,5.61352],[101.13931,5.61447],[101.13587,5.61285],[101.13309,5.61419],[101.13327,5.61889],[101.12828,5.63193],[101.12985,5.63881],[101.12526,5.64654],[101.12633,5.6492],[101.12323,5.65762],[101.12346,5.66148],[101.11998,5.66302],[101.11905,5.67064],[101.11406,5.67532],[101.11423,5.67717],[101.11136,5.68095],[101.10423,5.68395],[101.10307,5.68857],[101.10098,5.68855],[101.09764,5.69122],[101.09726,5.69438],[101.09508,5.69656],[101.09678,5.69988],[101.0955,5.70327],[101.09173,5.70442],[101.08953,5.70364],[101.08511,5.70834],[101.08602,5.71186],[101.08384,5.71177],[101.08248,5.70939],[101.08084,5.70985],[101.08019,5.71368],[101.08135,5.7156],[101.08006,5.71612],[101.08275,5.71911],[101.08239,5.72109],[101.07872,5.72194],[101.07617,5.72494],[101.06826,5.72842],[101.06617,5.72577],[101.06225,5.72667],[101.06189,5.72991],[101.06337,5.73125],[101.05916,5.73406],[101.06087,5.73684],[101.06029,5.7402],[101.06198,5.74222],[101.0602,5.74433],[101.05708,5.7443],[101.05498,5.74235],[101.05387,5.74386],[101.04987,5.73988],[101.04022,5.73985],[101.03746,5.73653],[101.03392,5.73795],[101.0321,5.74019],[101.03282,5.74156],[101.02897,5.74491],[101.02728,5.75],[101.02197,5.75409],[101.0192,5.75938],[101.01946,5.76328],[101.01771,5.76731],[101.00714,5.77008],[101.00736,5.77467],[101.00509,5.7752],[101.00312,5.78],[100.9984,5.77961],[100.99424,5.7771],[100.95935,5.77303],[100.95139,5.76275],[100.9656,5.74154],[100.98196,5.72718],[100.98369,5.7094],[100.974,5.69033],[100.97184,5.6524],[100.95246,5.6464],[100.94794,5.63054],[100.93115,5.62497],[100.92641,5.61018],[100.94643,5.58897],[100.9445,5.55425],[100.94187,5.55021],[100.94208,5.54722],[100.9359,5.5371],[100.93847,5.5266],[100.93528,5.52501],[100.93575,5.52005],[100.92555,5.50495],[100.90983,5.49595],[100.89281,5.50259],[100.87171,5.46358],[100.86633,5.40667],[100.85705,5.37621],[100.84228,5.34909],[100.83154,5.33947],[100.82143,5.33124],[100.81684,5.32526],[100.81796,5.32487],[100.81881,5.32348],[100.8174,5.32195],[100.81471,5.32427],[100.81276,5.32093],[100.81014,5.32316],[100.80857,5.32258],[100.80883,5.3192],[100.80487,5.32014],[100.80388,5.31876],[100.80037,5.32254],[100.79699,5.32234],[100.7958,5.31993],[100.79295,5.32131],[100.79234,5.32385],[100.78675,5.32342],[100.78661,5.31928],[100.78129,5.3133],[100.78219,5.31614],[100.77636,5.31611],[100.77394,5.31786],[100.7742,5.31886],[100.77283,5.31894],[100.77117,5.31973],[100.77031,5.31852],[100.76741,5.319],[100.76699,5.31739],[100.7637,5.31794],[100.76109,5.31536],[100.76035,5.31671],[100.75849,5.3179],[100.75885,5.31905],[100.75547,5.31909],[100.74767,5.31908],[100.73853,5.3128],[100.73718,5.31316],[100.73404,5.31196],[100.73836,5.30639],[100.73652,5.30545],[100.73578,5.30241],[100.73304,5.30275],[100.73305,5.3011],[100.73364,5.30064],[100.73195,5.29759],[100.73124,5.28546],[100.72994,5.28498],[100.73122,5.28374],[100.73021,5.2822],[100.73171,5.28149],[100.73074,5.28047],[100.73089,5.28],[100.7305,5.27941],[100.73013,5.27839],[100.72963,5.27638],[100.7278,5.27605],[100.73002,5.27255],[100.72937,5.26934],[100.7306,5.26791],[100.72814,5.26719],[100.72712,5.26363],[100.71873,5.26021],[100.71526,5.25665],[100.71196,5.25776],[100.71131,5.2565],[100.7095,5.25838],[100.70883,5.25717],[100.7077,5.25792],[100.7064,5.25443],[100.70352,5.25223],[100.70166,5.24984],[100.70094,5.25074],[100.69749,5.24827],[100.69433,5.2487],[100.69182,5.24617],[100.69137,5.24319],[100.69045,5.24366],[100.68985,5.23786],[100.68852,5.23731],[100.69041,5.23498],[100.68677,5.23039],[100.68795,5.22943],[100.68466,5.22747],[100.68629,5.22348],[100.68537,5.22159],[100.68155,5.2202],[100.68097,5.21844],[100.678,5.2179],[100.67899,5.21532],[100.67677,5.21392],[100.67597,5.20945],[100.6715,5.20411],[100.66981,5.19829],[100.667,5.1981],[100.66445,5.19445],[100.66417,5.19344],[100.66388,5.18999],[100.66203,5.19012],[100.66044,5.18278],[100.65826,5.18113],[100.65478,5.18123],[100.65358,5.18355],[100.65133,5.18361],[100.65195,5.1798],[100.65,5.17843],[100.64903,5.17484],[100.64711,5.1748],[100.64608,5.17281],[100.64245,5.17375],[100.64094,5.16994],[100.63841,5.16791],[100.6351,5.16772],[100.63317,5.16474],[100.62969,5.16503],[100.62839,5.16059],[100.62887,5.15853],[100.62784,5.15835],[100.62855,5.15418],[100.62706,5.15264],[100.62729,5.15043],[100.62545,5.15111],[100.62518,5.1485],[100.62707,5.14809],[100.62438,5.1437],[100.62565,5.14152],[100.62459,5.14043],[100.6224,5.14137],[100.62305,5.13758],[100.62162,5.13862],[100.61879,5.1376],[100.61853,5.13327],[100.61411,5.13384],[100.60956,5.13218],[100.60702,5.13447],[100.60776,5.13238],[100.60492,5.13135],[100.60618,5.13027],[100.60448,5.12789],[100.60519,5.12641],[100.60327,5.12892],[100.60366,5.12595],[100.60185,5.12502],[100.5984,5.12594],[100.59674,5.12385],[100.59612,5.12671],[100.59499,5.12375],[100.59323,5.12434],[100.59175,5.12242],[100.59264,5.12088],[100.58959,5.12029],[100.59005,5.11866],[100.59133,5.11913],[100.59056,5.11696],[100.59209,5.11367],[100.58922,5.11246],[100.58935,5.11011],[100.58729,5.10874],[100.5886,5.10624],[100.58658,5.10695],[100.58588,5.10516],[100.58222,5.10468],[100.58609,5.09672],[100.58415,5.09642],[100.58292,5.09782],[100.57972,5.09774],[100.57682,5.09557],[100.57637,5.09427],[100.57357,5.09441],[100.57411,5.09285],[100.5711,5.09231],[100.56492,5.08577],[100.56625,5.08176],[100.56274,5.08082],[100.56281,5.07866],[100.56211,5.08074],[100.55909,5.07877],[100.55218,5.0799],[100.55273,5.07674],[100.5511,5.07554],[100.54902,5.08028],[100.54536,5.08134],[100.54726,5.08619],[100.5439,5.0874],[100.54451,5.09337],[100.54095,5.09608],[100.53695,5.09396],[100.53542,5.08812],[100.52972,5.08751],[100.52345,5.09491],[100.52086,5.09616],[100.51289,5.09465],[100.51098,5.11026],[100.51868,5.1132],[100.51883,5.11689],[100.51615,5.11957],[100.50876,5.12633],[100.50587,5.12585],[100.50413,5.12366],[100.50386,5.12137],[100.50305,5.1181],[100.49914,5.11821],[100.4977,5.12007],[100.4981,5.12573],[100.49681,5.12776],[100.49587,5.12886],[100.49308,5.13068],[100.49271,5.13125],[100.49257,5.13171],[100.49252,5.13254],[100.49254,5.13294],[100.40661,5.12197],[100.40229,5.12344],[100.39916,5.12641],[100.39233,5.12883],[100.38898,5.12838],[100.38402,5.11421],[100.37027,5.10399],[100.36843,5.1048],[100.36462,5.10195],[100.36077,5.09488],[100.36083,5.08781],[100.36336,5.08631],[100.36334,5.08405],[100.36488,5.08497],[100.36447,5.08689],[100.36852,5.08248],[100.36976,5.08269],[100.37204,5.07894],[100.37985,5.07696],[100.37385,5.07416],[100.37672,5.06853],[100.37744,5.06349],[100.37976,5.06147],[100.38275,5.04419],[100.38462,5.04412],[100.38978,5.03502],[100.39039,5.0273],[100.39196,5.02542],[100.39419,5.01417],[100.40245,4.99608],[100.40758,4.99078],[100.40276,5.00085],[100.41071,4.99431],[100.41282,4.99493],[100.41504,5.00086],[100.41831,4.99749],[100.41783,4.99512],[100.42182,4.98646],[100.42105,4.96824],[100.42242,4.95237],[100.42504,4.94343],[100.43132,4.93095],[100.43879,4.92332],[100.44294,4.91598],[100.44839,4.91567],[100.45895,4.92121],[100.46021,4.92317],[100.46651,4.92424],[100.46837,4.93067],[100.47352,4.92737],[100.48494,4.92389],[100.50329,4.91547],[100.50307,4.91183],[100.49612,4.91324],[100.49027,4.91071],[100.486,4.90709],[100.48196,4.90092],[100.4806,4.88776],[100.48467,4.88418],[100.48339,4.88215],[100.48531,4.86703],[100.4877,4.86532],[100.49578,4.86793],[100.50014,4.86592],[100.50513,4.86589],[100.50503,4.86404],[100.51082,4.86163],[100.51675,4.86093],[100.52151,4.86304],[100.5256,4.86769],[100.52536,4.8693],[100.52838,4.87158],[100.53025,4.87795],[100.54582,4.88318],[100.549,4.88161],[100.55024,4.8789],[100.54724,4.87795],[100.54683,4.87606],[100.5471,4.86875],[100.54926,4.86321],[100.55867,4.85849],[100.57262,4.86307],[100.57244,4.86045],[100.56771,4.85651],[100.55229,4.8515],[100.54953,4.84645],[100.55072,4.84131],[100.54921,4.83364],[100.55297,4.82561],[100.55614,4.8251],[100.55554,4.81221],[100.55948,4.80189],[100.56496,4.79378],[100.56598,4.79004],[100.57076,4.78651],[100.57938,4.78809],[100.58652,4.78747],[100.58987,4.78652],[100.59405,4.78222],[100.59799,4.78189],[100.60569,4.79024],[100.61013,4.79245],[100.61796,4.7925],[100.62064,4.79587],[100.62408,4.79737],[100.62714,4.79469],[100.62491,4.79156],[100.62539,4.78884],[100.61587,4.7851],[100.61176,4.78057],[100.6114,4.77192],[100.61575,4.7674],[100.6188,4.76753],[100.61893,4.76431],[100.60881,4.76475],[100.59874,4.76077],[100.58606,4.76556],[100.58239,4.7626],[100.57764,4.75183],[100.57642,4.7439],[100.57917,4.73117],[100.58458,4.72597],[100.58414,4.72293],[100.58043,4.7198],[100.57993,4.71542],[100.58384,4.70659],[100.5838,4.70057],[100.58584,4.69293],[100.5914,4.68289],[100.59556,4.66921],[100.60187,4.67078],[100.61226,4.67625],[100.61965,4.67674],[100.62624,4.68071],[100.62866,4.6802],[100.63128,4.67669],[100.63875,4.67527],[100.64828,4.68476],[100.65029,4.68309],[100.65461,4.68371],[100.65591,4.68104],[100.65238,4.67911],[100.65182,4.67626],[100.65329,4.6745],[100.65634,4.6748],[100.65753,4.67307],[100.65006,4.66901],[100.64865,4.66602],[100.64124,4.66459],[100.63483,4.65681],[100.63511,4.65379],[100.62863,4.65292],[100.62317,4.64876],[100.6227,4.64568],[100.61553,4.64846],[100.60209,4.63764],[100.59092,4.61772],[100.58896,4.60672],[100.58611,4.60423],[100.58746,4.58875],[100.58246,4.56733],[100.58411,4.56542],[100.59041,4.56812],[100.59277,4.56541],[100.59777,4.56462],[100.59766,4.56309],[100.60982,4.55903],[100.61739,4.55466],[100.62288,4.55545],[100.62762,4.56081],[100.63077,4.56057],[100.64101,4.56537],[100.65133,4.56597],[100.65339,4.5672],[100.65746,4.56484],[100.65266,4.55759],[100.64701,4.54295],[100.64496,4.54191],[100.64323,4.53816],[100.63514,4.53536],[100.63315,4.5307],[100.62848,4.5365],[100.62448,4.53053],[100.61857,4.5108],[100.61865,4.46627],[100.61608,4.45135],[100.61791,4.4454],[100.61381,4.44336],[100.61218,4.43147],[100.60573,4.42311],[100.60025,4.42178],[100.59479,4.42268],[100.59266,4.42995],[100.58549,4.42421],[100.58595,4.42122],[100.58266,4.41668],[100.58717,4.41286],[100.58691,4.40809],[100.58944,4.40217],[100.5926,4.40131],[100.59466,4.3988],[100.59323,4.39744],[100.5893,4.39901],[100.58656,4.39725],[100.58761,4.39372],[100.59,4.39208],[100.58753,4.39206],[100.58388,4.38008],[100.58587,4.3762],[100.58534,4.37354],[100.56662,4.33017],[100.56407,4.32706],[100.56372,4.32427],[100.55923,4.31959],[100.55808,4.30892],[100.56107,4.3087],[100.56406,4.3128],[100.56959,4.30996],[100.57149,4.31209],[100.57346,4.3119],[100.57816,4.30524],[100.57892,4.29611],[100.58176,4.29633],[100.58249,4.29765],[100.58619,4.29458],[100.58707,4.28126],[100.585,4.27847],[100.5874,4.27515],[100.59213,4.27348],[100.59041,4.2577],[100.5944,4.25455],[100.59314,4.24255],[100.5911,4.24201],[100.5932,4.2384],[100.59171,4.23437],[100.59665,4.22459],[100.60439,4.21969],[100.60999,4.21384],[100.61033,4.20375],[100.60303,4.19784],[100.6027,4.19053],[100.60415,4.18816],[100.60566,4.18874],[100.60951,4.18511],[100.61386,4.1741],[100.61357,4.16789],[100.61616,4.16455],[100.61724,4.16416],[100.61792,4.16679],[100.62206,4.16551],[100.62585,4.15907],[100.62579,4.15689],[100.62706,4.15694],[100.62823,4.15861],[100.6303,4.15839],[100.63023,4.16128],[100.63403,4.1632],[100.63655,4.17028],[100.64814,4.17175],[100.65367,4.16876],[100.66477,4.17044],[100.68012,4.1657],[100.68528,4.16206],[100.68791,4.16339],[100.6989,4.15616],[100.70024,4.15325],[100.70328,4.15303],[100.71803,4.13722],[100.72165,4.131],[100.72611,4.11626],[100.73435,4.11403],[100.7502,4.10448],[100.76248,4.0852],[100.76655,4.06246],[100.76754,4.04744],[100.76088,4.02146],[100.76059,4.00952],[100.76211,4.00501],[100.75231,3.99201],[100.729,4.00559],[100.71464,4.00388],[100.70887,3.99936],[100.70515,3.99224],[100.7032,3.97668],[100.7013,3.97464],[100.70075,3.97084],[100.70045,3.9552],[100.70424,3.91593],[100.70446,3.90834],[100.70308,3.90527],[100.70699,3.90547],[100.70819,3.90425],[100.70629,3.9015],[100.7077,3.90185],[100.70738,3.90049],[100.70582,3.90072],[100.70648,3.89716],[100.70788,3.8965],[100.70678,3.89479],[100.70827,3.89504],[100.70838,3.89265],[100.71088,3.89053],[100.72682,3.86026],[100.73195,3.85629],[100.74359,3.8553],[100.7429,3.85212],[100.75767,3.84927],[100.75883,3.84946],[100.75817,3.85115],[100.76473,3.84866],[100.76948,3.84893],[100.77178,3.84697],[100.77655,3.84721],[100.78786,3.85558],[100.80145,3.85868],[100.8039,3.86083],[100.80518,3.85966],[100.80787,3.86086],[100.81963,3.85736],[100.8303,3.85659],[100.83176,3.85448],[100.83138,3.84964],[100.84633,3.8506],[100.85823,3.85467],[100.88577,3.85346],[100.93068,3.86908],[100.94241,3.87018],[100.94543,3.86634],[100.94526,3.86086],[100.93942,3.84253],[100.94013,3.83228],[100.94526,3.82986],[100.96088,3.829],[100.96878,3.82661],[100.97871,3.81564],[100.9789,3.80896],[100.97756,3.80611],[100.96448,3.79903],[100.96036,3.79594],[100.95894,3.79295],[100.95865,3.78395],[100.96085,3.77865],[100.96586,3.77248],[100.97408,3.76933],[100.98337,3.77168],[100.98432,3.7733],[100.9851,3.7909],[100.98619,3.79421],[100.99194,3.8005],[100.99487,3.80146],[101.00572,3.79864],[101.01523,3.80392],[101.02352,3.80602],[101.02851,3.8016],[101.03102,3.79481],[101.02547,3.78513],[101.02792,3.78222],[101.03648,3.7855],[101.04301,3.7859],[101.05069,3.793],[101.05659,3.79593],[101.05896,3.79556],[101.06086,3.79059],[101.05578,3.78508],[101.05406,3.7796],[101.05402,3.77751],[101.05793,3.77164],[101.05735,3.75407],[101.06024,3.75233],[101.06395,3.75581],[101.06496,3.76309],[101.06814,3.7654],[101.07842,3.76857],[101.08298,3.77724],[101.08973,3.78288],[101.0927,3.77942],[101.08737,3.76733],[101.08835,3.76504],[101.09418,3.76115],[101.10173,3.75238],[101.10006,3.74941],[101.09809,3.74957],[101.09337,3.75511],[101.07423,3.75895],[101.07992,3.7455],[101.07359,3.73545],[101.07303,3.73227],[101.07566,3.72864],[101.08022,3.72895],[101.08403,3.74235],[101.0918,3.74172],[101.09675,3.745],[101.09939,3.74506],[101.09997,3.73558],[101.10175,3.73264],[101.10707,3.73394],[101.10606,3.74233],[101.10944,3.74717],[101.11288,3.74582],[101.11954,3.73622],[101.1221,3.73632],[101.12387,3.73887],[101.12271,3.74726],[101.13257,3.76401],[101.13481,3.75417],[101.1359,3.75192],[101.14485,3.74684],[101.14446,3.74506],[101.13383,3.73671],[101.13508,3.73445],[101.13926,3.73421],[101.15364,3.72849],[101.15434,3.73102],[101.15061,3.74096],[101.15168,3.74358],[101.15509,3.74474],[101.15728,3.73584],[101.16203,3.72566],[101.16368,3.72495],[101.16527,3.74233],[101.16374,3.74881],[101.16699,3.74902],[101.16768,3.74665],[101.16839,3.73919],[101.17155,3.73322],[101.17036,3.72771],[101.17303,3.72786],[101.19143,3.73116],[101.18287,3.72481],[101.17614,3.71505],[101.17046,3.72017],[101.17047,3.71562],[101.17485,3.71009],[101.18507,3.71811],[101.18904,3.71917],[101.19135,3.7223],[101.1934,3.72204],[101.19239,3.72057],[101.19408,3.71799],[101.19742,3.71703],[101.19667,3.72266],[101.19659,3.7262],[101.19755,3.72789],[101.20139,3.72734],[101.19914,3.72431],[101.20043,3.72302],[101.20062,3.72164],[101.20194,3.72276],[101.20384,3.72092],[101.20355,3.71898],[101.20679,3.71877],[101.2078,3.71382],[101.21049,3.71347],[101.21002,3.7152],[101.21291,3.71676],[101.21451,3.71446],[101.21444,3.71344],[101.21215,3.71395],[101.21277,3.71102],[101.21445,3.71122],[101.21325,3.70892],[101.21261,3.70772],[101.21601,3.70837],[101.22175,3.71294],[101.22906,3.71328],[101.23031,3.71501],[101.23411,3.71508],[101.23744,3.71767],[101.23897,3.71719],[101.24,3.72024],[101.24099,3.71936],[101.2443,3.71986],[101.24667,3.71774],[101.24999,3.71785],[101.2487,3.71704],[101.24874,3.71342],[101.24709,3.71256],[101.24795,3.71189],[101.24606,3.70807],[101.24628,3.70217],[101.2446,3.70153],[101.24713,3.69932],[101.24567,3.69787],[101.24719,3.69853],[101.24751,3.69131],[101.24914,3.69253],[101.24658,3.6891],[101.245,3.68333],[101.24674,3.6822],[101.24613,3.68015],[101.24856,3.68002],[101.24999,3.67717],[101.2493,3.67647],[101.25179,3.67402],[101.25458,3.67133],[101.2556,3.6726],[101.25818,3.6732],[101.25988,3.67126],[101.26032,3.66991],[101.2622,3.6701],[101.26403,3.66828],[101.26482,3.66981],[101.26864,3.66874],[101.27146,3.66762],[101.27258,3.67011],[101.27905,3.66787],[101.27968,3.66925],[101.28035,3.6677],[101.28056,3.66949],[101.28138,3.6681],[101.28217,3.66921],[101.28163,3.67356],[101.28726,3.67458],[101.28761,3.6762],[101.28967,3.67523],[101.29044,3.67704],[101.29344,3.67578],[101.29555,3.67827],[101.29618,3.67631],[101.29799,3.6775],[101.29884,3.6762],[101.29841,3.67565],[101.30145,3.67207],[101.30687,3.67445],[101.30752,3.67714],[101.30926,3.67702],[101.31009,3.68114],[101.31179,3.68211],[101.31067,3.68452],[101.31381,3.68518],[101.31524,3.68408],[101.31628,3.68544],[101.32332,3.69087],[101.32611,3.68834],[101.33015,3.6921],[101.33397,3.69067],[101.33298,3.68865],[101.33527,3.69029],[101.33989,3.69243],[101.34299,3.6984],[101.34186,3.69944],[101.34665,3.7068],[101.34697,3.7109],[101.34634,3.71291],[101.34451,3.71315],[101.34503,3.71451],[101.34417,3.71857],[101.34041,3.72306],[101.34125,3.72704],[101.3399,3.72734],[101.33746,3.73681],[101.33841,3.73949],[101.33758,3.74638],[101.33514,3.75504],[101.32928,3.76228],[101.32924,3.77156],[101.32674,3.77929],[101.32671,3.78618],[101.33177,3.78818],[101.33392,3.78756],[101.33457,3.79078],[101.33621,3.78945],[101.33745,3.79064],[101.33742,3.79464],[101.34081,3.79399],[101.34214,3.79642],[101.34341,3.79518],[101.34779,3.79636],[101.35117,3.79401],[101.35059,3.79608],[101.35305,3.80008],[101.35554,3.79963],[101.35664,3.80296],[101.35785,3.8002],[101.35946,3.80242],[101.36342,3.80395],[101.36644,3.80073],[101.36927,3.80287],[101.37105,3.79955],[101.3737,3.80201],[101.37499,3.79808],[101.37565,3.79913],[101.37703,3.79789],[101.37698,3.79542],[101.38084,3.7938],[101.38131,3.79176],[101.38189,3.79023],[101.38348,3.79096],[101.38442,3.78868],[101.38408,3.78429],[101.3865,3.77688],[101.3851,3.77638],[101.38726,3.7753],[101.38724,3.77342],[101.38593,3.77298],[101.38726,3.77124],[101.39241,3.77356],[101.39381,3.77113],[101.39831,3.76968],[101.40143,3.76497],[101.40428,3.7656],[101.40508,3.76444],[101.40362,3.76528],[101.40328,3.76296],[101.40956,3.75881],[101.41281,3.75886],[101.41369,3.76089],[101.41517,3.75806],[101.41925,3.7588],[101.42013,3.75231],[101.42216,3.75265],[101.42271,3.75134],[101.42461,3.75243],[101.42391,3.75076],[101.42716,3.75333],[101.42839,3.75184],[101.43052,3.7523],[101.43297,3.75176],[101.43618,3.75366],[101.43957,3.75101],[101.44137,3.75253],[101.44271,3.75036],[101.4419,3.74834],[101.44394,3.74647],[101.44353,3.74552],[101.44522,3.7454],[101.44561,3.73916],[101.44929,3.73926],[101.44922,3.73736],[101.45374,3.73315],[101.45334,3.73052],[101.45605,3.72709],[101.45497,3.72604],[101.45623,3.72633],[101.45603,3.72488],[101.45816,3.72306],[101.45673,3.72266],[101.45672,3.72069],[101.45976,3.71847],[101.45951,3.71641],[101.46402,3.71432],[101.46462,3.71617],[101.46737,3.7163],[101.46937,3.71669],[101.47534,3.7129],[101.47542,3.70954],[101.47815,3.70529],[101.48016,3.70166],[101.48318,3.70184],[101.48837,3.69967],[101.48882,3.69825],[101.49335,3.69981],[101.49461,3.69908],[101.49742,3.6992],[101.50211,3.69314],[101.50516,3.69254],[101.51263,3.6868],[101.51926,3.67732],[101.52757,3.68172],[101.53466,3.68228],[101.53739,3.68624],[101.54156,3.68757],[101.54323,3.6928],[101.54517,3.69296],[101.54707,3.69563],[101.54637,3.69809],[101.54814,3.70175],[101.54937,3.69989],[101.55441,3.70392],[101.55957,3.70351],[101.55988,3.70709],[101.56382,3.7101],[101.56845,3.71145],[101.56957,3.71646],[101.5722,3.7203],[101.57811,3.7201],[101.57893,3.72352],[101.58168,3.72649],[101.58193,3.73855],[101.5777,3.74612],[101.57637,3.75197],[101.58118,3.77003],[101.59957,3.77138],[101.61005,3.77389],[101.62479,3.77247]]]]}},{"type":"Feature","properties":{"state_code":"SBH","name":"Sabah","region_group":"east_malaysia"},"geometry":{"type":"MultiPolygon","coordinates":[[[[117.62919,4.20156],[117.63554,4.18444],[117.63743,4.18427],[117.64413,4.1894],[117.63898,4.19659],[117.62919,4.20156]]],[[[117.89977,4.16609],[117.88709,4.17884],[117.88343,4.18509],[117.86763,4.18529],[117.83433,4.19574],[117.82712,4.19433],[117.81115,4.20241],[117.80652,4.20906],[117.79691,4.21488],[117.78352,4.21967],[117.77974,4.22515],[117.7794,4.24124],[117.76017,4.25014],[117.75313,4.25771],[117.70146,4.26182],[117.6891,4.26473],[117.68052,4.26452],[117.66885,4.25802],[117.66061,4.24692],[117.6364,4.23049],[117.62713,4.22039],[117.62593,4.21645],[117.62799,4.20529],[117.64207,4.19742],[117.65786,4.18221],[117.66576,4.18033],[117.66657,4.17583],[117.66953,4.17279],[117.67788,4.17067],[117.6788,4.16869],[117.68398,4.16553],[117.89977,4.16609]]],[[[118.65316,4.39034],[118.64798,4.38331],[118.6535,4.38263],[118.66019,4.38486],[118.665,4.38845],[118.66346,4.39153],[118.65316,4.39034]]],[[[118.64423,4.41532],[118.6567,4.41763],[118.65661,4.41949],[118.65935,4.42049],[118.66501,4.42642],[118.66536,4.42429],[118.66712,4.42364],[118.66868,4.42476],[118.66763,4.42606],[118.67243,4.4258],[118.67312,4.42811],[118.67813,4.43127],[118.67832,4.43336],[118.68205,4.43618],[118.68423,4.44083],[118.69247,4.441],[118.71701,4.43603],[118.73435,4.4386],[118.74431,4.44356],[118.7498,4.45092],[118.75152,4.46136],[118.73521,4.47232],[118.6959,4.47368],[118.68783,4.47574],[118.68594,4.49097],[118.65745,4.49251],[118.64526,4.49046],[118.63891,4.48738],[118.62689,4.48447],[118.62895,4.47865],[118.63925,4.46393],[118.64474,4.45743],[118.65092,4.45417],[118.65298,4.44399],[118.65218,4.43492],[118.64307,4.42164],[118.64255,4.41626],[118.64423,4.41532]]],[[[118.59565,4.5524],[118.6032,4.556],[118.61024,4.55429],[118.61384,4.55771],[118.61127,4.56609],[118.60389,4.56472],[118.60252,4.5625],[118.60355,4.55925],[118.59565,4.5524]]],[[[118.52183,4.54128],[118.52097,4.53395],[118.52664,4.53122],[118.55891,4.5394],[118.56046,4.54813],[118.56303,4.54987],[118.56646,4.55021],[118.57127,4.54816],[118.57625,4.54901],[118.57934,4.5524],[118.57951,4.56681],[118.58243,4.57365],[118.5826,4.57759],[118.58003,4.57947],[118.57762,4.57776],[118.57762,4.57588],[118.57419,4.57485],[118.57591,4.56972],[118.5735,4.56626],[118.57453,4.56185],[118.57093,4.5651],[118.56732,4.56441],[118.56647,4.56216],[118.55651,4.55651],[118.52183,4.54128]]],[[[118.32374,4.65473],[118.3524,4.64361],[118.36854,4.64823],[118.40974,4.63214],[118.41146,4.62958],[118.41918,4.63231],[118.4463,4.62444],[118.44476,4.61212],[118.4681,4.60579],[118.47566,4.61691],[118.47875,4.61708],[118.5148,4.59535],[118.53368,4.59707],[118.53351,4.6034],[118.5275,4.60545],[118.53797,4.61948],[118.54999,4.58988],[118.55291,4.58663],[118.56612,4.61965],[118.57247,4.62068],[118.579,4.61777],[118.58638,4.62496],[118.58689,4.63112],[118.58312,4.63642],[118.55256,4.64788],[118.54758,4.65558],[118.53299,4.64549],[118.52029,4.64874],[118.52201,4.65729],[118.51651,4.66157],[118.50776,4.6614],[118.50347,4.64104],[118.49763,4.64104],[118.49454,4.65456],[118.49591,4.65849],[118.4887,4.66294],[118.48458,4.66739],[118.48767,4.67355],[118.49231,4.67474],[118.48905,4.678],[118.48682,4.67646],[118.47497,4.67646],[118.46725,4.68313],[118.46416,4.69938],[118.45643,4.70109],[118.44236,4.6963],[118.42124,4.69835],[118.41798,4.70503],[118.41231,4.70742],[118.41231,4.71153],[118.39704,4.70879],[118.39481,4.70434],[118.38897,4.7028],[118.38948,4.69904],[118.39738,4.69989],[118.39601,4.69528],[118.40425,4.69288],[118.40648,4.70058],[118.40991,4.70058],[118.41128,4.6987],[118.40751,4.6922],[118.41678,4.68809],[118.43824,4.69014],[118.43892,4.68433],[118.42553,4.68347],[118.42776,4.67269],[118.43429,4.67098],[118.43291,4.66397],[118.413,4.6626],[118.40339,4.65935],[118.40253,4.66482],[118.39738,4.66328],[118.3888,4.66619],[118.37575,4.66089],[118.35326,4.66739],[118.3282,4.66379],[118.32305,4.66003],[118.32374,4.65473]]],[[[118.46072,4.70468],[118.47137,4.71581],[118.47617,4.71632],[118.47806,4.71923],[118.46828,4.71888],[118.46313,4.72008],[118.46021,4.72658],[118.45952,4.72094],[118.45334,4.72128],[118.45008,4.71512],[118.44682,4.71307],[118.44785,4.70742],[118.44991,4.7052],[118.45489,4.70657],[118.45712,4.70451],[118.46072,4.70468]]],[[[118.39189,4.75789],[118.39144,4.76393],[118.38566,4.77189],[118.38622,4.77431],[118.38197,4.77725],[118.38138,4.77599],[118.38518,4.76991],[118.38005,4.76372],[118.38238,4.76372],[118.38637,4.75987],[118.38745,4.7587],[118.38665,4.75673],[118.39075,4.75666],[118.39189,4.75789]]],[[[118.36923,4.80014],[118.37215,4.79775],[118.37249,4.79467],[118.3718,4.79022],[118.3694,4.78817],[118.37215,4.78697],[118.373,4.78458],[118.37867,4.78885],[118.37936,4.79262],[118.38142,4.79381],[118.38313,4.79073],[118.38039,4.78543],[118.37987,4.78064],[118.38536,4.78509],[118.38777,4.7844],[118.38777,4.78765],[118.39343,4.78937],[118.3991,4.78731],[118.40579,4.79039],[118.40579,4.78629],[118.41043,4.7868],[118.41283,4.78235],[118.41592,4.78115],[118.41764,4.7844],[118.41781,4.7868],[118.41523,4.78954],[118.40785,4.79142],[118.39927,4.7998],[118.37781,4.80579],[118.37661,4.80408],[118.36854,4.80254],[118.35944,4.80716],[118.35961,4.80185],[118.36923,4.80014]]],[[[118.31441,4.79804],[118.32161,4.79969],[118.32635,4.79758],[118.32707,4.79958],[118.31893,4.80735],[118.30959,4.81004],[118.31105,4.80828],[118.30916,4.80518],[118.31137,4.80295],[118.30829,4.80054],[118.30966,4.79826],[118.30288,4.79928],[118.30178,4.79829],[118.31152,4.79625],[118.31441,4.79804]]],[[[118.31144,4.96713],[118.30506,4.96275],[118.30515,4.9602],[118.30355,4.95848],[118.30629,4.95394],[118.3043,4.9552],[118.30374,4.95278],[118.3067,4.95259],[118.31377,4.94858],[118.31442,4.95061],[118.31794,4.95066],[118.31968,4.95355],[118.32112,4.95341],[118.32032,4.9517],[118.32238,4.95272],[118.32605,4.95087],[118.34713,4.95937],[118.36093,4.96706],[118.37814,4.97248],[118.38335,4.9752],[118.38589,4.97938],[118.38345,4.98141],[118.37789,4.98176],[118.37635,4.97919],[118.37511,4.98008],[118.37172,4.97838],[118.36609,4.97816],[118.36167,4.97554],[118.36109,4.97959],[118.36013,4.97777],[118.35721,4.97824],[118.35846,4.98062],[118.357,4.98168],[118.35915,4.98234],[118.35703,4.9842],[118.35904,4.98572],[118.35702,4.98504],[118.356,4.98194],[118.3561,4.98542],[118.35508,4.98562],[118.35396,4.97922],[118.3525,4.98204],[118.35367,4.9837],[118.35194,4.98641],[118.35035,4.98408],[118.35146,4.98258],[118.34757,4.98165],[118.34853,4.98044],[118.34713,4.97566],[118.34517,4.97571],[118.34504,4.97862],[118.3466,4.97941],[118.34432,4.98261],[118.34553,4.98429],[118.3442,4.98435],[118.34289,4.98205],[118.34147,4.9829],[118.3462,4.98776],[118.34001,4.99029],[118.34672,4.99092],[118.33989,4.99191],[118.33614,4.98937],[118.33365,4.99132],[118.33283,4.98845],[118.33179,4.9901],[118.32547,4.98917],[118.3277,4.98693],[118.32623,4.98528],[118.32438,4.98583],[118.32275,4.98274],[118.32425,4.98099],[118.33159,4.98146],[118.32635,4.9811],[118.32755,4.98114],[118.32718,4.979],[118.32458,4.97654],[118.32588,4.97598],[118.32565,4.97439],[118.32904,4.97375],[118.32832,4.97156],[118.33576,4.97052],[118.33596,4.96687],[118.3332,4.96555],[118.33053,4.96718],[118.32976,4.96545],[118.3249,4.96755],[118.32126,4.96322],[118.31892,4.9634],[118.3181,4.96576],[118.31144,4.96713]]],[[[119.10801,5.43827],[119.11195,5.43729],[119.12174,5.44018],[119.13087,5.44503],[119.13392,5.44405],[119.13701,5.44522],[119.14067,5.44974],[119.14432,5.44997],[119.14886,5.45259],[119.14937,5.45469],[119.14696,5.45812],[119.13941,5.46188],[119.13083,5.46205],[119.1219,5.45932],[119.11452,5.4612],[119.10577,5.45709],[119.10199,5.44787],[119.10388,5.43883],[119.10801,5.43827]]],[[[115.63405,5.72717],[115.63645,5.72426],[115.65014,5.7217],[115.65482,5.7147],[115.65585,5.70821],[115.65817,5.70523],[115.66684,5.70547],[115.67044,5.71026],[115.67079,5.71367],[115.66049,5.7258],[115.66049,5.73092],[115.65688,5.73451],[115.64601,5.73401],[115.64023,5.73912],[115.63456,5.73878],[115.63233,5.73707],[115.63182,5.72973],[115.63405,5.72717]]],[[[118.09444,5.76635],[118.09875,5.76928],[118.11167,5.77075],[118.11524,5.7734],[118.12083,5.77459],[118.12211,5.78037],[118.11341,5.77899],[118.1036,5.78156],[118.09957,5.78449],[118.09618,5.78064],[118.093,5.78167],[118.08977,5.7702],[118.09197,5.76955],[118.09444,5.76635]]],[[[117.91559,5.78685],[117.91446,5.78508],[117.91536,5.78309],[117.92361,5.7776],[117.94384,5.77765],[117.95226,5.77218],[117.96395,5.74755],[117.96719,5.74451],[117.97408,5.74167],[117.98133,5.74354],[118.00148,5.74168],[118.0035,5.7425],[118.00777,5.74985],[118.0154,5.75445],[118.01805,5.76861],[118.01646,5.77391],[118.01311,5.77206],[118.00793,5.77174],[118.00298,5.76604],[118.01082,5.77574],[118.00762,5.77478],[118.00565,5.77665],[117.99709,5.77496],[117.99197,5.78288],[117.99217,5.78638],[117.98728,5.78137],[117.98094,5.78565],[117.98071,5.78807],[117.97824,5.78921],[117.98231,5.78943],[117.98112,5.79256],[117.97283,5.79161],[117.96788,5.78942],[117.94583,5.79008],[117.94093,5.78881],[117.93288,5.791],[117.91997,5.7971],[117.92011,5.79093],[117.91559,5.78685]]],[[[118.18857,5.8159],[118.19733,5.82029],[118.20223,5.82024],[118.20364,5.8255],[118.20639,5.81923],[118.21641,5.82136],[118.23074,5.83455],[118.23005,5.83736],[118.22485,5.84288],[118.22111,5.84485],[118.20201,5.85004],[118.18274,5.85239],[118.17549,5.85165],[118.17079,5.84946],[118.15847,5.83834],[118.1561,5.83304],[118.15728,5.83252],[118.15643,5.82896],[118.15207,5.82342],[118.15262,5.82127],[118.16238,5.81519],[118.1724,5.81359],[118.17627,5.81163],[118.18407,5.81624],[118.18857,5.8159]]],[[[118.14393,5.85475],[118.14737,5.85782],[118.14719,5.86124],[118.15097,5.86533],[118.14891,5.8737],[118.14513,5.879],[118.14702,5.88224],[118.13981,5.88856],[118.14273,5.88275],[118.13981,5.87951],[118.1393,5.87507],[118.14222,5.8696],[118.14136,5.86311],[118.14393,5.85475]]],[[[118.09394,5.89926],[118.09619,5.89903],[118.10094,5.90243],[118.0997,5.9087],[118.09605,5.90899],[118.08776,5.90394],[118.08879,5.90177],[118.09394,5.89926]]],[[[118.10394,5.91349],[118.11149,5.91451],[118.11561,5.91844],[118.11561,5.92083],[118.10977,5.92698],[118.10582,5.92595],[118.10462,5.92288],[118.10222,5.92151],[118.10514,5.91759],[118.10394,5.91349]]],[[[117.65081,5.93197],[117.64216,5.92929],[117.63631,5.92036],[117.6424,5.91884],[117.6528,5.92061],[117.65391,5.922],[117.64992,5.9264],[117.65323,5.92977],[117.65081,5.93197]]],[[[117.68491,5.94303],[117.69126,5.94456],[117.69418,5.94712],[117.6995,5.95686],[117.69778,5.95788],[117.68628,5.95651],[117.68199,5.94968],[117.68491,5.94303]]],[[[117.66322,5.94157],[117.67661,5.94054],[117.67849,5.94174],[117.68158,5.94635],[117.68107,5.95028],[117.68502,5.95693],[117.6936,5.95779],[117.70613,5.97469],[117.7154,5.98237],[117.71746,5.99074],[117.71746,5.99859],[117.71025,6.01686],[117.69806,6.01925],[117.69669,6.01464],[117.69772,6.01174],[117.69085,6.00986],[117.69188,6.00508],[117.68605,5.98698],[117.68811,5.96718],[117.68519,5.96274],[117.6694,5.95403],[117.66322,5.94157]]],[[[117.69824,6.02369],[117.71746,6.01396],[117.72484,6.02249],[117.72433,6.03308],[117.72278,6.0353],[117.71866,6.03598],[117.7142,6.03342],[117.70476,6.03495],[117.69858,6.02949],[117.69824,6.02369]]],[[[116.00887,6.01206],[116.01482,6.0106],[116.01701,6.01437],[116.01927,6.01035],[116.01958,6.01239],[116.0211,6.01281],[116.02426,6.00571],[116.02827,6.01264],[116.03125,6.01316],[116.03282,6.00829],[116.03483,6.00942],[116.03577,6.00562],[116.03891,6.00354],[116.03916,6.00131],[116.03717,5.99926],[116.03764,5.99481],[116.04047,5.99335],[116.04085,5.99168],[116.04679,5.99682],[116.05029,6.0043],[116.05657,6.0028],[116.05782,6.00157],[116.05736,5.99798],[116.06056,5.99845],[116.06244,5.99577],[116.06383,5.99549],[116.06619,5.99875],[116.06135,5.99994],[116.05971,6.00206],[116.06382,6.0114],[116.06325,6.01749],[116.05969,6.01383],[116.0596,6.01073],[116.05656,6.00693],[116.0526,6.00678],[116.05059,6.00898],[116.05091,6.01297],[116.04708,6.01213],[116.04597,6.01346],[116.04552,6.01538],[116.05119,6.0249],[116.0498,6.02952],[116.05054,6.03162],[116.04281,6.03162],[116.03973,6.0264],[116.02954,6.02397],[116.02886,6.02495],[116.03103,6.02711],[116.0279,6.02881],[116.02745,6.03433],[116.02188,6.02781],[116.01791,6.02917],[116.01658,6.04005],[116.01747,6.04241],[116.01437,6.04405],[116.01074,6.04064],[116.00493,6.02442],[116.00745,6.01997],[116.00733,6.01427],[116.00887,6.01206]]],[[[116.07173,6.06985],[116.06943,6.06842],[116.06773,6.05857],[116.07473,6.06104],[116.0759,6.0657],[116.07955,6.06837],[116.07835,6.07145],[116.0804,6.07723],[116.07427,6.07355],[116.07155,6.07435],[116.07173,6.06985]]],[[[118.0186,6.10874],[118.02345,6.11093],[118.03239,6.11945],[118.02345,6.12283],[118.01942,6.12067],[118.01882,6.11685],[118.01705,6.11544],[118.00978,6.11325],[118.01438,6.10865],[118.0186,6.10874]]],[[[115.58387,6.20371],[115.59052,6.18844],[115.59252,6.18738],[115.60417,6.19043],[115.60843,6.19993],[115.60434,6.21228],[115.59188,6.20935],[115.58387,6.20371]]],[[[117.65195,6.2332],[117.64749,6.23013],[117.64302,6.22908],[117.64114,6.22075],[117.63856,6.21699],[117.63976,6.21267],[117.64423,6.20829],[117.64491,6.20539],[117.6502,6.20867],[117.65727,6.2274],[117.65779,6.22996],[117.65195,6.2332]]],[[[117.72407,6.27168],[117.72748,6.25726],[117.72748,6.25146],[117.72302,6.24037],[117.72542,6.23662],[117.72422,6.2286],[117.72199,6.22826],[117.72199,6.22655],[117.72405,6.22535],[117.72645,6.22604],[117.72834,6.22877],[117.72834,6.24447],[117.7304,6.25317],[117.72907,6.26204],[117.72407,6.27168]]],[[[116.3681,6.70769],[116.37169,6.7098],[116.36645,6.70814],[116.35981,6.71312],[116.34871,6.71568],[116.34734,6.71704],[116.34843,6.72031],[116.34223,6.71945],[116.33869,6.71693],[116.34165,6.7172],[116.34318,6.71591],[116.34455,6.71321],[116.34404,6.70919],[116.34846,6.70928],[116.35789,6.70549],[116.36481,6.70579],[116.3681,6.70769]]],[[[117.39505,6.67539],[117.38696,6.67881],[117.38598,6.67713],[117.38451,6.67964],[117.381,6.68058],[117.37353,6.68056],[117.37151,6.67848],[117.37229,6.68014],[117.36887,6.68195],[117.36116,6.68046],[117.35471,6.68225],[117.35179,6.68019],[117.35238,6.67859],[117.3509,6.67954],[117.34072,6.67785],[117.33083,6.6726],[117.32567,6.66501],[117.32527,6.6583],[117.33165,6.65076],[117.33481,6.65325],[117.33257,6.65058],[117.33795,6.64515],[117.34031,6.64637],[117.33889,6.64404],[117.34522,6.63705],[117.35827,6.63502],[117.36703,6.63617],[117.38035,6.63308],[117.38696,6.62908],[117.39447,6.62906],[117.39594,6.63054],[117.39744,6.62957],[117.3983,6.63122],[117.3978,6.62923],[117.39618,6.63023],[117.39372,6.62839],[117.3868,6.62806],[117.39378,6.62516],[117.39696,6.62215],[117.39643,6.62041],[117.3992,6.61899],[117.40982,6.62499],[117.41419,6.62605],[117.42134,6.62382],[117.43035,6.62342],[117.44603,6.63576],[117.45256,6.63912],[117.46594,6.63998],[117.46902,6.64137],[117.46985,6.64009],[117.47434,6.64496],[117.47043,6.65182],[117.47523,6.65499],[117.47473,6.65328],[117.47093,6.65134],[117.47545,6.64332],[117.48145,6.64239],[117.48589,6.64683],[117.48951,6.64642],[117.49478,6.65355],[117.50068,6.6551],[117.51297,6.67303],[117.51019,6.67485],[117.51023,6.69486],[117.50223,6.69976],[117.49251,6.71186],[117.49282,6.71486],[117.48962,6.7223],[117.48414,6.72844],[117.48155,6.72933],[117.48124,6.73233],[117.47493,6.74326],[117.47448,6.74659],[117.47632,6.74848],[117.47477,6.75485],[117.47177,6.7576],[117.46594,6.75559],[117.46512,6.753],[117.45994,6.75106],[117.45937,6.74923],[117.44714,6.74626],[117.43376,6.74844],[117.43063,6.7505],[117.42438,6.74949],[117.41918,6.75351],[117.41609,6.7541],[117.40778,6.75138],[117.39036,6.74165],[117.38669,6.73257],[117.38892,6.73188],[117.39234,6.72662],[117.39156,6.72143],[117.39445,6.71336],[117.39672,6.71236],[117.40194,6.71311],[117.41151,6.70759],[117.42533,6.70522],[117.43555,6.69355],[117.44323,6.69681],[117.44401,6.69828],[117.45037,6.69777],[117.45253,6.69583],[117.45002,6.69732],[117.44737,6.69698],[117.4477,6.69239],[117.45337,6.68931],[117.44746,6.69118],[117.447,6.69595],[117.44544,6.69704],[117.44121,6.69358],[117.43674,6.69263],[117.43505,6.69],[117.43112,6.68954],[117.43056,6.68778],[117.43315,6.6851],[117.43457,6.68555],[117.4336,6.68407],[117.43737,6.67756],[117.4298,6.68749],[117.42294,6.68426],[117.42279,6.68166],[117.42674,6.67831],[117.42631,6.67277],[117.43229,6.66999],[117.42952,6.66987],[117.4259,6.67245],[117.42642,6.67637],[117.42309,6.68034],[117.41883,6.6801],[117.4126,6.67572],[117.4146,6.67404],[117.4157,6.67001],[117.41288,6.67496],[117.40694,6.67254],[117.3984,6.67468],[117.3967,6.67389],[117.39505,6.67539]]],[[[117.2582,6.82317],[117.25763,6.82152],[117.25941,6.82165],[117.26356,6.81616],[117.26815,6.82232],[117.27707,6.82433],[117.28789,6.8334],[117.28824,6.84056],[117.27261,6.83306],[117.26487,6.82576],[117.2582,6.82317]]],[[[117.19653,6.97463],[117.19962,6.97412],[117.2022,6.97105],[117.20374,6.97105],[117.20941,6.97531],[117.20941,6.97753],[117.20735,6.98025],[117.20065,6.9811],[117.1955,6.97855],[117.19533,6.97531],[117.19653,6.97463]]],[[[115.67088,4.11611],[115.67386,4.11488],[115.67589,4.11874],[115.67577,4.12759],[115.68033,4.12854],[115.68446,4.1352],[115.68454,4.13758],[115.6806,4.14381],[115.68343,4.14565],[115.68285,4.15488],[115.68481,4.16379],[115.68626,4.16697],[115.68921,4.16827],[115.68905,4.17401],[115.69866,4.18599],[115.70494,4.19847],[115.70681,4.19954],[115.71282,4.19682],[115.72048,4.1979],[115.73066,4.19391],[115.73582,4.2124],[115.74264,4.21611],[115.74918,4.21585],[115.7555,4.22143],[115.75898,4.23265],[115.76388,4.23935],[115.76526,4.25022],[115.76958,4.2509],[115.77628,4.24681],[115.78895,4.24654],[115.79588,4.24313],[115.79791,4.23261],[115.80108,4.22591],[115.81042,4.23131],[115.81785,4.23035],[115.82918,4.24042],[115.82385,4.26009],[115.82431,4.26231],[115.83427,4.26354],[115.83932,4.26832],[115.84418,4.26889],[115.84736,4.27494],[115.84573,4.28563],[115.84737,4.29149],[115.85019,4.29418],[115.85621,4.29421],[115.86305,4.29641],[115.86954,4.30046],[115.86952,4.3043],[115.86614,4.30997],[115.864,4.32133],[115.86527,4.34135],[115.86213,4.34337],[115.8684,4.34621],[115.86982,4.3511],[115.87296,4.35344],[115.86974,4.35865],[115.8712,4.36787],[115.86913,4.37143],[115.87193,4.37491],[115.87193,4.38173],[115.87839,4.39126],[115.88747,4.3911],[115.89099,4.39302],[115.89363,4.39171],[115.90105,4.39493],[115.90297,4.3926],[115.90894,4.39095],[115.91521,4.37797],[115.91449,4.3717],[115.92046,4.36707],[115.92279,4.36121],[115.92987,4.35424],[115.93711,4.35348],[115.94204,4.35704],[115.94767,4.35578],[115.9502,4.35849],[115.95601,4.35972],[115.95877,4.35838],[115.96187,4.35375],[115.97576,4.35822],[115.97867,4.35298],[115.98487,4.35126],[115.98901,4.35321],[115.99329,4.34961],[116.00711,4.34757],[116.00805,4.34241],[116.00632,4.33837],[116.00975,4.33453],[116.02068,4.33469],[116.03496,4.32996],[116.03615,4.32762],[116.03463,4.32475],[116.03767,4.31993],[116.03554,4.30364],[116.03905,4.2949],[116.04784,4.29007],[116.0563,4.28875],[116.0702,4.27879],[116.07901,4.27643],[116.08346,4.27755],[116.08816,4.28151],[116.09103,4.29012],[116.09357,4.30557],[116.09845,4.31154],[116.10457,4.31401],[116.10853,4.323],[116.11478,4.32463],[116.11369,4.33108],[116.11984,4.33885],[116.13058,4.33136],[116.13554,4.33619],[116.14285,4.3338],[116.14984,4.33946],[116.16277,4.34233],[116.16346,4.34498],[116.16186,4.35166],[116.1645,4.3748],[116.17106,4.39307],[116.17492,4.39142],[116.17743,4.38464],[116.17936,4.38291],[116.20207,4.38194],[116.2052,4.37826],[116.22329,4.38357],[116.24737,4.3779],[116.25144,4.37983],[116.25234,4.37308],[116.25941,4.36392],[116.26492,4.36461],[116.27178,4.36313],[116.27729,4.36316],[116.28994,4.37425],[116.29998,4.37128],[116.31217,4.37384],[116.31615,4.38004],[116.31646,4.38356],[116.32113,4.38608],[116.3355,4.38665],[116.33749,4.389],[116.34417,4.39136],[116.34851,4.39138],[116.35958,4.3844],[116.36077,4.38123],[116.36529,4.37958],[116.36695,4.38092],[116.37482,4.37761],[116.37769,4.37311],[116.37773,4.36608],[116.37992,4.36124],[116.38294,4.35925],[116.38477,4.3616],[116.39211,4.36414],[116.39479,4.36348],[116.39965,4.35932],[116.40019,4.35263],[116.41633,4.33297],[116.4262,4.3325],[116.42738,4.329],[116.43275,4.32567],[116.43393,4.3225],[116.4334,4.29541],[116.4366,4.29024],[116.44096,4.28875],[116.4501,4.29782],[116.45361,4.29867],[116.45663,4.2965],[116.46096,4.29803],[116.46429,4.30122],[116.47547,4.3041],[116.48012,4.31048],[116.47791,4.31749],[116.48075,4.31817],[116.48391,4.32186],[116.48252,4.33223],[116.48502,4.33374],[116.48567,4.33692],[116.4917,4.33477],[116.49337,4.33578],[116.49605,4.33412],[116.49876,4.32761],[116.50722,4.32332],[116.51403,4.32258],[116.51927,4.32557],[116.52382,4.32598],[116.53702,4.32324],[116.53957,4.33548],[116.53244,4.34069],[116.52885,4.34668],[116.53107,4.35149],[116.53107,4.35703],[116.53602,4.37566],[116.54674,4.38084],[116.54844,4.38587],[116.55473,4.38527],[116.56157,4.3896],[116.56338,4.39219],[116.56264,4.39858],[116.56437,4.40668],[116.56763,4.40782],[116.57524,4.39733],[116.58641,4.3743],[116.59528,4.37237],[116.60504,4.37855],[116.60788,4.37877],[116.61195,4.3767],[116.61387,4.37097],[116.61369,4.3642],[116.61868,4.35629],[116.61398,4.3458],[116.61435,4.34303],[116.6199,4.33585],[116.62311,4.33862],[116.63006,4.33426],[116.63372,4.33696],[116.64115,4.33585],[116.64411,4.33981],[116.6518,4.33589],[116.65132,4.34206],[116.66699,4.35152],[116.6786,4.33829],[116.68148,4.3404],[116.69213,4.33999],[116.70178,4.3333],[116.70385,4.3357],[116.70673,4.33603],[116.70862,4.3401],[116.71509,4.3425],[116.71642,4.34528],[116.72559,4.34664],[116.73309,4.35138],[116.73431,4.3574],[116.74089,4.36746],[116.74085,4.38065],[116.74629,4.38224],[116.74898,4.38708],[116.75205,4.38901],[116.75672,4.3836],[116.7693,4.37478],[116.771,4.36759],[116.77737,4.3636],[116.78208,4.35727],[116.78244,4.35158],[116.78566,4.3424],[116.78969,4.33789],[116.7972,4.3401],[116.806,4.35167],[116.81085,4.35118],[116.81639,4.34668],[116.82112,4.33667],[116.82866,4.33168],[116.84021,4.3272],[116.8472,4.33392],[116.84551,4.33876],[116.85269,4.33895],[116.85604,4.33763],[116.85938,4.33897],[116.86507,4.33682],[116.86807,4.33967],[116.87224,4.34103],[116.87472,4.34706],[116.88324,4.34876],[116.89189,4.35681],[116.89887,4.36704],[116.90772,4.36874],[116.91526,4.36542],[116.91859,4.3666],[116.92463,4.36144],[116.92697,4.36212],[116.93016,4.35979],[116.93466,4.36047],[116.93903,4.35614],[116.94203,4.35916],[116.95307,4.35518],[116.95326,4.35016],[116.95896,4.34684],[116.96501,4.338],[116.97018,4.34102],[116.97351,4.34488],[116.98806,4.34259],[117.00412,4.34619],[117.00612,4.34383],[117.00667,4.33501],[117.00501,4.32282],[117.008,4.32015],[117.01933,4.31872],[117.02166,4.32046],[117.02643,4.33614],[117.02965,4.34157],[117.04186,4.3468],[117.05474,4.34198],[117.06051,4.34229],[117.0644,4.33891],[117.07128,4.33665],[117.08416,4.3345],[117.09038,4.3344],[117.09393,4.33583],[117.10614,4.33327],[117.1148,4.33522],[117.11924,4.34075],[117.12735,4.3426],[117.13134,4.34516],[117.14067,4.34393],[117.14267,4.34741],[117.14133,4.3511],[117.14655,4.35162],[117.15133,4.35397],[117.15654,4.35295],[117.15721,4.34967],[117.15954,4.34844],[117.16046,4.34598],[117.1649,4.34695],[117.16332,4.34239],[117.16476,4.33952],[117.1682,4.33768],[117.1773,4.33655],[117.18752,4.3386],[117.19651,4.33583],[117.20084,4.33747],[117.20583,4.3425],[117.2105,4.35305],[117.21438,4.3552],[117.21516,4.3592],[117.2216,4.3632],[117.22449,4.36863],[117.22782,4.37037],[117.23559,4.37017],[117.24236,4.37406],[117.24591,4.37396],[117.24813,4.37211],[117.24924,4.36586],[117.26423,4.35756],[117.269,4.35234],[117.27411,4.34291],[117.2841,4.3343],[117.28488,4.32507],[117.28899,4.31595],[117.29321,4.3138],[117.2962,4.31021],[117.30375,4.31134],[117.30864,4.30898],[117.3083,4.30529],[117.31052,4.30058],[117.3133,4.30058],[117.32018,4.30416],[117.32429,4.30252],[117.32973,4.2973],[117.33528,4.29586],[117.34183,4.29105],[117.37069,4.28582],[117.37258,4.28274],[117.37114,4.27926],[117.37325,4.27229],[117.3818,4.26235],[117.38657,4.25866],[117.39567,4.25876],[117.40644,4.25374],[117.41188,4.24769],[117.40911,4.24236],[117.41088,4.23836],[117.41344,4.23847],[117.41943,4.23488],[117.42398,4.23396],[117.42831,4.23088],[117.42865,4.22565],[117.42754,4.22422],[117.42487,4.22422],[117.42398,4.22227],[117.42631,4.21643],[117.4312,4.21069],[117.43842,4.20792],[117.44164,4.20126],[117.44041,4.1985],[117.44164,4.19358],[117.44541,4.19071],[117.44852,4.19194],[117.45318,4.18732],[117.45329,4.18548],[117.45684,4.18333],[117.45718,4.17912],[117.46128,4.17902],[117.46806,4.17431],[117.47105,4.17431],[117.47616,4.17123],[117.48316,4.17031],[117.4846,4.17328],[117.48937,4.17574],[117.49104,4.17236],[117.49659,4.17328],[117.50125,4.17031],[117.50747,4.17164],[117.52934,4.1615],[117.53089,4.16426],[117.535,4.16642],[117.53611,4.17103],[117.53955,4.1741],[117.54233,4.1697],[117.54688,4.16795],[117.56253,4.17923],[117.57519,4.18128],[117.58596,4.1783],[117.59512,4.16913],[117.59744,4.17194],[117.61769,4.15893],[117.62298,4.16055],[117.62267,4.16903],[117.61494,4.18478],[117.60961,4.18993],[117.60729,4.18987],[117.60362,4.193],[117.60344,4.19967],[117.60688,4.20532],[117.60859,4.21508],[117.61543,4.22795],[117.61873,4.22931],[117.62885,4.23993],[117.63952,4.24724],[117.651,4.25174],[117.65237,4.25425],[117.64617,4.27421],[117.65064,4.27368],[117.65855,4.27536],[117.65649,4.28152],[117.64465,4.29419],[117.64087,4.2959],[117.63194,4.29419],[117.62559,4.29607],[117.62079,4.29522],[117.62285,4.31285],[117.62902,4.34212],[117.62854,4.34752],[117.61907,4.36198],[117.61052,4.35327],[117.60782,4.35248],[117.60322,4.3532],[117.59757,4.36267],[117.59211,4.36011],[117.58875,4.36201],[117.58678,4.36116],[117.58264,4.36379],[117.58297,4.36734],[117.58001,4.37096],[117.58501,4.37681],[117.58463,4.38288],[117.58082,4.3811],[117.58073,4.38513],[117.57704,4.39371],[117.56508,4.39514],[117.5664,4.40421],[117.56252,4.40987],[117.57166,4.42282],[117.57396,4.42203],[117.5777,4.42538],[117.58619,4.4217],[117.5902,4.4219],[117.59184,4.4196],[117.59026,4.41638],[117.59302,4.41171],[117.59868,4.40908],[117.60302,4.41539],[117.61104,4.41657],[117.61183,4.42446],[117.62932,4.4334],[117.64429,4.435],[117.65173,4.431],[117.66056,4.41073],[117.6684,4.40431],[117.67147,4.40404],[117.67437,4.40729],[117.67751,4.40816],[117.68185,4.41324],[117.67637,4.40161],[117.67702,4.3938],[117.68632,4.38283],[117.69934,4.37725],[117.70547,4.37279],[117.71031,4.37427],[117.71533,4.36981],[117.717,4.35958],[117.72835,4.35623],[117.73257,4.35808],[117.74537,4.3536],[117.75075,4.34847],[117.7596,4.33533],[117.78748,4.32783],[117.79428,4.32951],[117.79892,4.33257],[117.79918,4.33664],[117.7912,4.34098],[117.79402,4.3437],[117.79779,4.34247],[117.80008,4.34624],[117.79595,4.35035],[117.7945,4.35425],[117.79575,4.355],[117.7945,4.3555],[117.79525,4.35625],[117.7975,4.3565],[117.797,4.35925],[117.79925,4.35825],[117.79975,4.35975],[117.798,4.361],[117.80025,4.36125],[117.7945,4.368],[117.79725,4.37175],[117.79825,4.36975],[117.79925,4.371],[117.79925,4.3725],[117.79675,4.373],[117.7955,4.377],[117.7945,4.37675],[117.79475,4.37975],[117.7965,4.3785],[117.797,4.3805],[117.79525,4.3815],[117.7945,4.38475],[117.79725,4.38225],[117.7985,4.38375],[117.79475,4.39175],[117.79825,4.393],[117.79725,4.392],[117.8005,4.38875],[117.802,4.38325],[117.8035,4.38175],[117.80375,4.38325],[117.80475,4.3825],[117.8025,4.37875],[117.80675,4.38025],[117.80775,4.38775],[117.8095,4.3865],[117.8095,4.38425],[117.81175,4.388],[117.8115,4.38475],[117.81475,4.38525],[117.813,4.3825],[117.80975,4.38225],[117.8115,4.38025],[117.80925,4.3785],[117.8105,4.37525],[117.813,4.37525],[117.813,4.374],[117.80975,4.37425],[117.80925,4.3765],[117.805,4.372],[117.80825,4.37225],[117.807,4.36975],[117.808,4.3705],[117.808,4.36925],[117.806,4.368],[117.80975,4.36675],[117.80875,4.36475],[117.8065,4.3645],[117.8065,4.363],[117.81025,4.36525],[117.81,4.364],[117.8115,4.36375],[117.80775,4.362],[117.80925,4.36125],[117.80725,4.35775],[117.811,4.36125],[117.812,4.3595],[117.81425,4.367],[117.81675,4.36725],[117.815,4.36375],[117.81725,4.36425],[117.81875,4.363],[117.816,4.36225],[117.8155,4.36],[117.81725,4.35925],[117.8145,4.357],[117.8175,4.355],[117.82,4.3565],[117.823,4.356],[117.8225,4.3545],[117.8195,4.3555],[117.817,4.3535],[117.81825,4.34975],[117.82,4.34925],[117.821,4.3505],[117.8225,4.3495],[117.82675,4.342],[117.825,4.34375],[117.82475,4.3415],[117.823,4.34275],[117.8225,4.346],[117.82075,4.34825],[117.818,4.3485],[117.8175,4.3515],[117.81675,4.3495],[117.815,4.35075],[117.81525,4.35325],[117.8125,4.3505],[117.814,4.3495],[117.8135,4.348],[117.80975,4.35025],[117.806,4.3445],[117.81025,4.345],[117.81075,4.34725],[117.8115,4.34575],[117.81425,4.3455],[117.81425,4.344],[117.81175,4.34275],[117.81375,4.34175],[117.80975,4.335],[117.81125,4.33175],[117.81425,4.33225],[117.81275,4.3315],[117.8135,4.329],[117.8037,4.32944],[117.80717,4.32222],[117.81245,4.31965],[117.81052,4.31618],[117.81264,4.30823],[117.81604,4.3053],[117.82653,4.30805],[117.83338,4.30535],[117.83707,4.30306],[117.83694,4.30021],[117.84534,4.29344],[117.86043,4.28501],[117.86029,4.28363],[117.8567,4.28195],[117.85717,4.27948],[117.85434,4.27766],[117.85429,4.27508],[117.85497,4.27376],[117.85668,4.27434],[117.86375,4.279],[117.8691,4.26731],[117.86737,4.26744],[117.86614,4.26486],[117.87057,4.2671],[117.87247,4.26528],[117.87295,4.26404],[117.87073,4.26259],[117.87204,4.262],[117.87012,4.26013],[117.87114,4.25793],[117.87291,4.2583],[117.87174,4.25716],[117.87413,4.25482],[117.87645,4.25578],[117.87571,4.25385],[117.87923,4.24474],[117.8845,4.242],[117.8845,4.24075],[117.89525,4.242],[117.89625,4.2445],[117.89875,4.2415],[117.89825,4.23925],[117.9,4.23825],[117.904,4.24],[117.90675,4.239],[117.907,4.24175],[117.90825,4.24075],[117.92375,4.24825],[117.9295,4.249],[117.93125,4.24775],[117.933,4.24875],[117.933,4.24725],[117.93525,4.24575],[117.937,4.247],[117.937,4.24375],[117.9385,4.24575],[117.93975,4.24525],[117.939,4.243],[117.94125,4.2445],[117.94175,4.24325],[117.944,4.244],[117.9475,4.24175],[117.951,4.24325],[117.9555,4.239],[117.958,4.2385],[117.96,4.24025],[117.96075,4.239],[117.95875,4.2385],[117.96525,4.238],[117.9695,4.23325],[117.9695,4.22825],[117.97625,4.22575],[117.9785,4.22325],[117.987,4.22275],[117.9915,4.22425],[117.9965,4.2215],[118.01,4.2295],[118.0185,4.232],[118.02375,4.23625],[118.02625,4.23575],[118.0375,4.23975],[118.049,4.24625],[118.067,4.252],[118.06725,4.2535],[118.068,4.2525],[118.07275,4.25325],[118.07275,4.25575],[118.07425,4.254],[118.07625,4.25425],[118.08575,4.26375],[118.097,4.271],[118.12175,4.285],[118.13025,4.287],[118.13025,4.289],[118.135,4.28825],[118.14725,4.2915],[118.15675,4.292],[118.17391,4.29902],[118.1883,4.29575],[118.18848,4.29267],[118.19002,4.29164],[118.22356,4.2971],[118.23128,4.30772],[118.2524,4.3185],[118.30544,4.32689],[118.31283,4.32411],[118.32535,4.32637],[118.33411,4.3351],[118.33406,4.32833],[118.34801,4.32346],[118.35333,4.31593],[118.36226,4.32175],[118.35459,4.32955],[118.3527,4.3376],[118.37279,4.34804],[118.38498,4.34564],[118.39198,4.33407],[118.40094,4.33143],[118.40952,4.33212],[118.41445,4.32774],[118.42492,4.33373],[118.4244,4.33921],[118.42938,4.34435],[118.44692,4.34628],[118.48887,4.36007],[118.50381,4.36038],[118.50793,4.35836],[118.50964,4.35459],[118.52681,4.35046],[118.55153,4.35046],[118.54621,4.36672],[118.54518,4.37613],[118.55445,4.38178],[118.55186,4.37385],[118.56053,4.37088],[118.59634,4.39975],[118.58552,4.41498],[118.57505,4.41892],[118.57728,4.42713],[118.58895,4.42816],[118.5905,4.44117],[118.59582,4.42576],[118.60063,4.4232],[118.60595,4.42508],[118.60269,4.41498],[118.60977,4.40297],[118.61872,4.40511],[118.64512,4.43875],[118.64188,4.44937],[118.63391,4.45583],[118.63173,4.4554],[118.63094,4.4532],[118.62242,4.45615],[118.62685,4.46202],[118.62454,4.46308],[118.62506,4.46511],[118.61982,4.47663],[118.6145,4.47812],[118.61826,4.47922],[118.61607,4.48096],[118.6144,4.47851],[118.60866,4.48425],[118.60784,4.48368],[118.60519,4.49013],[118.57093,4.52075],[118.54037,4.52537],[118.50158,4.51664],[118.50628,4.54987],[118.43505,4.60105],[118.42612,4.60037],[118.4014,4.586],[118.39453,4.59387],[118.38269,4.59832],[118.37119,4.61149],[118.37136,4.62775],[118.35694,4.63237],[118.33896,4.62737],[118.33169,4.62682],[118.3271,4.62737],[118.32189,4.6306],[118.31335,4.63154],[118.31399,4.62942],[118.31075,4.62957],[118.30427,4.63296],[118.30158,4.6369],[118.30126,4.64123],[118.30411,4.65068],[118.30284,4.65611],[118.29534,4.65643],[118.28767,4.661],[118.28404,4.66139],[118.28096,4.65942],[118.27622,4.65958],[118.27313,4.65793],[118.27116,4.65848],[118.26918,4.66163],[118.26681,4.66123],[118.26286,4.66864],[118.26278,4.67439],[118.25457,4.68265],[118.25409,4.68982],[118.25278,4.69077],[118.25406,4.69498],[118.2454,4.69368],[118.24374,4.6947],[118.24453,4.69951],[118.24082,4.701],[118.23837,4.7003],[118.23813,4.69707],[118.23773,4.70313],[118.23086,4.704],[118.23015,4.70612],[118.22651,4.70675],[118.22288,4.71077],[118.22478,4.71557],[118.22351,4.71612],[118.22406,4.71707],[118.22809,4.71951],[118.22723,4.72431],[118.22146,4.72431],[118.21703,4.72715],[118.21411,4.72699],[118.21284,4.73077],[118.21,4.7288],[118.20629,4.73054],[118.20897,4.7318],[118.21174,4.73684],[118.21142,4.73865],[118.20241,4.74786],[118.20226,4.75566],[118.19428,4.76247],[118.19422,4.76375],[118.19635,4.76465],[118.1986,4.77242],[118.19783,4.77768],[118.19905,4.77845],[118.19689,4.78548],[118.19646,4.79554],[118.19315,4.79885],[118.19015,4.80739],[118.18532,4.81068],[118.17705,4.81354],[118.17045,4.82047],[118.16501,4.8343],[118.16771,4.83777],[118.15424,4.84034],[118.15174,4.83595],[118.15155,4.83713],[118.1496,4.83675],[118.1463,4.83875],[118.14267,4.83703],[118.14374,4.83402],[118.14288,4.83133],[118.14193,4.83671],[118.14411,4.83836],[118.14141,4.84018],[118.13052,4.83953],[118.12863,4.83738],[118.13306,4.84396],[118.13288,4.84782],[118.12938,4.84915],[118.13306,4.84985],[118.13122,4.85305],[118.13168,4.85829],[118.13621,4.86442],[118.13073,4.86512],[118.12868,4.86763],[118.12711,4.86754],[118.1259,4.87157],[118.12406,4.87298],[118.12501,4.87901],[118.12167,4.87839],[118.12819,4.88583],[118.12451,4.88637],[118.12092,4.88486],[118.11923,4.8825],[118.12014,4.88459],[118.12435,4.88666],[118.12874,4.88719],[118.12872,4.88442],[118.12507,4.88108],[118.12759,4.87924],[118.13156,4.8788],[118.13442,4.88233],[118.13846,4.88272],[118.14038,4.88131],[118.14252,4.88371],[118.14844,4.88602],[118.14762,4.88711],[118.15076,4.88881],[118.15335,4.88574],[118.15424,4.88626],[118.15318,4.8829],[118.15186,4.88352],[118.15094,4.88229],[118.15513,4.87831],[118.15669,4.87878],[118.15958,4.88167],[118.15772,4.88496],[118.15806,4.88798],[118.16108,4.89376],[118.16292,4.89383],[118.1623,4.89624],[118.16458,4.90101],[118.16409,4.90273],[118.16675,4.90523],[118.16469,4.90571],[118.16263,4.91027],[118.17299,4.91456],[118.17346,4.9085],[118.17551,4.91342],[118.18038,4.9143],[118.18063,4.91696],[118.18405,4.91765],[118.18599,4.91651],[118.18536,4.91803],[118.18691,4.92007],[118.19294,4.92135],[118.19565,4.92435],[118.19521,4.92654],[118.18858,4.92463],[118.18796,4.92581],[118.18974,4.92804],[118.18632,4.92629],[118.18383,4.92827],[118.18307,4.93123],[118.18495,4.93503],[118.18983,4.93774],[118.19031,4.94193],[118.19254,4.94274],[118.19293,4.945],[118.19474,4.94229],[118.19661,4.94204],[118.19432,4.94745],[118.19693,4.94924],[118.19992,4.94769],[118.20368,4.94853],[118.20336,4.95439],[118.2074,4.957],[118.20634,4.95784],[118.20738,4.96042],[118.20938,4.9604],[118.21193,4.96382],[118.21246,4.96189],[118.21327,4.96376],[118.21298,4.96018],[118.215,4.95968],[118.21516,4.95811],[118.21752,4.95964],[118.21809,4.958],[118.21965,4.95991],[118.22219,4.95995],[118.22182,4.9615],[118.22439,4.96203],[118.22388,4.96446],[118.22539,4.96591],[118.22884,4.96442],[118.2291,4.96743],[118.23292,4.96734],[118.2353,4.97047],[118.23827,4.97089],[118.23487,4.97373],[118.23244,4.97327],[118.23588,4.97808],[118.23887,4.97481],[118.2419,4.97413],[118.24496,4.96992],[118.24836,4.97068],[118.25009,4.9696],[118.25139,4.97188],[118.25467,4.97075],[118.25485,4.97207],[118.25778,4.97328],[118.2597,4.96815],[118.26175,4.97008],[118.26211,4.96844],[118.26461,4.96894],[118.26501,4.96631],[118.26924,4.96756],[118.27039,4.96489],[118.27183,4.96556],[118.27323,4.96384],[118.28288,4.96332],[118.28165,4.96648],[118.28444,4.97002],[118.28495,4.97793],[118.28362,4.97977],[118.28867,4.98611],[118.2874,4.98701],[118.28399,4.98576],[118.28557,4.98717],[118.28458,4.98854],[118.28614,4.98727],[118.2883,4.98835],[118.29274,4.9956],[118.29017,4.98995],[118.29478,4.99013],[118.29005,4.98899],[118.29228,4.98599],[118.29041,4.98602],[118.29236,4.98179],[118.29127,4.98005],[118.29233,4.97478],[118.2915,4.97201],[118.29516,4.97149],[118.29734,4.96456],[118.29512,4.96697],[118.29424,4.96406],[118.29058,4.9636],[118.30365,4.96117],[118.30445,4.9675],[118.31131,4.97246],[118.30924,4.97438],[118.31124,4.97827],[118.30938,4.98001],[118.30275,4.97863],[118.3023,4.98108],[118.30443,4.9846],[118.30545,4.98067],[118.31161,4.98111],[118.31471,4.98303],[118.31514,4.98521],[118.30838,4.98938],[118.3083,4.99104],[118.31014,4.99089],[118.31242,4.99428],[118.31087,4.99819],[118.31188,4.99803],[118.31154,4.99992],[118.30378,5.00208],[118.30167,5.00087],[118.29945,5.00159],[118.3036,5.00264],[118.31035,5.00163],[118.31565,4.99722],[118.31689,5.00079],[118.31549,5.00562],[118.31356,5.00735],[118.31714,5.00594],[118.31968,5.00951],[118.31762,5.01061],[118.32042,5.01009],[118.31974,5.01426],[118.32142,5.01495],[118.32281,5.01306],[118.32398,5.01905],[118.32774,5.01758],[118.32882,5.01882],[118.32791,5.01984],[118.33451,5.02312],[118.33671,5.02057],[118.33943,5.02097],[118.34001,5.02263],[118.34037,5.01964],[118.34247,5.01853],[118.34592,5.02059],[118.34784,5.01824],[118.35027,5.01933],[118.35073,5.01741],[118.35247,5.0174],[118.35086,5.01769],[118.35131,5.02024],[118.35671,5.01895],[118.3594,5.02169],[118.35981,5.01839],[118.3618,5.0196],[118.36582,5.01807],[118.36665,5.01955],[118.36704,5.01353],[118.36701,5.01766],[118.3706,5.01565],[118.37886,5.01419],[118.3824,5.0168],[118.38297,5.02007],[118.37951,5.02581],[118.3763,5.02768],[118.38286,5.02581],[118.38283,5.02426],[118.38793,5.02334],[118.38942,5.02078],[118.39159,5.02206],[118.39195,5.02005],[118.39539,5.01813],[118.40026,5.01887],[118.40394,5.0162],[118.4047,5.01819],[118.40704,5.01804],[118.408,5.02208],[118.40741,5.01944],[118.41034,5.01524],[118.4109,5.01599],[118.41128,5.01334],[118.43686,5.00094],[118.44595,4.99321],[118.44939,4.98431],[118.45025,4.95442],[118.47529,4.92337],[118.51857,4.92381],[118.55067,4.95938],[118.56955,4.95049],[118.57217,4.95919],[118.582,4.95027],[118.58811,4.9568],[118.59663,4.9494],[118.60719,4.94429],[118.61161,4.94637],[118.61433,4.94536],[118.61739,4.94855],[118.62667,4.94501],[118.63107,4.94036],[118.6353,4.94295],[118.63805,4.94017],[118.6412,4.94173],[118.64212,4.93908],[118.64425,4.93819],[118.64792,4.94012],[118.64876,4.93864],[118.65139,4.94234],[118.65316,4.93947],[118.65097,4.93341],[118.65256,4.93223],[118.65759,4.93484],[118.65988,4.9346],[118.66006,4.93671],[118.65682,4.94155],[118.65828,4.94293],[118.66055,4.93814],[118.66169,4.93991],[118.66466,4.93981],[118.66545,4.93505],[118.66717,4.93385],[118.66984,4.93385],[118.67339,4.93658],[118.67451,4.93478],[118.67794,4.93374],[118.67952,4.934],[118.68077,4.93656],[118.67775,4.93664],[118.67726,4.93924],[118.68262,4.94115],[118.68373,4.94375],[118.68671,4.94423],[118.68938,4.94896],[118.69109,4.94704],[118.69965,4.94683],[118.70162,4.94931],[118.70127,4.95113],[118.70903,4.94944],[118.71838,4.95307],[118.72007,4.94756],[118.72195,4.94594],[118.72593,4.94687],[118.72748,4.95217],[118.72934,4.95002],[118.73096,4.95078],[118.73049,4.94766],[118.73194,4.94631],[118.73444,4.94751],[118.73671,4.95103],[118.74791,4.94946],[118.78774,4.97494],[118.8009,4.98174],[118.81767,4.98646],[118.82082,4.98896],[118.83569,4.99384],[118.85282,4.99396],[118.85745,4.99585],[118.8631,4.99239],[118.86689,4.99891],[118.88283,5.01625],[118.88199,5.01385],[118.89606,5.0244],[118.91526,5.03135],[118.9285,5.03842],[118.94526,5.04094],[119.03579,5.06181],[119.04369,5.06044],[119.05622,5.0678],[119.09553,5.07669],[119.10822,5.08469],[119.16298,5.10504],[119.21019,5.1394],[119.21483,5.1394],[119.2174,5.14795],[119.22101,5.14795],[119.26405,5.20637],[119.26655,5.20778],[119.26664,5.20972],[119.26374,5.20948],[119.26293,5.21077],[119.26535,5.21349],[119.2641,5.21782],[119.26567,5.21927],[119.26431,5.2201],[119.26578,5.22387],[119.26139,5.22817],[119.26343,5.22847],[119.2653,5.22627],[119.26858,5.22877],[119.26906,5.23423],[119.26758,5.23932],[119.26565,5.23991],[119.26746,5.24239],[119.26599,5.24514],[119.25208,5.25347],[119.24693,5.26475],[119.24882,5.27158],[119.25792,5.27911],[119.2562,5.2868],[119.26123,5.29879],[119.26451,5.31356],[119.26233,5.31608],[119.26214,5.32443],[119.25568,5.35769],[119.24345,5.38635],[119.19468,5.43339],[119.15183,5.45118],[119.14716,5.44945],[119.1463,5.44767],[119.14338,5.44813],[119.13742,5.44147],[119.13384,5.43989],[119.10959,5.4357],[119.10525,5.42736],[119.10432,5.42392],[119.10542,5.42052],[119.10096,5.41147],[119.07366,5.40224],[119.05221,5.4007],[119.01581,5.406],[118.95862,5.42934],[118.94423,5.43095],[118.94114,5.42394],[118.94595,5.41574],[118.94543,5.40788],[118.94149,5.39899],[118.93805,5.39677],[118.92981,5.39848],[118.92346,5.39814],[118.92157,5.40549],[118.92878,5.41454],[118.93496,5.41711],[118.92987,5.42674],[118.9211,5.43846],[118.90149,5.45265],[118.88278,5.46103],[118.85016,5.47863],[118.84192,5.48751],[118.81504,5.50778],[118.80965,5.50853],[118.80845,5.50699],[118.81085,5.49896],[118.81287,5.48094],[118.81152,5.46192],[118.80717,5.45507],[118.81335,5.43924],[118.80635,5.44125],[118.80331,5.43652],[118.80083,5.43527],[118.79885,5.43924],[118.80012,5.4403],[118.79752,5.46974],[118.79858,5.47785],[118.80604,5.49503],[118.8045,5.50118],[118.78459,5.52374],[118.776,5.52989],[118.75935,5.53365],[118.75626,5.5304],[118.75214,5.53638],[118.70373,5.5685],[118.6476,5.63496],[118.63953,5.64008],[118.63227,5.64274],[118.62614,5.64367],[118.61859,5.64094],[118.60726,5.63171],[118.59507,5.62454],[118.58646,5.59875],[118.58843,5.59771],[118.58618,5.59459],[118.58427,5.58047],[118.58583,5.57921],[118.59272,5.58008],[118.59401,5.57891],[118.58978,5.57873],[118.58543,5.57532],[118.58307,5.56844],[118.58466,5.56247],[118.56918,5.54813],[118.57264,5.54553],[118.56389,5.54455],[118.56439,5.53245],[118.56174,5.52459],[118.55885,5.52206],[118.56105,5.51833],[118.55231,5.51795],[118.54984,5.51657],[118.55015,5.51538],[118.54022,5.51389],[118.5552,5.52076],[118.55248,5.52496],[118.54637,5.52706],[118.54525,5.52454],[118.54125,5.52835],[118.53973,5.53373],[118.55077,5.53301],[118.55182,5.53645],[118.54667,5.5421],[118.54954,5.54451],[118.55528,5.56578],[118.56384,5.57007],[118.56495,5.5741],[118.57181,5.58439],[118.57367,5.59436],[118.56835,5.60803],[118.5704,5.62618],[118.57169,5.62852],[118.57573,5.62785],[118.58414,5.63024],[118.6053,5.64486],[118.6059,5.6461],[118.60108,5.65494],[118.57797,5.68241],[118.5738,5.68465],[118.56917,5.68505],[118.56251,5.68255],[118.55892,5.68465],[118.55873,5.68882],[118.55317,5.69463],[118.50243,5.73053],[118.48956,5.73745],[118.48336,5.73528],[118.48159,5.73586],[118.48003,5.73995],[118.48117,5.73898],[118.48029,5.74548],[118.47617,5.75032],[118.46639,5.75691],[118.46165,5.75766],[118.45986,5.75561],[118.45934,5.75903],[118.4572,5.7613],[118.44563,5.76681],[118.44205,5.76523],[118.44121,5.76271],[118.44029,5.76894],[118.43651,5.7724],[118.41721,5.78194],[118.4098,5.78358],[118.40848,5.78599],[118.39387,5.79399],[118.38838,5.79365],[118.3877,5.79831],[118.38604,5.79985],[118.35171,5.82715],[118.34804,5.8278],[118.34656,5.82622],[118.34493,5.8154],[118.34695,5.81078],[118.34629,5.80677],[118.34785,5.80429],[118.35238,5.80188],[118.35356,5.79775],[118.3506,5.7916],[118.35127,5.78941],[118.34614,5.78899],[118.34112,5.78572],[118.33709,5.79172],[118.33526,5.79756],[118.33134,5.79668],[118.33219,5.79774],[118.33079,5.80259],[118.32426,5.80202],[118.3151,5.79882],[118.30808,5.7985],[118.30704,5.80151],[118.309,5.80238],[118.32762,5.8056],[118.33121,5.80751],[118.33058,5.81313],[118.32768,5.81641],[118.31536,5.82058],[118.30983,5.81846],[118.28237,5.82222],[118.27596,5.81941],[118.27665,5.81673],[118.27295,5.81461],[118.27294,5.82144],[118.27116,5.82712],[118.2616,5.83268],[118.25697,5.83464],[118.25532,5.83343],[118.25378,5.83536],[118.23817,5.84197],[118.22787,5.82741],[118.21673,5.81901],[118.20829,5.81632],[118.19827,5.81739],[118.18644,5.81244],[118.18437,5.808],[118.18137,5.80744],[118.18022,5.80921],[118.16616,5.80698],[118.15975,5.80447],[118.1566,5.8048],[118.1539,5.80208],[118.15229,5.80231],[118.14709,5.79507],[118.15945,5.7785],[118.16855,5.77918],[118.15499,5.76689],[118.16735,5.74827],[118.18589,5.74639],[118.17267,5.74434],[118.16151,5.74742],[118.15258,5.74161],[118.14503,5.73888],[118.14091,5.7411],[118.13611,5.74076],[118.12735,5.72692],[118.13559,5.70813],[118.14675,5.69959],[118.14864,5.69105],[118.14709,5.68524],[118.12529,5.67482],[118.12924,5.66457],[118.1234,5.66628],[118.1198,5.67363],[118.11327,5.70625],[118.09885,5.71052],[118.09508,5.70677],[118.09439,5.70164],[118.08032,5.69737],[118.07465,5.69976],[118.07276,5.70267],[118.06607,5.70301],[118.0653,5.70795],[118.06744,5.72009],[118.0592,5.7206],[118.03311,5.70984],[118.02212,5.69549],[118.01217,5.69447],[117.99036,5.68063],[117.9526,5.67943],[117.94796,5.6726],[117.94608,5.67978],[117.95251,5.68824],[117.95466,5.68832],[117.95466,5.69088],[117.93972,5.69225],[117.93852,5.71462],[117.9308,5.71582],[117.94058,5.71958],[117.94779,5.71975],[117.94762,5.73273],[117.92256,5.73939],[117.9114,5.73888],[117.90951,5.74212],[117.92496,5.74434],[117.91964,5.74861],[117.90659,5.74503],[117.90539,5.7469],[117.91106,5.751],[117.91123,5.7551],[117.91363,5.7563],[117.91123,5.75869],[117.90642,5.75869],[117.90883,5.76211],[117.92325,5.76996],[117.9126,5.77252],[117.90591,5.7814],[117.89938,5.7855],[117.8999,5.79302],[117.90707,5.79245],[117.91228,5.79464],[117.91027,5.79519],[117.91631,5.80001],[117.94295,5.79282],[117.95534,5.79289],[117.96273,5.79626],[117.95672,5.80361],[117.96496,5.80788],[117.97011,5.80326],[117.97766,5.80549],[117.98996,5.80458],[117.996,5.80708],[118.00493,5.81529],[118.00755,5.82922],[118.01502,5.83849],[118.01682,5.84531],[118.01205,5.85275],[118.0172,5.85788],[118.01459,5.85142],[118.01851,5.84393],[118.01585,5.83836],[118.01626,5.83648],[118.00803,5.826],[118.00735,5.80265],[118.00848,5.79996],[118.01661,5.79478],[118.01855,5.78979],[118.02473,5.79323],[118.02617,5.78994],[118.03175,5.78766],[118.04233,5.79157],[118.04143,5.79415],[118.04273,5.79595],[118.04436,5.7955],[118.05273,5.80084],[118.05589,5.80449],[118.06348,5.80599],[118.06445,5.80398],[118.07959,5.8077],[118.08269,5.81042],[118.08541,5.81736],[118.08415,5.81803],[118.08486,5.82685],[118.09502,5.83053],[118.095,5.83331],[118.09802,5.83085],[118.10583,5.83323],[118.10657,5.83621],[118.1162,5.83601],[118.11682,5.83732],[118.12344,5.83923],[118.12953,5.84353],[118.13454,5.85226],[118.13198,5.8534],[118.13062,5.85654],[118.12196,5.86511],[118.1156,5.86901],[118.11526,5.87228],[118.10526,5.87003],[118.10311,5.87619],[118.10003,5.87826],[118.09735,5.87824],[118.09642,5.88147],[118.09805,5.88743],[118.09565,5.89001],[118.09158,5.89988],[118.08862,5.90127],[118.08675,5.9033],[118.08068,5.90314],[118.08019,5.90492],[118.07414,5.90737],[118.06455,5.91556],[118.05972,5.91674],[118.05904,5.92272],[118.05745,5.9242],[118.04963,5.92447],[118.0452,5.92869],[118.03799,5.91759],[118.02707,5.91043],[118.02738,5.9076],[118.02916,5.90909],[118.03117,5.90881],[118.03587,5.90566],[118.03007,5.90851],[118.03037,5.90006],[118.02863,5.8972],[118.02905,5.89636],[118.03069,5.89673],[118.03102,5.89592],[118.0318,5.89548],[118.03233,5.8956],[118.0332,5.89618],[118.03217,5.8954],[118.03169,5.89538],[118.03105,5.89568],[118.03062,5.89663],[118.02911,5.89611],[118.02855,5.89663],[118.02869,5.89876],[118.03009,5.90014],[118.02976,5.90667],[118.02773,5.90639],[118.02714,5.90248],[118.02523,5.90099],[118.02304,5.90165],[118.02486,5.90488],[118.02414,5.90696],[118.01939,5.90406],[118.01715,5.90522],[118.0166,5.90328],[118.01457,5.90367],[118.01662,5.90368],[118.01724,5.90841],[118.01929,5.90842],[118.0178,5.90994],[118.01699,5.90887],[118.01349,5.90934],[118.01666,5.90912],[118.01724,5.91061],[118.01889,5.91129],[118.01746,5.91323],[118.01903,5.91137],[118.01733,5.91028],[118.01848,5.90994],[118.01964,5.90839],[118.01747,5.90823],[118.01705,5.90549],[118.01936,5.90438],[118.02454,5.9072],[118.02513,5.9046],[118.02358,5.90194],[118.02595,5.90183],[118.02699,5.9062],[118.02577,5.91024],[118.02802,5.91217],[118.02723,5.91334],[118.02866,5.91286],[118.03402,5.91591],[118.04356,5.92924],[118.04587,5.93002],[118.0504,5.92695],[118.05437,5.92666],[118.05316,5.9394],[118.04325,5.94194],[118.04089,5.95164],[118.03644,5.95737],[118.03722,5.96175],[118.03393,5.967],[118.03302,5.9663],[118.03303,5.96873],[118.02904,5.969],[118.02776,5.97098],[118.02905,5.96936],[118.03216,5.96976],[118.03253,5.97343],[118.02704,5.98187],[118.0326,5.97385],[118.03249,5.97133],[118.03528,5.97433],[118.03276,5.96984],[118.0381,5.9613],[118.03743,5.95667],[118.04157,5.95256],[118.04454,5.94316],[118.04616,5.94186],[118.05077,5.94194],[118.05771,5.93854],[118.06812,5.95004],[118.06952,5.95872],[118.06099,5.96497],[118.04918,5.97817],[118.03531,6.00091],[118.03507,6.00681],[118.0404,6.00918],[118.04279,6.01255],[118.04303,6.01629],[118.04124,6.01896],[118.04227,6.02475],[118.04715,6.03033],[118.04623,6.03596],[118.04235,6.03642],[118.02889,6.02761],[118.02792,6.02858],[118.02458,6.02683],[118.0187,6.0278],[118.01398,6.02612],[118.01456,6.02939],[118.01024,6.02602],[118.01023,6.02317],[118.01548,6.01861],[118.01876,6.01289],[118.02158,6.01322],[118.02109,6.01259],[118.02279,6.01106],[118.02424,6.01209],[118.02832,6.01265],[118.02497,6.01147],[118.02601,6.01092],[118.02497,6.01029],[118.02639,6.00796],[118.02485,6.01029],[118.02582,6.01094],[118.02501,6.01104],[118.02433,6.01191],[118.02286,6.01096],[118.02213,6.01129],[118.019,6.00456],[118.02023,6.00391],[118.02097,6.00515],[118.02273,6.00517],[118.02347,6.00398],[118.02378,6.00471],[118.0237,6.00401],[118.02333,6.00379],[118.0228,6.00501],[118.02105,6.00499],[118.02095,6.00284],[118.02172,5.99932],[118.02258,5.99897],[118.02311,5.99729],[118.02388,5.99695],[118.02467,5.99597],[118.02481,5.9933],[118.0244,5.99628],[118.02308,5.99704],[118.02242,5.99892],[118.02171,5.99903],[118.02249,5.99781],[118.02139,5.99712],[118.02244,5.99516],[118.02152,5.99337],[118.02239,5.9952],[118.02133,5.99713],[118.02246,5.99785],[118.02157,5.99802],[118.0208,6.00377],[118.01916,6.00331],[118.01964,6.00192],[118.01934,6.00143],[118.01763,6.0028],[118.01634,5.99762],[118.01299,5.99659],[118.01623,5.99763],[118.01363,5.99855],[118.01614,5.99809],[118.01752,6.00293],[118.01941,6.0017],[118.01861,6.00454],[118.01769,6.00439],[118.02165,6.01153],[118.01744,6.01324],[118.01531,6.01789],[118.00911,6.02306],[118.00929,6.02171],[118.00844,6.02081],[118.00751,6.02216],[118.00687,6.02124],[118.00603,6.0211],[118.00827,6.02016],[118.00754,6.0199],[118.00768,6.01959],[118.00594,6.01916],[118.00656,6.01869],[118.0063,6.01684],[118.00646,6.01876],[118.00456,6.01886],[118.00708,6.01956],[118.00593,6.02115],[118.00734,6.02224],[118.00773,6.02217],[118.00832,6.02128],[118.00918,6.02172],[118.0088,6.02511],[118.01029,6.02814],[118.0078,6.02865],[118.00898,6.02877],[118.01069,6.02796],[118.01455,6.03124],[118.0125,6.03331],[118.01348,6.03739],[118.01147,6.04533],[118.01193,6.05067],[118.00995,6.05522],[118.0106,6.06002],[118.00733,6.05875],[117.99852,6.05945],[117.98509,6.06389],[117.98389,6.0689],[117.98162,6.06761],[117.98319,6.06492],[117.98178,6.06139],[117.97582,6.05649],[117.97097,6.05632],[117.97504,6.04682],[117.9707,6.0424],[117.96886,6.03547],[117.96653,6.03644],[117.96049,6.03084],[117.95615,6.03111],[117.95277,6.01988],[117.93765,6.01478],[117.93551,6.00853],[117.92657,6.00069],[117.91669,5.99587],[117.90915,5.99477],[117.90864,5.98957],[117.90517,5.98712],[117.89826,5.97808],[117.90306,5.97231],[117.90467,5.96512],[117.89881,5.95505],[117.89136,5.94845],[117.88036,5.94401],[117.86535,5.94209],[117.84799,5.9366],[117.83558,5.93555],[117.78849,5.93942],[117.75876,5.93945],[117.75658,5.93468],[117.75817,5.92623],[117.76135,5.92103],[117.76741,5.91707],[117.76984,5.91286],[117.76537,5.90468],[117.75596,5.9046],[117.75173,5.89989],[117.74184,5.89951],[117.73728,5.89718],[117.73373,5.89887],[117.72939,5.89731],[117.72133,5.89814],[117.71839,5.89584],[117.71729,5.8986],[117.71222,5.89704],[117.71155,5.89986],[117.70678,5.89903],[117.69797,5.90417],[117.69303,5.90498],[117.69287,5.90659],[117.67899,5.90945],[117.64523,5.90034],[117.64256,5.89739],[117.63981,5.89838],[117.62655,5.89627],[117.61895,5.89241],[117.61518,5.88662],[117.6134,5.88613],[117.61534,5.89198],[117.62046,5.89726],[117.60507,5.90476],[117.60666,5.92079],[117.6213,5.92069],[117.63041,5.92337],[117.63485,5.92728],[117.639,5.93398],[117.63439,5.93674],[117.6351,5.93752],[117.63989,5.93634],[117.64437,5.93749],[117.64585,5.93854],[117.64742,5.94502],[117.65587,5.94982],[117.66428,5.95887],[117.67355,5.96451],[117.68196,5.96758],[117.68299,5.96912],[117.68041,5.97731],[117.6799,5.9949],[117.67904,5.99814],[117.67215,6.00305],[117.66634,6.00224],[117.6581,6.00343],[117.65638,6.00548],[117.65432,6.01658],[117.64642,6.02272],[117.64265,6.02426],[117.63939,6.02238],[117.63732,6.01896],[117.62771,6.0229],[117.62445,6.02682],[117.62497,6.03297],[117.63201,6.04048],[117.63458,6.04543],[117.63973,6.04816],[117.6411,6.05038],[117.65518,6.05209],[117.65861,6.0584],[117.65861,6.06216],[117.65587,6.07377],[117.65072,6.07564],[117.65157,6.07974],[117.6411,6.10244],[117.63467,6.11301],[117.63561,6.11473],[117.63424,6.11678],[117.62904,6.11913],[117.61587,6.1318],[117.61604,6.13487],[117.61261,6.13777],[117.61072,6.14255],[117.60383,6.14281],[117.59957,6.13841],[117.59365,6.13954],[117.59372,6.14071],[117.59886,6.1396],[117.60033,6.14225],[117.60495,6.14479],[117.61312,6.14545],[117.60969,6.15023],[117.60832,6.16184],[117.60694,6.16372],[117.59474,6.16797],[117.58917,6.1719],[117.58612,6.16869],[117.5845,6.16223],[117.57545,6.15389],[117.54906,6.14805],[117.54664,6.15306],[117.54372,6.15393],[117.5441,6.15522],[117.54639,6.15477],[117.55252,6.14943],[117.56824,6.15773],[117.56991,6.15977],[117.57991,6.16127],[117.58154,6.16281],[117.58054,6.16648],[117.58453,6.17422],[117.57795,6.17507],[117.57383,6.18364],[117.57235,6.18368],[117.56989,6.17678],[117.56672,6.17556],[117.55885,6.17665],[117.55266,6.17973],[117.55168,6.18446],[117.55266,6.18089],[117.55501,6.18001],[117.56065,6.1844],[117.56449,6.18516],[117.5648,6.18397],[117.56166,6.18354],[117.5569,6.17967],[117.5661,6.17711],[117.56906,6.17868],[117.5682,6.18295],[117.57016,6.18734],[117.57514,6.18724],[117.5781,6.18602],[117.58276,6.17733],[117.5903,6.18516],[117.59375,6.1948],[117.59837,6.19496],[117.60465,6.20135],[117.60719,6.20632],[117.6054,6.22012],[117.60662,6.22227],[117.60848,6.22178],[117.61393,6.21407],[117.61648,6.21252],[117.62423,6.21399],[117.62638,6.2168],[117.63033,6.2168],[117.63274,6.21885],[117.63002,6.23108],[117.6309,6.23316],[117.64021,6.23204],[117.64319,6.235],[117.64291,6.23889],[117.64646,6.2416],[117.65191,6.2421],[117.6548,6.23663],[117.6654,6.24522],[117.67396,6.24142],[117.68057,6.24049],[117.68245,6.23611],[117.69535,6.23505],[117.69981,6.233],[117.69822,6.23061],[117.70651,6.22976],[117.71471,6.23884],[117.71914,6.25015],[117.72106,6.24625],[117.72295,6.25376],[117.72162,6.25649],[117.72112,6.25398],[117.71993,6.25436],[117.71545,6.26662],[117.71934,6.27381],[117.72567,6.27606],[117.73073,6.28207],[117.7268,6.28781],[117.72649,6.29416],[117.72872,6.2986],[117.7331,6.29993],[117.73332,6.30163],[117.72972,6.32184],[117.72407,6.33788],[117.72208,6.34147],[117.71851,6.34235],[117.71471,6.34652],[117.71778,6.34594],[117.71896,6.34785],[117.71839,6.35277],[117.72076,6.35436],[117.72084,6.36896],[117.72483,6.39467],[117.72203,6.39765],[117.72325,6.40249],[117.7225,6.4062],[117.71604,6.41103],[117.72531,6.40947],[117.7305,6.40293],[117.73004,6.3883],[117.73177,6.38813],[117.73755,6.40594],[117.74183,6.42625],[117.73293,6.43369],[117.71568,6.43391],[117.71463,6.43769],[117.72194,6.43959],[117.72623,6.44467],[117.71771,6.44743],[117.70743,6.4547],[117.69075,6.4724],[117.68852,6.4724],[117.68508,6.46898],[117.67657,6.47813],[117.67352,6.48033],[117.67221,6.47939],[117.66929,6.48092],[117.66328,6.48826],[117.66021,6.48993],[117.65659,6.49883],[117.65435,6.49832],[117.65538,6.49679],[117.64079,6.50054],[117.63599,6.50361],[117.63021,6.51157],[117.62603,6.51094],[117.62498,6.5129],[117.61745,6.5089],[117.61475,6.50997],[117.61436,6.50787],[117.59994,6.51043],[117.59496,6.51521],[117.57934,6.5222],[117.57625,6.52527],[117.56904,6.52731],[117.56784,6.53004],[117.56114,6.53499],[117.56037,6.53698],[117.55222,6.54011],[117.55462,6.54744],[117.55771,6.55187],[117.54226,6.55682],[117.54296,6.559],[117.54123,6.56142],[117.54277,6.56398],[117.5428,6.56809],[117.5323,6.57575],[117.53436,6.57694],[117.53265,6.58581],[117.52664,6.5957],[117.52132,6.61719],[117.52097,6.631],[117.51497,6.62725],[117.50398,6.609],[117.49965,6.60414],[117.49849,6.59979],[117.49502,6.59715],[117.48407,6.58069],[117.48321,6.57626],[117.47274,6.55869],[117.45986,6.56023],[117.42536,6.55409],[117.42074,6.56097],[117.4118,6.56057],[117.40596,6.56364],[117.40115,6.56859],[117.40071,6.57362],[117.39566,6.57779],[117.39658,6.58178],[117.3944,6.58441],[117.39639,6.58703],[117.39343,6.58956],[117.39343,6.59246],[117.39595,6.59671],[117.39532,6.59843],[117.39343,6.59962],[117.39068,6.59843],[117.38845,6.59962],[117.38855,6.60234],[117.37832,6.60576],[117.37661,6.61037],[117.37352,6.61019],[117.3706,6.60661],[117.36871,6.60627],[117.35978,6.60815],[117.35687,6.61753],[117.35584,6.61684],[117.35257,6.61923],[117.35017,6.61667],[117.3512,6.61514],[117.34811,6.61514],[117.34302,6.61044],[117.33833,6.60985],[117.33764,6.60747],[117.33352,6.60713],[117.3261,6.6142],[117.32219,6.62196],[117.31704,6.61957],[117.31704,6.61531],[117.31418,6.61469],[117.31498,6.61071],[117.31395,6.60849],[117.30365,6.60934],[117.30193,6.61309],[117.29661,6.61224],[117.29129,6.61463],[117.28854,6.62145],[117.28872,6.62469],[117.29146,6.62646],[117.28683,6.63151],[117.2846,6.63782],[117.28626,6.63991],[117.28548,6.64192],[117.28425,6.64038],[117.28219,6.64174],[117.27979,6.6518],[117.28067,6.65437],[117.28425,6.65572],[117.28268,6.65877],[117.28357,6.6622],[117.27945,6.6651],[117.26949,6.67823],[117.26907,6.6844],[117.264,6.70193],[117.27018,6.71045],[117.28288,6.71369],[117.28631,6.71914],[117.2858,6.7275],[117.28391,6.72835],[117.28339,6.73159],[117.27687,6.73006],[117.27391,6.73211],[117.27254,6.73361],[117.27596,6.73687],[117.2755,6.74028],[117.26417,6.74403],[117.24786,6.75989],[117.24374,6.76807],[117.24305,6.77454],[117.24151,6.77574],[117.24202,6.77949],[117.24443,6.78154],[117.24305,6.78409],[117.24955,6.78639],[117.24764,6.78946],[117.24632,6.78801],[117.24168,6.78904],[117.24104,6.79034],[117.23996,6.78887],[117.23705,6.7887],[117.23533,6.79296],[117.23876,6.795],[117.23653,6.8037],[117.23138,6.80353],[117.22726,6.80557],[117.22417,6.81648],[117.21833,6.8187],[117.22417,6.82466],[117.22812,6.82568],[117.23619,6.83182],[117.23567,6.83591],[117.23172,6.84307],[117.23687,6.85227],[117.24202,6.85441],[117.2458,6.85364],[117.24715,6.85878],[117.25232,6.86318],[117.25696,6.86454],[117.25473,6.8654],[117.25418,6.8673],[117.25593,6.86915],[117.25438,6.87273],[117.25198,6.87358],[117.25028,6.87135],[117.24666,6.87153],[117.24408,6.8746],[117.24477,6.87869],[117.24786,6.88193],[117.25301,6.8838],[117.25868,6.88857],[117.2597,6.8971],[117.25655,6.89912],[117.25602,6.90783],[117.25467,6.90917],[117.25516,6.91188],[117.25129,6.92419],[117.25554,6.93888],[117.25473,6.94157],[117.25215,6.94362],[117.24099,6.94208],[117.23619,6.94617],[117.22984,6.94396],[117.22245,6.94532],[117.21507,6.94771],[117.21164,6.9518],[117.20649,6.95486],[117.19859,6.95538],[117.19745,6.95803],[117.19516,6.95861],[117.1931,6.96134],[117.18926,6.97707],[117.18126,6.98502],[117.18057,6.98945],[117.1816,6.99184],[117.17175,6.99074],[117.16838,6.99337],[117.16613,6.99796],[117.15894,7.00598],[117.15705,7.01075],[117.15482,7.01228],[117.13851,7.01211],[117.13284,7.00992],[117.13079,7.00496],[117.13336,6.99474],[117.13525,6.99252],[117.13489,6.98866],[117.13303,6.98853],[117.13235,6.98437],[117.12959,6.98962],[117.12375,6.98571],[117.11741,6.99236],[117.1162,6.99099],[117.10323,6.99694],[117.09594,6.99218],[117.09145,6.99273],[117.08753,6.98894],[117.0738,6.98247],[117.07431,6.98042],[117.07225,6.9765],[117.06916,6.97531],[117.06232,6.97561],[117.06023,6.97429],[117.05852,6.96304],[117.06126,6.96083],[117.06229,6.95452],[117.07294,6.94805],[117.07534,6.94975],[117.08684,6.94822],[117.08684,6.94634],[117.08289,6.9443],[117.08135,6.94055],[117.07912,6.94055],[117.07517,6.93493],[117.07225,6.93578],[117.06556,6.9339],[117.05337,6.9351],[117.05217,6.94413],[117.04513,6.94941],[117.03929,6.95077],[117.03614,6.95068],[117.031,6.94486],[117.02859,6.93498],[117.02712,6.93404],[117.03292,6.93004],[117.03574,6.9228],[117.03281,6.89107],[117.03506,6.89003],[117.03747,6.89139],[117.04021,6.88866],[117.04399,6.88934],[117.05649,6.87686],[117.05886,6.86966],[117.05864,6.8641],[117.05109,6.84271],[117.06357,6.84354],[117.06828,6.84225],[117.0862,6.82381],[117.08953,6.81575],[117.09441,6.81109],[117.09495,6.80866],[117.09354,6.80733],[117.08896,6.81229],[117.08347,6.82392],[117.07947,6.82558],[117.06625,6.84016],[117.06224,6.83764],[117.05141,6.83694],[117.04195,6.83397],[117.02507,6.82316],[117.02772,6.81394],[117.02562,6.8116],[117.02501,6.80653],[117.02101,6.8034],[117.01411,6.78752],[116.99262,6.77558],[116.99638,6.76875],[116.99581,6.763],[116.99738,6.76356],[116.99701,6.75938],[116.99985,6.75611],[117.0006,6.75717],[117.00222,6.75558],[117.00227,6.75175],[116.99966,6.75058],[116.99092,6.75169],[116.9891,6.75443],[116.99018,6.75882],[116.98826,6.75881],[116.97467,6.73949],[116.97592,6.73295],[116.97866,6.72812],[116.98175,6.72658],[116.98399,6.72181],[116.98419,6.71045],[116.98351,6.7071],[116.9809,6.70621],[116.98264,6.70305],[116.96658,6.69385],[116.96378,6.69693],[116.96324,6.69282],[116.96092,6.69242],[116.95797,6.6886],[116.95855,6.68733],[116.95647,6.68594],[116.94952,6.68417],[116.94662,6.68553],[116.94436,6.68157],[116.94267,6.68117],[116.94412,6.67815],[116.93539,6.67387],[116.93401,6.66652],[116.92954,6.66391],[116.92177,6.66331],[116.91556,6.66469],[116.91194,6.66365],[116.90191,6.6525],[116.90132,6.65019],[116.89856,6.65163],[116.89854,6.65024],[116.89644,6.64992],[116.89225,6.63763],[116.89124,6.63698],[116.88845,6.6397],[116.88714,6.63899],[116.88864,6.636],[116.88721,6.63262],[116.88488,6.63421],[116.88384,6.63315],[116.88394,6.63033],[116.8793,6.62501],[116.87827,6.62154],[116.85781,6.61493],[116.85654,6.61299],[116.85752,6.61078],[116.85985,6.60784],[116.85811,6.61067],[116.85982,6.61094],[116.86147,6.60747],[116.85394,6.59981],[116.85511,6.57904],[116.85207,6.58043],[116.85262,6.57803],[116.85035,6.57611],[116.84771,6.5762],[116.84438,6.57713],[116.84313,6.5795],[116.84211,6.57886],[116.84251,6.57506],[116.84034,6.5783],[116.83749,6.57431],[116.83567,6.57459],[116.83142,6.57946],[116.82529,6.57832],[116.82161,6.57618],[116.82215,6.57498],[116.81687,6.5699],[116.8151,6.56398],[116.81339,6.56296],[116.81236,6.56397],[116.80497,6.56228],[116.79826,6.56781],[116.79364,6.56108],[116.79021,6.56381],[116.79021,6.57063],[116.78764,6.57319],[116.78403,6.57302],[116.78294,6.56992],[116.78043,6.57149],[116.77819,6.57046],[116.77699,6.56671],[116.77407,6.56688],[116.7727,6.57831],[116.77456,6.58446],[116.77114,6.58304],[116.76833,6.5727],[116.76618,6.57286],[116.7671,6.57755],[116.76478,6.5743],[116.76315,6.57716],[116.76137,6.57658],[116.76246,6.57879],[116.75638,6.57818],[116.75856,6.58391],[116.75615,6.58331],[116.75694,6.58506],[116.75434,6.58658],[116.75168,6.58476],[116.75348,6.58736],[116.75195,6.58735],[116.75631,6.59263],[116.74894,6.59023],[116.75432,6.59498],[116.75671,6.60027],[116.7552,6.60492],[116.75665,6.60937],[116.75577,6.61176],[116.75831,6.61754],[116.75478,6.62904],[116.7581,6.63189],[116.76014,6.63781],[116.76384,6.64167],[116.76379,6.644],[116.77264,6.64888],[116.7754,6.65485],[116.77857,6.65653],[116.77727,6.66037],[116.7811,6.66327],[116.77996,6.66524],[116.78383,6.66492],[116.78897,6.66773],[116.79016,6.67546],[116.7899,6.67851],[116.78877,6.67882],[116.79358,6.68553],[116.7939,6.68811],[116.79715,6.69085],[116.79838,6.69755],[116.80316,6.7057],[116.80685,6.7077],[116.81027,6.70686],[116.80692,6.70885],[116.80962,6.71009],[116.80985,6.71701],[116.81255,6.71941],[116.81534,6.72939],[116.81783,6.73324],[116.83776,6.74761],[116.84329,6.75778],[116.846,6.75852],[116.8484,6.76773],[116.85094,6.77026],[116.85857,6.77154],[116.85721,6.77962],[116.85568,6.7805],[116.85166,6.79094],[116.85406,6.81553],[116.85521,6.8181],[116.85659,6.81676],[116.85567,6.81776],[116.85741,6.8196],[116.86038,6.81911],[116.86165,6.82103],[116.86859,6.82328],[116.86418,6.82718],[116.86497,6.82409],[116.86169,6.82151],[116.85576,6.82331],[116.85579,6.82639],[116.85568,6.82329],[116.85036,6.82351],[116.84815,6.82951],[116.84613,6.83009],[116.84312,6.83555],[116.84016,6.8371],[116.83965,6.84068],[116.84308,6.84529],[116.84858,6.84716],[116.85956,6.85551],[116.85716,6.85807],[116.84617,6.85551],[116.84222,6.85653],[116.84016,6.85568],[116.83416,6.86148],[116.82372,6.85871],[116.81986,6.86094],[116.81341,6.85999],[116.8095,6.86103],[116.80803,6.85977],[116.80915,6.85578],[116.80683,6.85576],[116.80457,6.85278],[116.80616,6.85122],[116.79524,6.8521],[116.80017,6.85466],[116.80165,6.85829],[116.79948,6.85858],[116.79862,6.86028],[116.80171,6.86335],[116.80059,6.86494],[116.79021,6.8642],[116.78771,6.86596],[116.78891,6.86877],[116.79459,6.87187],[116.78816,6.87808],[116.78704,6.88259],[116.78884,6.8858],[116.79609,6.88212],[116.80446,6.87255],[116.81167,6.86915],[116.81508,6.87275],[116.81301,6.87432],[116.81361,6.87718],[116.81955,6.87775],[116.82131,6.87924],[116.81759,6.88803],[116.82013,6.88764],[116.8272,6.89091],[116.82903,6.89425],[116.82946,6.88916],[116.83285,6.89142],[116.83591,6.8869],[116.83915,6.88603],[116.84125,6.8813],[116.84046,6.88004],[116.84651,6.88234],[116.84526,6.88006],[116.84699,6.8793],[116.84592,6.87793],[116.84804,6.87907],[116.84939,6.87594],[116.85137,6.8754],[116.853,6.87859],[116.86045,6.8782],[116.86176,6.8885],[116.85746,6.8875],[116.85715,6.89156],[116.85857,6.89209],[116.85866,6.88996],[116.86063,6.89323],[116.85945,6.89523],[116.85626,6.89502],[116.85316,6.89913],[116.84933,6.91063],[116.83671,6.93258],[116.83599,6.93898],[116.84196,6.94553],[116.83965,6.95129],[116.83793,6.95163],[116.83347,6.95691],[116.83364,6.95946],[116.83004,6.96628],[116.82186,6.96717],[116.81328,6.97177],[116.80951,6.97007],[116.80624,6.97416],[116.8012,6.97616],[116.80085,6.98502],[116.79399,6.99133],[116.79382,6.99457],[116.79114,6.99869],[116.78489,7.00257],[116.76848,7.02272],[116.76484,7.02459],[116.76283,7.02374],[116.76281,7.02621],[116.75877,7.02861],[116.75894,7.03003],[116.754,7.03484],[116.74639,7.03486],[116.7415,7.03746],[116.74567,7.03115],[116.74398,7.02413],[116.7384,7.01622],[116.73522,7.01627],[116.73349,7.01458],[116.73197,7.01569],[116.73159,7.0127],[116.72802,7.01149],[116.7315,7.00824],[116.73157,7.00446],[116.72927,6.99962],[116.72903,6.99492],[116.72648,6.99257],[116.72689,6.98824],[116.72305,6.98806],[116.72497,6.98578],[116.72414,6.98094],[116.72026,6.97798],[116.7235,6.97572],[116.72663,6.97551],[116.72681,6.97217],[116.72439,6.97063],[116.72071,6.97333],[116.72125,6.97053],[116.72487,6.96717],[116.72301,6.96452],[116.71424,6.96034],[116.71111,6.96146],[116.70575,6.95996],[116.70317,6.95735],[116.70436,6.95577],[116.70249,6.95344],[116.70322,6.95133],[116.70507,6.94977],[116.70725,6.9506],[116.70884,6.94862],[116.70618,6.93147],[116.68707,6.89591],[116.67888,6.88409],[116.6653,6.87155],[116.6608,6.86924],[116.6586,6.87096],[116.65094,6.86702],[116.64046,6.86404],[116.64319,6.85862],[116.64349,6.83925],[116.65238,6.82981],[116.65712,6.83052],[116.66108,6.82726],[116.66225,6.83111],[116.66579,6.82947],[116.66974,6.82054],[116.67198,6.82052],[116.67146,6.82167],[116.6725,6.81987],[116.66469,6.81904],[116.65828,6.81462],[116.65083,6.8148],[116.64467,6.80308],[116.64324,6.79905],[116.64456,6.79775],[116.64132,6.78871],[116.63516,6.7842],[116.6298,6.786],[116.63071,6.78319],[116.6299,6.78209],[116.62828,6.78299],[116.62682,6.78084],[116.62988,6.77887],[116.63707,6.76351],[116.63218,6.75766],[116.6315,6.75274],[116.63478,6.75198],[116.63754,6.74431],[116.64263,6.73828],[116.64419,6.7337],[116.64539,6.71554],[116.64204,6.70711],[116.634,6.69805],[116.63496,6.69613],[116.6328,6.69593],[116.62881,6.68738],[116.62535,6.68381],[116.62373,6.67826],[116.62025,6.67568],[116.61923,6.67153],[116.61604,6.66798],[116.60845,6.66523],[116.6062,6.66586],[116.60198,6.66017],[116.59635,6.65659],[116.59293,6.657],[116.59071,6.66019],[116.58997,6.65841],[116.58517,6.65614],[116.58429,6.65267],[116.57943,6.64892],[116.57323,6.65054],[116.57019,6.65346],[116.56988,6.65163],[116.57301,6.6506],[116.57461,6.64755],[116.57282,6.64424],[116.57304,6.63951],[116.57009,6.63736],[116.56963,6.63345],[116.56468,6.62894],[116.56479,6.62541],[116.55938,6.6184],[116.55483,6.61543],[116.55338,6.61282],[116.54394,6.6079],[116.54496,6.60565],[116.54302,6.60391],[116.54582,6.60258],[116.54228,6.5881],[116.53895,6.58051],[116.52958,6.56966],[116.5242,6.56696],[116.52289,6.56227],[116.52005,6.55895],[116.51702,6.55693],[116.51401,6.55889],[116.51534,6.55329],[116.51413,6.5503],[116.50976,6.54626],[116.5082,6.54756],[116.50787,6.54534],[116.50562,6.54435],[116.50519,6.54113],[116.50265,6.54092],[116.50396,6.53843],[116.5029,6.53592],[116.4956,6.5332],[116.49596,6.52898],[116.49883,6.52675],[116.5005,6.52768],[116.50218,6.52649],[116.49618,6.50152],[116.48816,6.48532],[116.48323,6.4795],[116.46181,6.46261],[116.40368,6.42437],[116.40469,6.42326],[116.39792,6.41598],[116.39231,6.41625],[116.39173,6.41557],[116.39261,6.41446],[116.39095,6.41616],[116.39176,6.41681],[116.3976,6.41651],[116.4037,6.4233],[116.39973,6.4224],[116.39189,6.41759],[116.36912,6.40074],[116.35738,6.39386],[116.35601,6.3958],[116.34916,6.39463],[116.34883,6.39293],[116.35179,6.38879],[116.34886,6.38599],[116.35043,6.38288],[116.34959,6.3805],[116.35296,6.37963],[116.36145,6.38061],[116.36556,6.37727],[116.36345,6.3765],[116.36092,6.37864],[116.35641,6.37896],[116.35448,6.37836],[116.35734,6.37666],[116.35846,6.37734],[116.35995,6.37551],[116.35751,6.37428],[116.34914,6.37584],[116.34715,6.38543],[116.33712,6.38845],[116.33489,6.3836],[116.33658,6.38423],[116.33761,6.3797],[116.34215,6.37858],[116.34161,6.37648],[116.34585,6.37495],[116.34636,6.36711],[116.34329,6.36704],[116.34252,6.36408],[116.33796,6.36315],[116.33911,6.36151],[116.33658,6.36011],[116.33287,6.36134],[116.33082,6.36961],[116.32663,6.36725],[116.32469,6.36801],[116.32252,6.37232],[116.32001,6.37039],[116.32083,6.36816],[116.31853,6.36423],[116.31482,6.36303],[116.31499,6.361],[116.31104,6.35707],[116.31363,6.35749],[116.32131,6.35207],[116.32333,6.34909],[116.32759,6.35094],[116.32801,6.34917],[116.32361,6.34551],[116.31482,6.34338],[116.31205,6.34016],[116.31386,6.33938],[116.3185,6.3418],[116.32478,6.33904],[116.32646,6.34036],[116.32965,6.33573],[116.32082,6.32928],[116.31218,6.32595],[116.30911,6.32195],[116.31258,6.32452],[116.31898,6.32372],[116.32188,6.31937],[116.31852,6.314],[116.32272,6.31322],[116.32833,6.31451],[116.33002,6.31291],[116.32982,6.31446],[116.33099,6.31322],[116.33039,6.31133],[116.33236,6.3106],[116.33281,6.30683],[116.32899,6.30653],[116.3282,6.3086],[116.32679,6.30584],[116.32182,6.30688],[116.32166,6.30495],[116.32437,6.3044],[116.32467,6.30179],[116.32109,6.29871],[116.3144,6.29879],[116.31063,6.3041],[116.31087,6.30059],[116.30793,6.29724],[116.30478,6.29772],[116.30162,6.29575],[116.29881,6.29753],[116.2975,6.29644],[116.29488,6.29875],[116.29273,6.29682],[116.29193,6.30153],[116.294,6.30364],[116.29486,6.30083],[116.29452,6.30785],[116.29785,6.31024],[116.29667,6.31473],[116.29507,6.31424],[116.28982,6.31969],[116.28691,6.30612],[116.28302,6.30366],[116.27914,6.30723],[116.27724,6.30498],[116.27724,6.30286],[116.28008,6.3025],[116.28111,6.29974],[116.27829,6.29399],[116.26931,6.2882],[116.26241,6.28779],[116.2591,6.29009],[116.25405,6.28569],[116.24149,6.2841],[116.242,6.28195],[116.23461,6.27902],[116.23446,6.27671],[116.23144,6.27463],[116.22938,6.26961],[116.23303,6.26841],[116.23329,6.2663],[116.23103,6.26156],[116.22274,6.25405],[116.20884,6.24493],[116.20665,6.24181],[116.20783,6.24038],[116.21391,6.24288],[116.21414,6.24383],[116.21103,6.24243],[116.211,6.24589],[116.21401,6.24445],[116.21315,6.2457],[116.21636,6.24831],[116.21508,6.24567],[116.21594,6.24445],[116.22702,6.24676],[116.2392,6.25193],[116.24552,6.25647],[116.24959,6.25704],[116.24925,6.25815],[116.25356,6.25636],[116.25407,6.25765],[116.25789,6.25704],[116.27042,6.267],[116.27241,6.26625],[116.27803,6.26838],[116.27905,6.2699],[116.27737,6.27067],[116.2806,6.27178],[116.2813,6.27462],[116.28489,6.27818],[116.28655,6.27776],[116.28487,6.27573],[116.2876,6.27557],[116.28702,6.27023],[116.29312,6.2679],[116.29141,6.26805],[116.29264,6.26677],[116.28586,6.26182],[116.28507,6.25876],[116.28467,6.26038],[116.28012,6.25964],[116.27485,6.25614],[116.27837,6.2543],[116.27692,6.24729],[116.27265,6.2417],[116.28423,6.24204],[116.28512,6.2449],[116.28703,6.24118],[116.29128,6.24174],[116.28967,6.24032],[116.29312,6.23754],[116.28519,6.24034],[116.27901,6.23977],[116.28269,6.23759],[116.28254,6.23628],[116.28445,6.23698],[116.28346,6.23626],[116.28555,6.23318],[116.28466,6.23054],[116.28194,6.23062],[116.28082,6.22704],[116.27685,6.22406],[116.27518,6.22573],[116.27273,6.2254],[116.26956,6.22072],[116.27004,6.2196],[116.26877,6.221],[116.26571,6.22066],[116.26342,6.21815],[116.2641,6.22148],[116.26798,6.22112],[116.27064,6.22276],[116.27137,6.22605],[116.27358,6.22687],[116.27516,6.22983],[116.26828,6.23009],[116.26564,6.22876],[116.26296,6.23097],[116.25952,6.22973],[116.26149,6.23179],[116.26112,6.23472],[116.25729,6.23525],[116.25406,6.23767],[116.24883,6.24792],[116.24314,6.25096],[116.23687,6.24652],[116.23742,6.24534],[116.23638,6.24643],[116.23435,6.24466],[116.20435,6.23561],[116.19865,6.23542],[116.19871,6.2371],[116.18809,6.22677],[116.18816,6.22236],[116.18639,6.22279],[116.18419,6.2193],[116.16575,6.1789],[116.15827,6.17016],[116.14744,6.16153],[116.14807,6.15982],[116.14634,6.1613],[116.14168,6.15832],[116.14518,6.15661],[116.14538,6.15366],[116.13787,6.14361],[116.13772,6.14135],[116.14042,6.13921],[116.14943,6.14198],[116.15059,6.14384],[116.17342,6.14023],[116.17707,6.14474],[116.17716,6.14687],[116.18377,6.14358],[116.18733,6.14917],[116.18896,6.14802],[116.19204,6.14864],[116.18947,6.1534],[116.1926,6.15512],[116.19068,6.16223],[116.19629,6.16592],[116.19711,6.16957],[116.19965,6.16829],[116.20407,6.17042],[116.20789,6.16709],[116.2045,6.16569],[116.20338,6.15847],[116.20076,6.15626],[116.20209,6.15114],[116.19733,6.14849],[116.20055,6.1473],[116.1993,6.14452],[116.20218,6.14401],[116.20033,6.14269],[116.19651,6.14183],[116.19539,6.14023],[116.19158,6.14316],[116.19218,6.14499],[116.18814,6.14666],[116.18583,6.14175],[116.18862,6.14119],[116.18995,6.13748],[116.18814,6.13714],[116.186,6.13957],[116.1836,6.13573],[116.18247,6.13588],[116.18265,6.14171],[116.17845,6.14367],[116.17248,6.13714],[116.17454,6.13518],[116.17398,6.13283],[116.17149,6.12976],[116.16888,6.13006],[116.16664,6.12487],[116.16343,6.12711],[116.16102,6.12588],[116.15939,6.13083],[116.16102,6.13148],[116.15999,6.1336],[116.16089,6.13447],[116.15506,6.14051],[116.15055,6.13932],[116.14643,6.13629],[116.13961,6.12716],[116.13673,6.12728],[116.13489,6.12989],[116.1318,6.12588],[116.13098,6.12186],[116.13652,6.11883],[116.13926,6.10667],[116.13892,6.10138],[116.14094,6.09976],[116.14947,6.10289],[116.14857,6.10699],[116.14548,6.1087],[116.14695,6.11086],[116.14986,6.11128],[116.15192,6.10859],[116.15398,6.10878],[116.1539,6.11073],[116.15549,6.10987],[116.16051,6.10386],[116.15888,6.10113],[116.152,6.0976],[116.14832,6.10044],[116.13935,6.09844],[116.13634,6.09555],[116.13557,6.09904],[116.1375,6.10454],[116.13399,6.11538],[116.13153,6.11889],[116.12841,6.12007],[116.12536,6.11905],[116.12286,6.11365],[116.12132,6.11608],[116.11759,6.11651],[116.11716,6.11747],[116.12068,6.11815],[116.12682,6.124],[116.12278,6.12481],[116.13261,6.12959],[116.13368,6.13147],[116.13278,6.13334],[116.13579,6.13356],[116.13801,6.13583],[116.1347,6.14042],[116.11283,6.11896],[116.10506,6.11514],[116.09921,6.1149],[116.09439,6.12007],[116.09094,6.11108],[116.08549,6.10864],[116.085,6.10701],[116.08742,6.10713],[116.08842,6.10547],[116.08798,6.10133],[116.09089,6.09542],[116.09602,6.09578],[116.09649,6.09107],[116.09958,6.08743],[116.098,6.08638],[116.10156,6.08736],[116.10328,6.08587],[116.10196,6.0778],[116.10467,6.07854],[116.10704,6.08235],[116.11019,6.08404],[116.1086,6.08728],[116.11173,6.08829],[116.11391,6.0869],[116.11245,6.0894],[116.11518,6.0925],[116.11487,6.09539],[116.11301,6.09608],[116.11389,6.09857],[116.11599,6.09763],[116.11755,6.0986],[116.12232,6.09385],[116.12556,6.09326],[116.12564,6.09121],[116.12779,6.09163],[116.12571,6.09373],[116.12816,6.09315],[116.12905,6.09118],[116.12761,6.09097],[116.12878,6.08957],[116.12827,6.09096],[116.13244,6.0908],[116.12901,6.08912],[116.13193,6.08521],[116.12917,6.08485],[116.12703,6.07969],[116.12995,6.07781],[116.1298,6.07557],[116.12493,6.07352],[116.12152,6.06887],[116.12187,6.06585],[116.12543,6.06305],[116.12712,6.06359],[116.12881,6.05942],[116.12795,6.05731],[116.12568,6.05597],[116.12401,6.0587],[116.11998,6.0579],[116.11786,6.05924],[116.11113,6.051],[116.10989,6.05137],[116.1121,6.04174],[116.11031,6.03893],[116.11215,6.03764],[116.11216,6.03529],[116.10967,6.03246],[116.10892,6.02694],[116.10665,6.02594],[116.10901,6.02474],[116.109,6.01533],[116.11244,6.01261],[116.11068,6.01147],[116.10893,6.00083],[116.1044,5.99523],[116.09853,5.99184],[116.09265,5.99349],[116.08907,5.99841],[116.08657,5.99806],[116.08405,5.99551],[116.08342,5.99881],[116.08226,5.99529],[116.0809,5.99815],[116.07934,5.99533],[116.08155,5.99422],[116.07799,5.99287],[116.07896,5.99165],[116.07767,5.99074],[116.07787,5.99205],[116.07743,5.9903],[116.07877,5.98874],[116.07614,5.9886],[116.07394,5.98458],[116.0717,5.98348],[116.06519,5.97182],[116.06421,5.97797],[116.06245,5.97937],[116.05894,5.97892],[116.05614,5.96831],[116.05736,5.96825],[116.05751,5.96629],[116.05476,5.96721],[116.0553,5.96845],[116.05456,5.9672],[116.05509,5.96573],[116.05228,5.96338],[116.05704,5.96026],[116.06165,5.96479],[116.05802,5.96097],[116.05769,5.95847],[116.05553,5.95736],[116.05214,5.95833],[116.04559,5.95483],[116.04088,5.95789],[116.04002,5.95667],[116.04568,5.94714],[116.04645,5.93112],[116.04017,5.91663],[116.0406,5.91482],[116.04313,5.91375],[116.04266,5.91232],[116.03695,5.90255],[116.03303,5.89854],[116.03298,5.89731],[116.03709,5.89649],[116.03303,5.89695],[116.03263,5.89504],[116.03999,5.89313],[116.04314,5.88491],[116.04291,5.88126],[116.0452,5.88056],[116.04716,5.87436],[116.04152,5.86493],[116.0435,5.84675],[116.04,5.84682],[116.0319,5.83579],[116.03474,5.83379],[116.04377,5.84573],[116.03555,5.83195],[116.03252,5.82954],[116.02025,5.82573],[116.01502,5.8256],[116.01363,5.82341],[116.01096,5.82469],[116.00519,5.81407],[116.00431,5.80461],[115.99366,5.79722],[115.99258,5.79467],[115.98206,5.78579],[115.97709,5.78309],[115.97547,5.78386],[115.97524,5.78595],[115.97286,5.78551],[115.97169,5.78186],[115.95016,5.77032],[115.9471,5.76689],[115.94424,5.76704],[115.93594,5.76313],[115.91153,5.75544],[115.90862,5.75292],[115.91215,5.74966],[115.91139,5.74888],[115.90828,5.75143],[115.90527,5.75142],[115.89988,5.74325],[115.8951,5.72676],[115.89516,5.72511],[115.89668,5.72855],[115.89555,5.72528],[115.89668,5.6964],[115.89538,5.6774],[115.89316,5.67221],[115.89441,5.66943],[115.88987,5.65393],[115.88825,5.65219],[115.88826,5.64557],[115.88608,5.64218],[115.8858,5.63717],[115.88451,5.63685],[115.88649,5.6344],[115.88655,5.6308],[115.88331,5.62563],[115.88642,5.62575],[115.88651,5.62095],[115.87661,5.59785],[115.87609,5.58948],[115.87386,5.58299],[115.86545,5.57257],[115.84099,5.55608],[115.80698,5.54011],[115.78258,5.53327],[115.76373,5.53004],[115.75193,5.52969],[115.69726,5.53395],[115.66174,5.54036],[115.659,5.53945],[115.6393,5.54588],[115.62117,5.55529],[115.61008,5.56352],[115.60517,5.56994],[115.60276,5.57047],[115.59779,5.56628],[115.59003,5.55455],[115.59195,5.55086],[115.60146,5.54351],[115.60391,5.53424],[115.60981,5.52775],[115.6075,5.52149],[115.60557,5.52035],[115.6023,5.52092],[115.60083,5.5236],[115.59932,5.51619],[115.59909,5.52233],[115.59722,5.52244],[115.59571,5.51925],[115.59708,5.52297],[115.59976,5.52429],[115.59986,5.5257],[115.58383,5.53853],[115.58734,5.55558],[115.59125,5.562],[115.60257,5.57465],[115.60672,5.57613],[115.60555,5.57841],[115.60737,5.58151],[115.60585,5.57867],[115.60723,5.57724],[115.61091,5.59424],[115.61413,5.59724],[115.61659,5.60402],[115.61973,5.60531],[115.62087,5.61433],[115.61723,5.62323],[115.60831,5.62457],[115.60006,5.6314],[115.59688,5.62965],[115.59409,5.63017],[115.59322,5.63187],[115.59359,5.62892],[115.58956,5.62275],[115.59162,5.62192],[115.5915,5.61988],[115.58711,5.61533],[115.58494,5.60752],[115.57908,5.59791],[115.57874,5.59163],[115.57689,5.5873],[115.57018,5.57896],[115.56366,5.57524],[115.56343,5.56911],[115.55991,5.55806],[115.54742,5.54165],[115.53635,5.53177],[115.52799,5.52808],[115.52748,5.52649],[115.51611,5.51881],[115.51264,5.51444],[115.50246,5.50854],[115.49333,5.49943],[115.48831,5.49175],[115.47575,5.48256],[115.46651,5.47039],[115.44645,5.45122],[115.43389,5.43365],[115.42497,5.42425],[115.41474,5.41718],[115.40538,5.4129],[115.39428,5.41086],[115.3851,5.41091],[115.38168,5.40683],[115.37575,5.4036],[115.36552,5.38701],[115.36863,5.38213],[115.3711,5.36997],[115.37072,5.36204],[115.36815,5.35367],[115.36363,5.3478],[115.36574,5.34376],[115.36488,5.32854],[115.36076,5.32102],[115.35767,5.31931],[115.35613,5.31162],[115.33964,5.29939],[115.3393,5.29719],[115.3543,5.29441],[115.35721,5.29614],[115.36549,5.29605],[115.372,5.30126],[115.37381,5.30103],[115.37965,5.29402],[115.3989,5.28226],[115.40265,5.28291],[115.4062,5.28033],[115.40746,5.27641],[115.41329,5.27094],[115.4157,5.27231],[115.41947,5.26581],[115.43022,5.2683],[115.43024,5.27302],[115.43456,5.27357],[115.43589,5.26871],[115.43445,5.2665],[115.43689,5.26518],[115.44121,5.2707],[115.45063,5.27224],[115.45651,5.27037],[115.45795,5.26529],[115.45474,5.2622],[115.44986,5.26551],[115.43811,5.26176],[115.42634,5.2599],[115.43733,5.2494],[115.44248,5.24838],[115.4466,5.23983],[115.45704,5.23436],[115.46513,5.23573],[115.46857,5.23299],[115.46977,5.22427],[115.47458,5.22068],[115.48385,5.22171],[115.48642,5.21812],[115.48917,5.21863],[115.49277,5.2135],[115.49294,5.21043],[115.49655,5.20735],[115.50148,5.20613],[115.50925,5.20889],[115.50857,5.20684],[115.51011,5.20564],[115.51166,5.20803],[115.51698,5.20581],[115.52024,5.20615],[115.52127,5.19914],[115.52453,5.19675],[115.53054,5.20034],[115.54135,5.20239],[115.54307,5.19966],[115.54616,5.20239],[115.54814,5.20076],[115.55285,5.20393],[115.55251,5.20205],[115.55491,5.20342],[115.55538,5.20076],[115.55217,5.19949],[115.55131,5.19812],[115.55338,5.19643],[115.55251,5.19487],[115.55079,5.19538],[115.55011,5.19248],[115.55543,5.19009],[115.55165,5.18718],[115.55062,5.18376],[115.55457,5.18478],[115.56985,5.17913],[115.56789,5.16479],[115.56537,5.16048],[115.56811,5.16189],[115.56987,5.16872],[115.57196,5.16855],[115.57225,5.16526],[115.5704,5.16077],[115.56797,5.15914],[115.56866,5.15731],[115.56734,5.15503],[115.56248,5.15236],[115.55936,5.14616],[115.55423,5.14067],[115.55526,5.12717],[115.55305,5.09853],[115.54888,5.07738],[115.54477,5.07016],[115.53826,5.06767],[115.53466,5.07177],[115.53311,5.06254],[115.52916,5.05296],[115.51717,5.03971],[115.51483,5.0411],[115.51666,5.03868],[115.51203,5.03126],[115.50393,5.02663],[115.49449,5.02492],[115.48728,5.02782],[115.48127,5.01945],[115.47011,5.01346],[115.46636,5.01436],[115.4605,5.0085],[115.45827,4.99978],[115.45913,4.9955],[115.4581,4.99003],[115.45346,4.98251],[115.44762,4.97943],[115.45433,4.9706],[115.46753,4.96416],[115.49382,4.95902],[115.50907,4.95916],[115.51604,4.95955],[115.53597,4.96897],[115.55,4.97808],[115.55812,4.97953],[115.57602,4.98832],[115.58916,4.9868],[115.59309,4.99009],[115.5995,4.98396],[115.60527,4.97645],[115.6207,4.9654],[115.62506,4.946],[115.62313,4.94005],[115.62299,4.92816],[115.62161,4.92392],[115.62745,4.91712],[115.63301,4.91064],[115.63844,4.88864],[115.63831,4.88399],[115.63566,4.87795],[115.63741,4.87035],[115.64096,4.85872],[115.64733,4.85215],[115.65209,4.85063],[115.65177,4.8369],[115.65272,4.82827],[115.65478,4.82541],[115.65281,4.81951],[115.65586,4.81293],[115.65604,4.80573],[115.65442,4.79987],[115.65563,4.7984],[115.6555,4.78521],[115.65312,4.77805],[115.64948,4.77322],[115.63683,4.77094],[115.63328,4.76826],[115.63221,4.75828],[115.62705,4.75171],[115.62628,4.74375],[115.6213,4.73699],[115.61762,4.71816],[115.61259,4.71092],[115.60856,4.69271],[115.60532,4.68815],[115.60173,4.67742],[115.59698,4.67424],[115.58899,4.66556],[115.58392,4.65773],[115.58109,4.65693],[115.5753,4.64812],[115.56529,4.64561],[115.56632,4.64123],[115.55968,4.63362],[115.55941,4.62669],[115.55632,4.61976],[115.54644,4.60441],[115.54546,4.59292],[115.55192,4.58876],[115.55353,4.58504],[115.55856,4.58124],[115.56143,4.57252],[115.56781,4.56992],[115.57068,4.56643],[115.56794,4.55713],[115.56345,4.55118],[115.56857,4.54357],[115.57395,4.53986],[115.57552,4.53691],[115.57324,4.52805],[115.57813,4.52425],[115.58091,4.51767],[115.57548,4.50648],[115.57849,4.49879],[115.57445,4.49584],[115.5709,4.49517],[115.56691,4.48953],[115.5604,4.48814],[115.55986,4.48031],[115.56049,4.47798],[115.56897,4.46899],[115.57521,4.45794],[115.57902,4.45611],[115.58006,4.44751],[115.58638,4.4417],[115.58778,4.43449],[115.59119,4.4315],[115.59303,4.42022],[115.59343,4.41682],[115.5902,4.41136],[115.59141,4.39892],[115.58674,4.39127],[115.58939,4.38563],[115.58737,4.37946],[115.58714,4.36577],[115.59,4.36226],[115.60824,4.36026],[115.60617,4.35103],[115.60747,4.34691],[115.61277,4.34154],[115.61753,4.34485],[115.62536,4.34402],[115.63102,4.35059],[115.63613,4.34496],[115.64022,4.34276],[115.64484,4.34352],[115.64856,4.34026],[115.65934,4.33596],[115.66266,4.32831],[115.66593,4.32567],[115.66647,4.30911],[115.67042,4.30468],[115.67154,4.2985],[115.66714,4.29152],[115.66719,4.28633],[115.66396,4.28387],[115.66423,4.27917],[115.66557,4.27698],[115.66373,4.27344],[115.65848,4.27044],[115.65709,4.26203],[115.65121,4.25872],[115.64915,4.25174],[115.64179,4.24654],[115.63658,4.23952],[115.63604,4.23777],[115.64174,4.23536],[115.64242,4.23348],[115.64242,4.22623],[115.63977,4.22457],[115.64017,4.22081],[115.63842,4.21647],[115.6399,4.21235],[115.63851,4.20385],[115.64129,4.19892],[115.64215,4.19319],[115.63564,4.1825],[115.62989,4.17847],[115.63147,4.17238],[115.62949,4.16755],[115.63057,4.16437],[115.63874,4.16406],[115.64093,4.15913],[115.64129,4.14888],[115.64785,4.14588],[115.6491,4.13724],[115.64497,4.12578],[115.64399,4.12256],[115.65108,4.11858],[115.65561,4.11925],[115.65854,4.12408],[115.67088,4.11611]]],[[[117.28062,7.03135],[117.28172,7.02682],[117.28432,7.02673],[117.28758,7.0223],[117.29219,7.02295],[117.29814,7.01676],[117.30493,7.01427],[117.31814,7.02101],[117.31963,7.02387],[117.3227,7.02433],[117.32094,7.02886],[117.32177,7.03153],[117.31489,7.03717],[117.32001,7.03855],[117.32754,7.032],[117.33368,7.03163],[117.33508,7.0356],[117.33908,7.03643],[117.34066,7.03846],[117.34699,7.03818],[117.34624,7.04114],[117.34271,7.04308],[117.34466,7.04455],[117.3441,7.04617],[117.34727,7.04668],[117.34801,7.04926],[117.34457,7.04908],[117.33945,7.05683],[117.33517,7.05277],[117.32959,7.05203],[117.32922,7.05388],[117.33452,7.05628],[117.33238,7.05924],[117.33415,7.0609],[117.33415,7.06367],[117.3315,7.06653],[117.32805,7.06736],[117.32536,7.07022],[117.32377,7.06948],[117.32387,7.06644],[117.32173,7.06514],[117.31391,7.06607],[117.31549,7.0681],[117.31577,7.07272],[117.31196,7.07152],[117.31038,7.07484],[117.30191,7.0789],[117.30023,7.07706],[117.30256,7.07041],[117.29837,7.0705],[117.29707,7.06819],[117.29502,7.06976],[117.29344,7.06838],[117.29167,7.06958],[117.28786,7.06838],[117.28805,7.07013],[117.29158,7.0717],[117.29,7.07189],[117.28972,7.07549],[117.28107,7.07696],[117.27167,7.07355],[117.27018,7.07475],[117.26655,7.07068],[117.26934,7.06625],[117.26739,7.0645],[117.26423,7.06431],[117.26125,7.06108],[117.26255,7.06025],[117.26227,7.05545],[117.26581,7.05591],[117.26795,7.05453],[117.27353,7.05628],[117.28256,7.0476],[117.28014,7.04659],[117.2713,7.04806],[117.26953,7.04862],[117.2686,7.05222],[117.2673,7.05231],[117.26376,7.04982],[117.26376,7.04714],[117.26572,7.04188],[117.27065,7.04261],[117.27381,7.0392],[117.27642,7.04308],[117.27874,7.04317],[117.27809,7.03901],[117.27977,7.03763],[117.28218,7.038],[117.28062,7.03135]]],[[[117.04415,7.09175],[117.04216,7.09249],[117.0374,7.08787],[117.04675,7.07984],[117.05398,7.08182],[117.05887,7.08562],[117.054,7.09103],[117.04818,7.0901],[117.04415,7.09175]]],[[[117.13487,7.13927],[117.13553,7.13406],[117.13353,7.13245],[117.13089,7.13257],[117.12989,7.1306],[117.13337,7.1249],[117.14141,7.12506],[117.14518,7.13369],[117.15105,7.13972],[117.14518,7.14073],[117.1482,7.14265],[117.15021,7.14785],[117.14945,7.15002],[117.14523,7.14933],[117.14523,7.15301],[117.14899,7.1545],[117.14909,7.15622],[117.13869,7.154],[117.12952,7.14274],[117.11915,7.14161],[117.11697,7.13587],[117.12063,7.13349],[117.12652,7.13699],[117.13319,7.13673],[117.13487,7.13927]]],[[[117.17065,7.17097],[117.16603,7.16642],[117.16561,7.16207],[117.16741,7.16011],[117.16121,7.15138],[117.16267,7.1482],[117.17145,7.14949],[117.17306,7.15391],[117.1827,7.1612],[117.18882,7.16135],[117.18968,7.15831],[117.19245,7.16049],[117.19999,7.16187],[117.20165,7.16443],[117.20094,7.16699],[117.20347,7.17097],[117.20063,7.1723],[117.20449,7.17494],[117.19869,7.17501],[117.19616,7.17957],[117.183,7.1734],[117.18328,7.17068],[117.18196,7.17338],[117.17065,7.17097]]],[[[117.32154,7.20233],[117.32237,7.19982],[117.32581,7.19778],[117.34202,7.19694],[117.34332,7.19872],[117.33559,7.20067],[117.33216,7.20237],[117.33113,7.20442],[117.32814,7.20504],[117.32178,7.20399],[117.32154,7.20233]]],[[[117.32032,7.22964],[117.31819,7.22406],[117.32079,7.22083],[117.32379,7.22272],[117.32457,7.22085],[117.32883,7.2224],[117.33329,7.22052],[117.33677,7.22341],[117.33852,7.2281],[117.33541,7.23193],[117.33007,7.22956],[117.32557,7.22959],[117.32346,7.232],[117.32032,7.22964]]],[[[117.31846,7.24401],[117.31297,7.24131],[117.30978,7.24195],[117.3065,7.24044],[117.30531,7.24138],[117.30177,7.23845],[117.30236,7.23611],[117.29949,7.23471],[117.29746,7.23053],[117.29504,7.22994],[117.29511,7.22814],[117.29239,7.22788],[117.29386,7.22104],[117.30537,7.21942],[117.30295,7.20569],[117.30625,7.2037],[117.30803,7.20388],[117.30919,7.20688],[117.3103,7.21896],[117.31466,7.22333],[117.3155,7.22717],[117.31783,7.22972],[117.31819,7.23408],[117.32052,7.23438],[117.32163,7.23773],[117.3211,7.24255],[117.31846,7.24401]]],[[[117.33593,7.27151],[117.33559,7.26521],[117.34126,7.26044],[117.34623,7.26589],[117.34623,7.26845],[117.33834,7.27253],[117.33593,7.27151]]],[[[117.2929,7.30518],[117.28957,7.30202],[117.28916,7.29559],[117.28618,7.29253],[117.28722,7.28813],[117.29103,7.28549],[117.29373,7.28927],[117.29345,7.29628],[117.29761,7.29758],[117.2992,7.30057],[117.29661,7.30408],[117.29702,7.30593],[117.29519,7.30652],[117.2929,7.30518]]],[[[116.85506,7.20637],[116.85304,7.2002],[116.8536,7.19795],[116.85915,7.19673],[116.86048,7.19268],[116.86395,7.19343],[116.86715,7.19718],[116.87163,7.19927],[116.87089,7.20083],[116.8688,7.20017],[116.87021,7.20136],[116.87337,7.19904],[116.87656,7.20476],[116.87472,7.20568],[116.87345,7.2035],[116.86426,7.2004],[116.85612,7.2011],[116.85732,7.20716],[116.86023,7.20881],[116.86559,7.20715],[116.87453,7.21161],[116.87389,7.20784],[116.87717,7.2086],[116.87746,7.20277],[116.88381,7.20314],[116.88949,7.20073],[116.88529,7.20484],[116.88313,7.20384],[116.87816,7.20495],[116.87825,7.20628],[116.88231,7.20548],[116.88497,7.2072],[116.88702,7.20654],[116.8934,7.20869],[116.89551,7.21088],[116.89479,7.2133],[116.88664,7.21716],[116.8872,7.22161],[116.88525,7.22329],[116.88177,7.22128],[116.8827,7.22082],[116.88111,7.21706],[116.87492,7.21321],[116.87285,7.21453],[116.86628,7.21295],[116.86237,7.21439],[116.86353,7.2143],[116.86525,7.21915],[116.86905,7.22255],[116.86938,7.22662],[116.87154,7.22747],[116.87109,7.2287],[116.87771,7.23055],[116.87745,7.23441],[116.87837,7.23649],[116.87802,7.23466],[116.87947,7.23319],[116.88821,7.22989],[116.8957,7.22912],[116.89657,7.22723],[116.89471,7.2255],[116.89628,7.22486],[116.90028,7.22969],[116.90075,7.23234],[116.89926,7.23467],[116.90014,7.23159],[116.89709,7.22917],[116.89662,7.23164],[116.89832,7.23178],[116.89607,7.23447],[116.89775,7.23558],[116.89743,7.2379],[116.8995,7.23775],[116.89757,7.23822],[116.89668,7.24089],[116.89803,7.24383],[116.89691,7.24592],[116.89851,7.24555],[116.89719,7.24855],[116.90051,7.24831],[116.90052,7.2462],[116.90272,7.24614],[116.9021,7.24429],[116.90321,7.24316],[116.90182,7.24282],[116.90277,7.24199],[116.90882,7.24271],[116.90501,7.24703],[116.90743,7.24738],[116.90922,7.2453],[116.90942,7.24768],[116.91107,7.24747],[116.91385,7.24335],[116.91654,7.24403],[116.91858,7.24292],[116.91794,7.24158],[116.91217,7.24073],[116.91039,7.2413],[116.91049,7.24264],[116.90812,7.24103],[116.90372,7.24128],[116.90639,7.23806],[116.91655,7.23875],[116.93715,7.23024],[116.94436,7.24386],[116.95397,7.24761],[116.9677,7.24693],[116.98178,7.24182],[116.98658,7.24216],[116.98453,7.25408],[116.97697,7.2677],[116.97388,7.26702],[116.96736,7.27077],[116.96873,7.29256],[116.97835,7.30516],[116.98212,7.30687],[116.99757,7.3021],[116.99345,7.29529],[116.99551,7.28575],[117.00993,7.27588],[117.01542,7.27451],[117.02023,7.28984],[117.0192,7.30687],[117.02366,7.31879],[117.01542,7.34603],[117.01062,7.35386],[117.00306,7.35794],[116.99654,7.35284],[116.99105,7.33275],[116.98384,7.31981],[116.96633,7.31334],[116.95193,7.30256],[116.94224,7.30011],[116.93987,7.29626],[116.93155,7.2923],[116.93142,7.29105],[116.92151,7.29222],[116.91863,7.29478],[116.91817,7.30076],[116.91192,7.29997],[116.91023,7.30106],[116.90564,7.29233],[116.90035,7.28814],[116.89004,7.28732],[116.88908,7.28838],[116.88796,7.28754],[116.88744,7.28896],[116.88271,7.2772],[116.87895,7.2745],[116.88125,7.27407],[116.88086,7.26707],[116.874,7.25927],[116.87113,7.25044],[116.8653,7.24344],[116.86689,7.23993],[116.86682,7.23252],[116.86275,7.21584],[116.86098,7.21434],[116.86173,7.21305],[116.85935,7.20845],[116.85773,7.20894],[116.85506,7.20637]]],[[[117.05866,7.12838],[117.06038,7.12583],[117.06271,7.12789],[117.06404,7.12739],[117.07272,7.11843],[117.07788,7.11889],[117.07642,7.11787],[117.07659,7.10978],[117.07266,7.1027],[117.07544,7.10029],[117.08647,7.11046],[117.0867,7.11368],[117.09103,7.11619],[117.08931,7.11714],[117.09048,7.11865],[117.09182,7.11821],[117.09331,7.12466],[117.08747,7.12763],[117.0911,7.13444],[117.08857,7.13761],[117.08906,7.13945],[117.0969,7.13871],[117.10085,7.14141],[117.10462,7.14206],[117.10789,7.14622],[117.11182,7.14759],[117.11246,7.15114],[117.12621,7.15647],[117.13474,7.16312],[117.13803,7.16299],[117.14939,7.17426],[117.15837,7.17935],[117.16563,7.17989],[117.17118,7.18515],[117.18653,7.18982],[117.19314,7.18552],[117.20418,7.18698],[117.21222,7.18976],[117.21374,7.18952],[117.21496,7.18494],[117.22122,7.18513],[117.23131,7.20432],[117.23726,7.20938],[117.23553,7.2122],[117.23756,7.21365],[117.23658,7.21661],[117.23949,7.21722],[117.24146,7.21611],[117.24101,7.21236],[117.24348,7.21262],[117.24336,7.21791],[117.24561,7.21993],[117.24386,7.22212],[117.24662,7.22471],[117.24789,7.22286],[117.25154,7.22464],[117.24787,7.21605],[117.24799,7.2097],[117.24662,7.20658],[117.24787,7.20084],[117.24508,7.19541],[117.24623,7.19275],[117.24336,7.1917],[117.24122,7.18618],[117.24504,7.1828],[117.25781,7.18784],[117.25993,7.19018],[117.25797,7.19531],[117.25437,7.19783],[117.2599,7.20086],[117.25938,7.20258],[117.26206,7.2054],[117.26145,7.20768],[117.26599,7.20872],[117.27112,7.21242],[117.27768,7.22317],[117.27488,7.22679],[117.27848,7.22755],[117.27914,7.23041],[117.28314,7.2331],[117.27885,7.23373],[117.27587,7.23591],[117.28029,7.24012],[117.28253,7.24561],[117.28041,7.24897],[117.27697,7.24858],[117.27832,7.24421],[117.2713,7.24414],[117.26881,7.24603],[117.26404,7.24433],[117.26138,7.24539],[117.26128,7.25033],[117.2589,7.25294],[117.26094,7.25581],[117.26326,7.25565],[117.27224,7.26164],[117.27431,7.26111],[117.27766,7.26347],[117.27618,7.26608],[117.2728,7.26612],[117.26497,7.26363],[117.26364,7.26807],[117.26078,7.26986],[117.26255,7.27092],[117.26225,7.27671],[117.26735,7.28204],[117.27391,7.29357],[117.27465,7.29688],[117.27251,7.30023],[117.27867,7.30779],[117.27755,7.30978],[117.27931,7.31036],[117.28027,7.308],[117.28304,7.30795],[117.2827,7.30992],[117.29278,7.31646],[117.29498,7.32532],[117.28972,7.33055],[117.28832,7.33624],[117.28537,7.33717],[117.28141,7.34903],[117.27873,7.35187],[117.27707,7.35232],[117.27314,7.34992],[117.26443,7.35017],[117.24278,7.35756],[117.23462,7.36282],[117.21578,7.35921],[117.21074,7.3562],[117.20801,7.35607],[117.20374,7.35096],[117.19633,7.35235],[117.19036,7.35669],[117.1897,7.35988],[117.18301,7.35858],[117.17983,7.35585],[117.18091,7.35113],[117.17672,7.3509],[117.17164,7.34449],[117.16597,7.34192],[117.15888,7.343],[117.15327,7.34782],[117.15476,7.35098],[117.15136,7.35175],[117.14816,7.34899],[117.14873,7.34588],[117.14455,7.33639],[117.13987,7.33498],[117.13491,7.32925],[117.1295,7.33019],[117.13257,7.32409],[117.12354,7.3158],[117.11856,7.31381],[117.11428,7.31738],[117.111,7.311],[117.10759,7.30926],[117.09866,7.31196],[117.09495,7.31085],[117.09465,7.31253],[117.09013,7.31133],[117.08723,7.30922],[117.08796,7.30604],[117.08678,7.30324],[117.08101,7.30223],[117.0803,7.30558],[117.07577,7.30558],[117.07695,7.30335],[117.07307,7.29962],[117.0713,7.29956],[117.0678,7.295],[117.06112,7.29327],[117.065,7.27399],[117.06947,7.26075],[117.06668,7.25659],[117.06601,7.24567],[117.0642,7.24123],[117.05962,7.23644],[117.05989,7.22351],[117.05715,7.21972],[117.05758,7.21621],[117.0557,7.21494],[117.05685,7.21226],[117.0543,7.20922],[117.05945,7.20779],[117.0631,7.20912],[117.06676,7.20719],[117.06475,7.19938],[117.058,7.19762],[117.0538,7.19116],[117.05388,7.18733],[117.05456,7.18363],[117.06276,7.18276],[117.06283,7.17953],[117.05967,7.17665],[117.06053,7.17554],[117.07515,7.17724],[117.07419,7.16808],[117.07082,7.16644],[117.07017,7.16343],[117.06584,7.16364],[117.06402,7.1586],[117.0644,7.15376],[117.06651,7.1523],[117.06723,7.14954],[117.06437,7.14483],[117.0641,7.13399],[117.05977,7.13158],[117.05866,7.12838]]]]}},{"type":"Feature","properties":{"state_code":"SGR","name":"Selangor","region_group":"central"},"geometry":{"type":"MultiPolygon","coordinates":[[[[101.2499,2.90772],[101.25593,2.91031],[101.25941,2.92249],[101.25846,2.95075],[101.25567,2.96447],[101.25369,2.96612],[101.23665,2.9552],[101.22982,2.9458],[101.23185,2.93665],[101.23289,2.9383],[101.23304,2.93739],[101.23138,2.93149],[101.23203,2.92723],[101.23319,2.92412],[101.23565,2.92243],[101.23435,2.92224],[101.23549,2.91307],[101.23433,2.90691],[101.23545,2.90408],[101.2499,2.90772]]],[[[101.30636,2.97846],[101.30237,2.98045],[101.29559,2.97666],[101.29036,2.97551],[101.28258,2.96877],[101.2791,2.9598],[101.26423,2.94924],[101.26335,2.9339],[101.26423,2.9181],[101.26593,2.91694],[101.27204,2.91656],[101.27591,2.91941],[101.29413,2.95015],[101.30636,2.97846]]],[[[101.27891,2.89859],[101.27373,2.89549],[101.2743,2.89387],[101.28534,2.88411],[101.28732,2.88736],[101.29085,2.88709],[101.29993,2.8959],[101.30059,2.89528],[101.31111,2.90985],[101.32107,2.91474],[101.3304,2.91063],[101.34127,2.89574],[101.34751,2.89667],[101.34864,2.89864],[101.34738,2.90259],[101.338,2.91389],[101.33546,2.91957],[101.33694,2.92663],[101.33942,2.92906],[101.34948,2.93154],[101.35779,2.94463],[101.36361,2.96286],[101.37086,2.97516],[101.37703,2.98167],[101.38768,2.98668],[101.39022,2.99147],[101.38862,2.99279],[101.37324,2.99224],[101.35456,2.99529],[101.3398,2.98793],[101.33076,2.97999],[101.32674,2.97821],[101.31621,2.96841],[101.30942,2.95788],[101.30848,2.95906],[101.28938,2.92575],[101.29031,2.92527],[101.28676,2.91266],[101.27891,2.89859]]],[[[101.2501,2.99327],[101.26229,3.00274],[101.26242,3.00948],[101.25986,3.01639],[101.24546,3.01488],[101.22352,3.0043],[101.22122,3.00133],[101.22106,2.99646],[101.21877,2.99401],[101.21799,2.99023],[101.21907,2.98815],[101.21795,2.98795],[101.21895,2.98614],[101.21498,2.98001],[101.21467,2.97727],[101.19905,2.95575],[101.19847,2.95219],[101.20004,2.94957],[101.20308,2.9493],[101.21446,2.95323],[101.24001,2.98482],[101.2501,2.99327]]],[[[101.2501,3.01925],[101.25431,3.01928],[101.25576,3.02118],[101.25453,3.02259],[101.25622,3.021],[101.25482,3.01917],[101.2576,3.02227],[101.25639,3.01946],[101.258,3.01981],[101.25912,3.02264],[101.2588,3.01983],[101.26571,3.02731],[101.27243,3.03062],[101.27949,3.04027],[101.28039,3.04248],[101.27889,3.04502],[101.27009,3.0535],[101.2683,3.05749],[101.25956,3.05849],[101.24671,3.05416],[101.24044,3.05048],[101.23588,3.04489],[101.23439,3.04476],[101.22944,3.03674],[101.22709,3.03568],[101.21377,3.0185],[101.20962,3.00689],[101.21131,3.00689],[101.21304,3.00435],[101.21696,3.00459],[101.24267,3.01705],[101.2501,3.01925]]],[[[101.27597,2.99834],[101.26445,2.97982],[101.26127,2.95885],[101.26186,2.95415],[101.26345,2.95283],[101.26986,2.95492],[101.27882,2.96039],[101.28235,2.96953],[101.28946,2.97591],[101.31114,2.98639],[101.3135,2.98474],[101.3158,2.98506],[101.32286,2.98985],[101.32263,2.9917],[101.32867,2.99322],[101.3349,2.99768],[101.33545,3.00781],[101.33748,3.00968],[101.33516,3.01764],[101.33702,3.01824],[101.33436,3.03515],[101.33808,3.05446],[101.33436,3.06448],[101.3212,3.06906],[101.31303,3.06727],[101.30439,3.06328],[101.30313,3.0595],[101.30174,3.0595],[101.29988,3.04743],[101.29529,3.04391],[101.28239,3.00937],[101.27597,2.99834]]],[[[100.93068,3.86908],[100.88577,3.85346],[100.85823,3.85467],[100.84633,3.8506],[100.83138,3.84964],[100.831,3.84476],[100.81928,3.84619],[100.80959,3.80255],[100.81387,3.78464],[100.8225,3.77751],[100.82659,3.77643],[100.83945,3.77791],[100.84545,3.77701],[100.85652,3.77459],[100.87063,3.76913],[100.87483,3.76438],[100.89595,3.74986],[100.91702,3.72545],[100.92263,3.71376],[100.92587,3.71145],[100.92817,3.69836],[100.92991,3.69539],[100.93248,3.69434],[100.9333,3.68905],[100.93469,3.6901],[100.93788,3.68607],[100.93791,3.67915],[100.93957,3.67561],[100.9439,3.67381],[100.95037,3.67412],[100.96655,3.66949],[100.97737,3.66985],[100.98032,3.66333],[100.9945,3.65606],[101.01761,3.63757],[101.0194,3.63862],[101.01761,3.63656],[101.02455,3.63029],[101.02819,3.62886],[101.03258,3.62126],[101.0377,3.61875],[101.03798,3.61533],[101.04908,3.59939],[101.05186,3.59644],[101.05295,3.59714],[101.05257,3.59599],[101.05586,3.59302],[101.05647,3.58802],[101.06466,3.56977],[101.06907,3.5653],[101.07013,3.55957],[101.08048,3.53454],[101.08348,3.53035],[101.09157,3.50644],[101.09572,3.50067],[101.09775,3.49172],[101.10355,3.48128],[101.11852,3.46021],[101.1239,3.44965],[101.12907,3.44889],[101.13148,3.44705],[101.13278,3.44575],[101.13234,3.44301],[101.14446,3.42988],[101.15601,3.41273],[101.16254,3.39893],[101.1698,3.39471],[101.17368,3.39471],[101.17635,3.39079],[101.18112,3.37091],[101.19195,3.34784],[101.19985,3.34059],[101.20158,3.34006],[101.19968,3.34138],[101.20129,3.34279],[101.21111,3.34172],[101.2302,3.33157],[101.24681,3.31328],[101.25496,3.30804],[101.26786,3.29379],[101.2805,3.27855],[101.29485,3.25586],[101.29925,3.25341],[101.30019,3.24658],[101.29786,3.24172],[101.30469,3.22445],[101.30694,3.17774],[101.30756,3.17453],[101.30901,3.17409],[101.30784,3.1731],[101.30848,3.17164],[101.30673,3.17249],[101.30777,3.1703],[101.30695,3.16329],[101.3114,3.13843],[101.31434,3.12987],[101.31269,3.12764],[101.3166,3.11961],[101.31807,3.11246],[101.31928,3.11098],[101.32516,3.11109],[101.32931,3.10914],[101.32967,3.10668],[101.33728,3.09996],[101.3567,3.07559],[101.36006,3.07314],[101.3621,3.06346],[101.36139,3.05517],[101.35841,3.04927],[101.35828,3.04327],[101.35657,3.04319],[101.3566,3.01473],[101.35754,3.01851],[101.36429,3.00092],[101.38692,3.00213],[101.3909,2.99944],[101.39294,2.9958],[101.3939,2.98591],[101.38964,2.97889],[101.37663,2.96881],[101.36945,2.96014],[101.36376,2.93945],[101.35791,2.92579],[101.33901,2.92209],[101.33926,2.92021],[101.34922,2.9097],[101.35148,2.90534],[101.35189,2.89911],[101.35025,2.8952],[101.3457,2.89206],[101.34027,2.89266],[101.32192,2.91077],[101.3204,2.91092],[101.30376,2.88927],[101.29554,2.88343],[101.29396,2.88079],[101.28915,2.879],[101.28759,2.87657],[101.28645,2.87139],[101.28839,2.86101],[101.28723,2.85955],[101.29335,2.83758],[101.3112,2.83284],[101.32402,2.83094],[101.32366,2.83236],[101.32542,2.8319],[101.3456,2.82123],[101.3485,2.81758],[101.35102,2.81736],[101.35349,2.81956],[101.35473,2.81581],[101.36183,2.81178],[101.37202,2.81067],[101.3872,2.80578],[101.40982,2.80458],[101.41184,2.80186],[101.40552,2.7995],[101.40807,2.7914],[101.42218,2.77984],[101.42575,2.77434],[101.42782,2.77473],[101.4334,2.76285],[101.44021,2.75515],[101.46269,2.70768],[101.48,2.68834],[101.49981,2.68201],[101.50567,2.67676],[101.51249,2.67449],[101.51429,2.67514],[101.5443,2.65996],[101.55547,2.6579],[101.55549,2.65649],[101.55563,2.65787],[101.56373,2.65356],[101.5651,2.65536],[101.5721,2.65277],[101.575,2.65326],[101.59031,2.64481],[101.60163,2.63623],[101.60788,2.63464],[101.6082,2.6333],[101.62415,2.63191],[101.66324,2.61845],[101.67173,2.61674],[101.68483,2.60991],[101.68437,2.60853],[101.68677,2.60861],[101.68827,2.60177],[101.68696,2.6007],[101.69649,2.59436],[101.71245,2.59533],[101.71228,2.59833],[101.71119,2.5995],[101.70372,2.60309],[101.70243,2.60505],[101.70247,2.60601],[101.70373,2.60886],[101.70563,2.611],[101.71536,2.61798],[101.71822,2.61934],[101.72286,2.6204],[101.72597,2.61834],[101.72839,2.61624],[101.73031,2.61905],[101.72916,2.62947],[101.72474,2.63562],[101.73021,2.64454],[101.7342,2.64812],[101.74561,2.65273],[101.74746,2.65475],[101.74569,2.66458],[101.74105,2.6679],[101.7399,2.67275],[101.7453,2.68079],[101.74795,2.68187],[101.75149,2.68111],[101.75273,2.68515],[101.75133,2.68786],[101.75293,2.69117],[101.75509,2.69179],[101.75521,2.69336],[101.75366,2.69392],[101.75492,2.69695],[101.76056,2.69929],[101.76212,2.70295],[101.75376,2.83139],[101.75149,2.86946],[101.79237,2.86974],[101.8829,2.86693],[101.91823,2.95535],[101.93516,2.99145],[101.93417,2.9995],[101.94445,2.99941],[101.94288,3.01657],[101.94782,3.02387],[101.95414,3.02601],[101.96705,3.02954],[101.97075,3.03241],[101.97116,3.03528],[101.96836,3.04168],[101.96935,3.04423],[101.96713,3.04776],[101.96943,3.05531],[101.96261,3.0645],[101.96154,3.07296],[101.95045,3.11268],[101.95069,3.11637],[101.95513,3.11802],[101.96253,3.12926],[101.96582,3.13911],[101.96351,3.14904],[101.95784,3.15519],[101.95603,3.15601],[101.95612,3.15782],[101.95151,3.15905],[101.95061,3.16324],[101.94821,3.16515],[101.94707,3.17716],[101.94218,3.1838],[101.94991,3.19038],[101.94808,3.2039],[101.95183,3.20639],[101.95065,3.20984],[101.95152,3.21371],[101.94192,3.23536],[101.9366,3.2387],[101.93313,3.24365],[101.93667,3.24921],[101.93403,3.25236],[101.93086,3.25273],[101.93042,3.25655],[101.92839,3.25846],[101.91502,3.25679],[101.9127,3.25721],[101.91196,3.26051],[101.9099,3.26213],[101.90667,3.2625],[101.90404,3.26456],[101.89688,3.26419],[101.8932,3.25897],[101.88842,3.25905],[101.87851,3.27041],[101.86945,3.26859],[101.85717,3.27401],[101.85182,3.28442],[101.84424,3.28437],[101.82945,3.29136],[101.81652,3.30535],[101.80558,3.32399],[101.79907,3.33188],[101.7875,3.33453],[101.78101,3.33942],[101.78127,3.35297],[101.78064,3.35677],[101.77299,3.36026],[101.75934,3.37158],[101.76142,3.37885],[101.76395,3.38048],[101.7663,3.386],[101.76544,3.39855],[101.77553,3.40249],[101.77777,3.40737],[101.77994,3.4075],[101.78311,3.41325],[101.78931,3.41858],[101.79323,3.42454],[101.78542,3.43143],[101.78578,3.43703],[101.78445,3.43754],[101.78425,3.44207],[101.7816,3.44538],[101.77915,3.45078],[101.77895,3.4603],[101.77737,3.46478],[101.76821,3.47779],[101.76806,3.48131],[101.76582,3.49006],[101.76286,3.49546],[101.76393,3.49917],[101.76318,3.50819],[101.76702,3.51332],[101.77064,3.51479],[101.77294,3.5211],[101.77778,3.52797],[101.77896,3.53642],[101.78727,3.54696],[101.78854,3.54563],[101.7942,3.54757],[101.79976,3.54681],[101.80277,3.55067],[101.80665,3.54945],[101.808,3.56204],[101.81038,3.56499],[101.80915,3.56859],[101.81088,3.57025],[101.80814,3.57586],[101.80951,3.57831],[101.80858,3.58529],[101.81189,3.58651],[101.81326,3.59335],[101.81521,3.59429],[101.81651,3.60314],[101.81586,3.60501],[101.81146,3.60487],[101.80973,3.60746],[101.8111,3.61149],[101.80908,3.61386],[101.80173,3.61329],[101.79812,3.62344],[101.79733,3.62725],[101.79084,3.62783],[101.78752,3.62991],[101.7842,3.63509],[101.78586,3.63718],[101.78593,3.64085],[101.78435,3.64503],[101.78586,3.6492],[101.78427,3.65165],[101.78103,3.65179],[101.76848,3.66597],[101.77201,3.6713],[101.7679,3.67756],[101.76855,3.68108],[101.76776,3.68209],[101.76509,3.68113],[101.76284,3.6827],[101.75901,3.68346],[101.75835,3.6856],[101.75214,3.6908],[101.7502,3.69075],[101.75046,3.69208],[101.74533,3.69639],[101.7414,3.69599],[101.7381,3.70418],[101.74118,3.7094],[101.73486,3.71185],[101.73252,3.71082],[101.72984,3.71276],[101.72091,3.70736],[101.71652,3.7077],[101.71624,3.7094],[101.71219,3.71162],[101.70405,3.70929],[101.6983,3.7106],[101.69323,3.7081],[101.68589,3.70974],[101.68207,3.71969],[101.67154,3.72003],[101.66659,3.72764],[101.65827,3.72997],[101.65434,3.73736],[101.65053,3.73963],[101.63937,3.75276],[101.62781,3.7698],[101.62525,3.76918],[101.62479,3.77247],[101.61005,3.77389],[101.59957,3.77138],[101.58118,3.77003],[101.57637,3.75197],[101.5777,3.74612],[101.58193,3.73855],[101.58168,3.72649],[101.57893,3.72352],[101.57811,3.7201],[101.5722,3.7203],[101.56957,3.71646],[101.56845,3.71145],[101.56382,3.7101],[101.55988,3.70709],[101.55957,3.70351],[101.55441,3.70392],[101.54937,3.69989],[101.54814,3.70175],[101.54637,3.69809],[101.54707,3.69563],[101.54517,3.69296],[101.54323,3.6928],[101.54156,3.68757],[101.53739,3.68624],[101.53466,3.68228],[101.52757,3.68172],[101.51926,3.67732],[101.51263,3.6868],[101.50516,3.69254],[101.50211,3.69314],[101.49742,3.6992],[101.49461,3.69908],[101.49335,3.69981],[101.48882,3.69825],[101.48837,3.69967],[101.48318,3.70184],[101.48016,3.70166],[101.47815,3.70529],[101.47542,3.70954],[101.47534,3.7129],[101.46937,3.71669],[101.46737,3.7163],[101.46462,3.71617],[101.46402,3.71432],[101.45951,3.71641],[101.45976,3.71847],[101.45672,3.72069],[101.45673,3.72266],[101.45816,3.72306],[101.45603,3.72488],[101.45623,3.72633],[101.45497,3.72604],[101.45605,3.72709],[101.45334,3.73052],[101.45374,3.73315],[101.44922,3.73736],[101.44929,3.73926],[101.44561,3.73916],[101.44522,3.7454],[101.44353,3.74552],[101.44394,3.74647],[101.4419,3.74834],[101.44271,3.75036],[101.44137,3.75253],[101.43957,3.75101],[101.43618,3.75366],[101.43297,3.75176],[101.43052,3.7523],[101.42839,3.75184],[101.42716,3.75333],[101.42391,3.75076],[101.42461,3.75243],[101.42271,3.75134],[101.42216,3.75265],[101.42013,3.75231],[101.41925,3.7588],[101.41517,3.75806],[101.41369,3.76089],[101.41281,3.75886],[101.40956,3.75881],[101.40328,3.76296],[101.40362,3.76528],[101.40508,3.76444],[101.40428,3.7656],[101.40143,3.76497],[101.39831,3.76968],[101.39381,3.77113],[101.39241,3.77356],[101.38726,3.77124],[101.38593,3.77298],[101.38724,3.77342],[101.38726,3.7753],[101.3851,3.77638],[101.3865,3.77688],[101.38408,3.78429],[101.38442,3.78868],[101.38348,3.79096],[101.38189,3.79023],[101.38131,3.79176],[101.38084,3.7938],[101.37698,3.79542],[101.37703,3.79789],[101.37565,3.79913],[101.37499,3.79808],[101.3737,3.80201],[101.37105,3.79955],[101.36927,3.80287],[101.36644,3.80073],[101.36342,3.80395],[101.35946,3.80242],[101.35785,3.8002],[101.35664,3.80296],[101.35554,3.79963],[101.35305,3.80008],[101.35059,3.79608],[101.35117,3.79401],[101.34779,3.79636],[101.34341,3.79518],[101.34214,3.79642],[101.34081,3.79399],[101.33742,3.79464],[101.33745,3.79064],[101.33621,3.78945],[101.33457,3.79078],[101.33392,3.78756],[101.33177,3.78818],[101.32671,3.78618],[101.32674,3.77929],[101.32924,3.77156],[101.32928,3.76228],[101.33514,3.75504],[101.33758,3.74638],[101.33841,3.73949],[101.33746,3.73681],[101.3399,3.72734],[101.34125,3.72704],[101.34041,3.72306],[101.34417,3.71857],[101.34503,3.71451],[101.34451,3.71315],[101.34634,3.71291],[101.34697,3.7109],[101.34665,3.7068],[101.34186,3.69944],[101.34299,3.6984],[101.33989,3.69243],[101.33527,3.69029],[101.33298,3.68865],[101.33397,3.69067],[101.33015,3.6921],[101.32611,3.68834],[101.32332,3.69087],[101.31628,3.68544],[101.31524,3.68408],[101.31381,3.68518],[101.31067,3.68452],[101.31179,3.68211],[101.31009,3.68114],[101.30926,3.67702],[101.30752,3.67714],[101.30687,3.67445],[101.30145,3.67207],[101.29841,3.67565],[101.29884,3.6762],[101.29799,3.6775],[101.29618,3.67631],[101.29555,3.67827],[101.29344,3.67578],[101.29044,3.67704],[101.28967,3.67523],[101.28761,3.6762],[101.28726,3.67458],[101.28163,3.67356],[101.28217,3.66921],[101.28138,3.6681],[101.28056,3.66949],[101.28035,3.6677],[101.27968,3.66925],[101.27905,3.66787],[101.27258,3.67011],[101.27146,3.66762],[101.26864,3.66874],[101.26482,3.66981],[101.26403,3.66828],[101.2622,3.6701],[101.26032,3.66991],[101.25988,3.67126],[101.25818,3.6732],[101.2556,3.6726],[101.25458,3.67133],[101.25179,3.67402],[101.2493,3.67647],[101.24999,3.67717],[101.24856,3.68002],[101.24613,3.68015],[101.24674,3.6822],[101.245,3.68333],[101.24658,3.6891],[101.24914,3.69253],[101.24751,3.69131],[101.24719,3.69853],[101.24567,3.69787],[101.24713,3.69932],[101.2446,3.70153],[101.24628,3.70217],[101.24606,3.70807],[101.24795,3.71189],[101.24709,3.71256],[101.24874,3.71342],[101.2487,3.71704],[101.24999,3.71785],[101.24667,3.71774],[101.2443,3.71986],[101.24099,3.71936],[101.24,3.72024],[101.23897,3.71719],[101.23744,3.71767],[101.23411,3.71508],[101.23031,3.71501],[101.22906,3.71328],[101.22175,3.71294],[101.21601,3.70837],[101.21261,3.70772],[101.21325,3.70892],[101.21445,3.71122],[101.21277,3.71102],[101.21215,3.71395],[101.21444,3.71344],[101.21451,3.71446],[101.21291,3.71676],[101.21002,3.7152],[101.21049,3.71347],[101.2078,3.71382],[101.20679,3.71877],[101.20355,3.71898],[101.20384,3.72092],[101.20194,3.72276],[101.20062,3.72164],[101.20043,3.72302],[101.19914,3.72431],[101.20139,3.72734],[101.19755,3.72789],[101.19659,3.7262],[101.19667,3.72266],[101.19742,3.71703],[101.19408,3.71799],[101.19239,3.72057],[101.1934,3.72204],[101.19135,3.7223],[101.18904,3.71917],[101.18507,3.71811],[101.17485,3.71009],[101.17047,3.71562],[101.17046,3.72017],[101.17614,3.71505],[101.18287,3.72481],[101.19143,3.73116],[101.17303,3.72786],[101.17036,3.72771],[101.17155,3.73322],[101.16839,3.73919],[101.16768,3.74665],[101.16699,3.74902],[101.16374,3.74881],[101.16527,3.74233],[101.16368,3.72495],[101.16203,3.72566],[101.15728,3.73584],[101.15509,3.74474],[101.15168,3.74358],[101.15061,3.74096],[101.15434,3.73102],[101.15364,3.72849],[101.13926,3.73421],[101.13508,3.73445],[101.13383,3.73671],[101.14446,3.74506],[101.14485,3.74684],[101.1359,3.75192],[101.13481,3.75417],[101.13257,3.76401],[101.12271,3.74726],[101.12387,3.73887],[101.1221,3.73632],[101.11954,3.73622],[101.11288,3.74582],[101.10944,3.74717],[101.10606,3.74233],[101.10707,3.73394],[101.10175,3.73264],[101.09997,3.73558],[101.09939,3.74506],[101.09675,3.745],[101.0918,3.74172],[101.08403,3.74235],[101.08022,3.72895],[101.07566,3.72864],[101.07303,3.73227],[101.07359,3.73545],[101.07992,3.7455],[101.07423,3.75895],[101.09337,3.75511],[101.09809,3.74957],[101.10006,3.74941],[101.10173,3.75238],[101.09418,3.76115],[101.08835,3.76504],[101.08737,3.76733],[101.0927,3.77942],[101.08973,3.78288],[101.08298,3.77724],[101.07842,3.76857],[101.06814,3.7654],[101.06496,3.76309],[101.06395,3.75581],[101.06024,3.75233],[101.05735,3.75407],[101.05793,3.77164],[101.05402,3.77751],[101.05406,3.7796],[101.05578,3.78508],[101.06086,3.79059],[101.05896,3.79556],[101.05659,3.79593],[101.05069,3.793],[101.04301,3.7859],[101.03648,3.7855],[101.02792,3.78222],[101.02547,3.78513],[101.03102,3.79481],[101.02851,3.8016],[101.02352,3.80602],[101.01523,3.80392],[101.00572,3.79864],[100.99487,3.80146],[100.99194,3.8005],[100.98619,3.79421],[100.9851,3.7909],[100.98432,3.7733],[100.98337,3.77168],[100.97408,3.76933],[100.96586,3.77248],[100.96085,3.77865],[100.95865,3.78395],[100.95894,3.79295],[100.96036,3.79594],[100.96448,3.79903],[100.97756,3.80611],[100.9789,3.80896],[100.97871,3.81564],[100.96878,3.82661],[100.96088,3.829],[100.94526,3.82986],[100.94013,3.83228],[100.93942,3.84253],[100.94526,3.86086],[100.94543,3.86634],[100.94241,3.87018],[100.93068,3.86908]],[[101.62807,3.13801],[101.62616,3.14094],[101.62332,3.1413],[101.61923,3.14582],[101.61518,3.15287],[101.61527,3.15868],[101.6193,3.17807],[101.61912,3.19791],[101.62303,3.19785],[101.62517,3.19954],[101.63458,3.21618],[101.6362,3.21559],[101.63922,3.22156],[101.63571,3.22681],[101.63555,3.22811],[101.63808,3.22801],[101.6374,3.2321],[101.64607,3.23216],[101.6462,3.23359],[101.65406,3.23434],[101.6541,3.23687],[101.65734,3.23602],[101.6578,3.24131],[101.65926,3.24141],[101.66114,3.2406],[101.66111,3.24254],[101.66358,3.24433],[101.66598,3.24319],[101.67342,3.23216],[101.67209,3.22772],[101.69681,3.22795],[101.69713,3.22328],[101.70149,3.22299],[101.70184,3.21725],[101.70324,3.21527],[101.70724,3.21588],[101.70857,3.21475],[101.71016,3.21598],[101.71471,3.21222],[101.71714,3.21459],[101.7151,3.21595],[101.71851,3.21819],[101.71876,3.22176],[101.72399,3.22692],[101.72394,3.22868],[101.72508,3.22802],[101.72997,3.2329],[101.73193,3.23159],[101.73949,3.23143],[101.739,3.23331],[101.7403,3.23322],[101.74399,3.22859],[101.73988,3.22314],[101.73916,3.21521],[101.74639,3.20952],[101.74829,3.20237],[101.75053,3.20227],[101.75101,3.2],[101.75345,3.19994],[101.75689,3.19705],[101.7592,3.18794],[101.75816,3.18554],[101.75563,3.18473],[101.75683,3.18443],[101.75615,3.18074],[101.74994,3.17516],[101.74348,3.17555],[101.73773,3.17814],[101.73386,3.17824],[101.73156,3.17399],[101.73149,3.17289],[101.7349,3.17172],[101.73555,3.16481],[101.73789,3.16475],[101.74071,3.16226],[101.749,3.16193],[101.75072,3.16076],[101.74864,3.15855],[101.75059,3.15719],[101.74708,3.1533],[101.74676,3.14973],[101.74085,3.1507],[101.74221,3.14792],[101.73909,3.14506],[101.74046,3.14325],[101.73507,3.13566],[101.73805,3.13202],[101.74117,3.1243],[101.73844,3.11613],[101.73935,3.11211],[101.7413,3.11016],[101.7454,3.11172],[101.75306,3.10679],[101.75365,3.10361],[101.75053,3.10147],[101.7528,3.09752],[101.75183,3.09265],[101.74527,3.08461],[101.7476,3.07676],[101.74981,3.07689],[101.7489,3.07429],[101.75007,3.07384],[101.74994,3.05555],[101.73091,3.05555],[101.73091,3.03641],[101.72786,3.03732],[101.72305,3.03355],[101.72233,3.03673],[101.7248,3.03797],[101.72435,3.04011],[101.72155,3.04069],[101.71993,3.04731],[101.71668,3.04757],[101.71542,3.05352],[101.71408,3.05416],[101.71045,3.05319],[101.70689,3.04613],[101.70658,3.04959],[101.70151,3.04904],[101.69859,3.04842],[101.69927,3.04563],[101.69511,3.04443],[101.69015,3.04369],[101.68677,3.0456],[101.6804,3.04236],[101.67124,3.0421],[101.66851,3.04055],[101.6687,3.04538],[101.6629,3.04624],[101.6593,3.05091],[101.65919,3.0587],[101.65314,3.05736],[101.65245,3.059],[101.64891,3.05752],[101.64798,3.05901],[101.64958,3.06002],[101.64844,3.0634],[101.65142,3.06645],[101.65066,3.07015],[101.64642,3.07166],[101.65461,3.07834],[101.65928,3.07982],[101.65985,3.08449],[101.66381,3.08585],[101.66003,3.09192],[101.66039,3.09995],[101.65969,3.11459],[101.65267,3.11014],[101.64921,3.11775],[101.64341,3.11923],[101.64811,3.12507],[101.64705,3.12822],[101.64377,3.12778],[101.63487,3.13235],[101.6295,3.13059],[101.6296,3.13681],[101.62807,3.13801]],[[101.68046,2.88052],[101.67827,2.87956],[101.67507,2.88138],[101.67434,2.87683],[101.67113,2.88337],[101.66556,2.8798],[101.66278,2.88544],[101.66374,2.88937],[101.66188,2.89122],[101.65969,2.89914],[101.66036,2.90212],[101.66306,2.90425],[101.66379,2.9088],[101.66953,2.91032],[101.6693,2.91458],[101.672,2.91571],[101.67155,2.92166],[101.67256,2.92278],[101.66747,2.93095],[101.66858,2.93905],[101.66484,2.94401],[101.6747,2.94679],[101.67439,2.95072],[101.66425,2.95783],[101.66282,2.96434],[101.67168,2.97093],[101.67629,2.97172],[101.6846,2.97041],[101.69049,2.97216],[101.70587,2.97891],[101.70719,2.98244],[101.7083,2.98237],[101.7077,2.9797],[101.70051,2.97311],[101.69979,2.96787],[101.70309,2.96672],[101.70337,2.96299],[101.7085,2.96303],[101.70842,2.9618],[101.71045,2.96112],[101.71494,2.96358],[101.71518,2.95497],[101.73088,2.95485],[101.73227,2.95314],[101.73268,2.92923],[101.7075,2.92925],[101.70722,2.91329],[101.70038,2.91309],[101.7003,2.90956],[101.6976,2.90952],[101.69752,2.9063],[101.70109,2.90545],[101.70089,2.89997],[101.69744,2.89882],[101.6972,2.89441],[101.68809,2.89207],[101.6867,2.88508],[101.68495,2.88508],[101.68467,2.88218],[101.68062,2.88199],[101.68046,2.88052]]]]}},{"type":"Feature","properties":{"state_code":"SWK","name":"Sarawak","region_group":"east_malaysia"},"geometry":{"type":"MultiPolygon","coordinates":[[[[110.29745,1.66348],[110.30178,1.66343],[110.30095,1.67171],[110.29376,1.67745],[110.28926,1.67885],[110.28835,1.67641],[110.28926,1.6713],[110.29357,1.6657],[110.29745,1.66348]]],[[[111.34557,2.37015],[111.3502,2.3614],[111.36222,2.34716],[111.36617,2.34785],[111.36943,2.35077],[111.37389,2.36552],[111.38059,2.37169],[111.39552,2.37409],[111.41262,2.36845],[111.41938,2.37272],[111.42265,2.38232],[111.41132,2.39279],[111.40668,2.40171],[111.4017,2.4204],[111.39724,2.45693],[111.39388,2.46639],[111.38024,2.48368],[111.37821,2.48905],[111.38042,2.51816],[111.37733,2.54525],[111.37836,2.57509],[111.38299,2.59455],[111.38469,2.61583],[111.37954,2.69848],[111.38285,2.71016],[111.38779,2.71512],[111.38886,2.71839],[111.38506,2.73245],[111.37198,2.74266],[111.36415,2.75302],[111.34816,2.7933],[111.33899,2.80034],[111.33094,2.80194],[111.31427,2.79172],[111.29556,2.76132],[111.28859,2.74584],[111.28335,2.72396],[111.28166,2.71069],[111.28135,2.70585],[111.28441,2.69884],[111.28129,2.69319],[111.27996,2.67071],[111.28262,2.66676],[111.28074,2.66249],[111.28129,2.64945],[111.29586,2.56608],[111.30251,2.54818],[111.30633,2.5457],[111.30428,2.54518],[111.30297,2.54278],[111.3057,2.53447],[111.30454,2.53216],[111.31079,2.51309],[111.31079,2.50603],[111.30122,2.46616],[111.29973,2.45316],[111.30144,2.4351],[111.30297,2.43121],[111.3068,2.428],[111.32978,2.41543],[111.33564,2.41035],[111.33984,2.40429],[111.3442,2.39742],[111.34608,2.38473],[111.34557,2.37015]]],[[[111.39398,2.71776],[111.3957,2.72033],[111.39724,2.73439],[111.40514,2.76594],[111.39947,2.76474],[111.38334,2.75291],[111.38832,2.74639],[111.39398,2.71776]]],[[[115.44762,4.97943],[115.44436,4.97772],[115.44042,4.97857],[115.43454,4.97663],[115.43286,4.97447],[115.41989,4.97648],[115.41186,4.96812],[115.41261,4.95993],[115.4042,4.94369],[115.39689,4.94188],[115.39613,4.9454],[115.39029,4.94198],[115.39012,4.93685],[115.39693,4.9319],[115.39606,4.92823],[115.39095,4.92328],[115.3872,4.9153],[115.37638,4.90523],[115.36626,4.89922],[115.34706,4.89343],[115.32501,4.89146],[115.32357,4.88932],[115.31347,4.89405],[115.29826,4.90844],[115.29708,4.90726],[115.28482,4.9124],[115.27997,4.91285],[115.2764,4.91283],[115.27189,4.91016],[115.26573,4.91511],[115.25793,4.91759],[115.25444,4.91774],[115.24901,4.91461],[115.24664,4.91482],[115.24438,4.91726],[115.24569,4.91999],[115.24504,4.92479],[115.2431,4.92551],[115.2426,4.92887],[115.24148,4.92808],[115.24015,4.92957],[115.23725,4.9352],[115.23679,4.93806],[115.23891,4.94443],[115.23311,4.93968],[115.23727,4.94468],[115.23609,4.94622],[115.23717,4.95001],[115.23524,4.95079],[115.22282,4.96609],[115.21959,4.96138],[115.2049,4.96472],[115.20229,4.96323],[115.20009,4.96592],[115.19434,4.96554],[115.18944,4.95906],[115.19674,4.94205],[115.19658,4.93663],[115.19373,4.92854],[115.18745,4.92527],[115.18105,4.92574],[115.17549,4.9223],[115.17507,4.91885],[115.17266,4.91951],[115.16689,4.91504],[115.15504,4.91101],[115.15623,4.90551],[115.15381,4.90005],[115.15856,4.89553],[115.15984,4.88723],[115.15922,4.88597],[115.15607,4.88767],[115.1525,4.88622],[115.1531,4.88003],[115.15057,4.87786],[115.14956,4.87196],[115.15911,4.8684],[115.16763,4.87315],[115.16983,4.87218],[115.17162,4.86668],[115.17375,4.86618],[115.17786,4.86816],[115.18361,4.86684],[115.18476,4.86487],[115.18147,4.85945],[115.18394,4.85288],[115.18279,4.85074],[115.19034,4.84056],[115.22824,4.81117],[115.23486,4.80343],[115.2375,4.79584],[115.23731,4.79212],[115.23409,4.78927],[115.23207,4.76236],[115.23683,4.75629],[115.24127,4.74429],[115.25474,4.73132],[115.25572,4.7277],[115.24751,4.7001],[115.25162,4.69189],[115.26115,4.69156],[115.26575,4.68105],[115.26558,4.67563],[115.25885,4.66035],[115.25901,4.65493],[115.27199,4.6477],[115.28086,4.6408],[115.28464,4.63324],[115.28611,4.61977],[115.28809,4.61715],[115.28924,4.60384],[115.28234,4.57854],[115.27724,4.57131],[115.27363,4.56179],[115.26985,4.54602],[115.27166,4.53271],[115.26788,4.52729],[115.27592,4.49854],[115.27333,4.48376],[115.27514,4.47831],[115.28007,4.47338],[115.27644,4.46431],[115.27644,4.45679],[115.27359,4.45316],[115.27229,4.44771],[115.2741,4.44642],[115.27929,4.43293],[115.2811,4.43241],[115.28655,4.42334],[115.29148,4.42049],[115.29977,4.41089],[115.29926,4.40648],[115.30185,4.40078],[115.30833,4.39585],[115.32389,4.3917],[115.32778,4.38626],[115.33348,4.3873],[115.334,4.38107],[115.3366,4.37848],[115.3366,4.37537],[115.34334,4.36163],[115.34593,4.36059],[115.34956,4.35177],[115.36304,4.34633],[115.36356,4.34477],[115.35993,4.32973],[115.3563,4.32714],[115.35604,4.32351],[115.35397,4.32299],[115.35138,4.31754],[115.34671,4.31625],[115.34411,4.31288],[115.34386,4.30899],[115.33737,4.30536],[115.33478,4.30121],[115.33063,4.29836],[115.32259,4.29628],[115.32078,4.29913],[115.30989,4.30769],[115.30911,4.3108],[115.30652,4.3134],[115.29433,4.32403],[115.29588,4.33803],[115.28136,4.33699],[115.2741,4.34451],[115.26788,4.34218],[115.26503,4.33803],[115.25984,4.3357],[115.25336,4.33621],[115.24886,4.34066],[115.24582,4.34118],[115.24463,4.34284],[115.24597,4.3452],[115.24472,4.3502],[115.24538,4.36121],[115.2393,4.36614],[115.21871,4.36281],[115.218,4.35853],[115.19969,4.36353],[115.19708,4.36543],[115.19066,4.36614],[115.18936,4.37074],[115.17802,4.36942],[115.17096,4.37074],[115.16403,4.37494],[115.15808,4.37447],[115.15547,4.38303],[115.145,4.38136],[115.13335,4.37375],[115.11921,4.37106],[115.11231,4.37238],[115.10672,4.37637],[115.10435,4.38041],[115.09063,4.38536],[115.09103,4.39159],[115.09571,4.39889],[115.09989,4.40242],[115.10431,4.41461],[115.10424,4.41711],[115.10016,4.42035],[115.09194,4.4348],[115.09258,4.4439],[115.0952,4.44345],[115.09406,4.44668],[115.09293,4.44528],[115.09215,4.44622],[115.09212,4.4482],[115.0934,4.44713],[115.09509,4.44855],[115.09327,4.44969],[115.09421,4.45],[115.09315,4.45347],[115.09205,4.45329],[115.09555,4.45426],[115.09684,4.45294],[115.09757,4.45396],[115.09613,4.45497],[115.09805,4.45592],[115.09609,4.45705],[115.09861,4.45855],[115.09624,4.4595],[115.09814,4.46016],[115.09617,4.4622],[115.09757,4.46512],[115.09608,4.46642],[115.09879,4.4685],[115.09886,4.47011],[115.09667,4.4693],[115.09788,4.47172],[115.09631,4.47246],[115.09752,4.47313],[115.09662,4.47408],[115.09535,4.47431],[115.09642,4.47537],[115.09527,4.47515],[115.0943,4.47281],[115.0921,4.47972],[115.0913,4.47873],[115.09191,4.48398],[115.09375,4.48404],[115.09522,4.48849],[115.09378,4.48912],[115.09492,4.49173],[115.0924,4.49358],[115.0922,4.49199],[115.0887,4.4924],[115.09223,4.49541],[115.0877,4.49953],[115.09002,4.50222],[115.08713,4.50115],[115.08629,4.50433],[115.08368,4.50422],[115.08453,4.50637],[115.08234,4.50772],[115.07978,4.50493],[115.07887,4.5069],[115.08093,4.50669],[115.08117,4.5091],[115.07934,4.50935],[115.08286,4.51121],[115.08168,4.51259],[115.08251,4.51528],[115.07962,4.51883],[115.08156,4.5182],[115.07998,4.52033],[115.08073,4.52287],[115.08362,4.52129],[115.08529,4.52645],[115.08349,4.52771],[115.08499,4.52869],[115.08369,4.53054],[115.08554,4.53176],[115.08358,4.53234],[115.08448,4.53337],[115.08082,4.53891],[115.0815,4.54077],[115.07741,4.54146],[115.07779,4.54581],[115.07593,4.54263],[115.07285,4.5458],[115.07275,4.54683],[115.07447,4.54684],[115.07277,4.55382],[115.06902,4.55522],[115.07002,4.55717],[115.07313,4.55617],[115.07158,4.55887],[115.07511,4.56394],[115.07213,4.5647],[115.07259,4.56669],[115.06973,4.56852],[115.06938,4.57233],[115.06696,4.57116],[115.06619,4.57236],[115.06987,4.57392],[115.07131,4.57627],[115.0664,4.58043],[115.06356,4.58087],[115.06421,4.58317],[115.06302,4.58346],[115.06173,4.58993],[115.06358,4.59048],[115.06276,4.59312],[115.05934,4.5961],[115.05524,4.59412],[115.0559,4.59824],[115.05245,4.59857],[115.05463,4.60091],[115.05027,4.60499],[115.05149,4.60763],[115.04898,4.60921],[115.04928,4.61106],[115.04751,4.60972],[115.04767,4.61235],[115.04498,4.61374],[115.04671,4.61475],[115.04654,4.61718],[115.04112,4.61946],[115.04352,4.62273],[115.04295,4.62603],[115.04516,4.62765],[115.04137,4.62886],[115.04162,4.63022],[115.03936,4.63071],[115.03902,4.63252],[115.04162,4.63456],[115.04082,4.63624],[115.04318,4.63908],[115.04315,4.64118],[115.04719,4.64045],[115.04731,4.64346],[115.04417,4.64356],[115.04437,4.64534],[115.04996,4.64636],[115.05118,4.65071],[115.04693,4.651],[115.04851,4.65403],[115.04756,4.65524],[115.04131,4.65329],[115.04142,4.65557],[115.04422,4.6574],[115.03898,4.65904],[115.04131,4.66413],[115.03895,4.66648],[115.04697,4.66762],[115.04091,4.67233],[115.04357,4.67589],[115.04119,4.6788],[115.04028,4.68385],[115.03689,4.68488],[115.03349,4.69404],[115.03893,4.6921],[115.03971,4.69394],[115.03193,4.69896],[115.03005,4.69809],[115.02906,4.69916],[115.03272,4.70742],[115.03536,4.70481],[115.039,4.7052],[115.03475,4.70957],[115.0381,4.71039],[115.03849,4.71174],[115.03257,4.7124],[115.0363,4.71565],[115.04126,4.71388],[115.04233,4.71725],[115.03305,4.72292],[115.04023,4.72674],[115.04338,4.73123],[115.03684,4.73332],[115.03279,4.73748],[115.03302,4.73059],[115.02513,4.73476],[115.02661,4.73908],[115.02535,4.74407],[115.03094,4.74487],[115.03162,4.74611],[115.02855,4.74854],[115.02367,4.74539],[115.02203,4.74818],[115.02484,4.75108],[115.03224,4.75327],[115.03308,4.76083],[115.03119,4.76806],[115.03306,4.77198],[115.04304,4.77725],[115.05317,4.78546],[115.05518,4.79045],[115.05099,4.79406],[115.04781,4.79204],[115.04227,4.79126],[115.034,4.7957],[115.03038,4.79524],[115.03274,4.79766],[115.03093,4.80193],[115.02878,4.80118],[115.02472,4.80283],[115.02221,4.80039],[115.01821,4.80107],[115.01857,4.80226],[115.02286,4.8012],[115.02802,4.80635],[115.0237,4.80709],[115.02359,4.80978],[115.02171,4.81024],[115.0206,4.81985],[115.02295,4.82888],[115.0256,4.82999],[115.02612,4.83177],[115.02544,4.8382],[115.02192,4.84749],[115.02467,4.85378],[115.0291,4.87316],[115.01828,4.87386],[115.01682,4.86991],[115.01646,4.87141],[115.01694,4.87502],[115.02084,4.87936],[115.0254,4.88857],[115.02502,4.89661],[115.02157,4.89341],[115.00151,4.88466],[114.98848,4.87268],[114.98789,4.86871],[114.99241,4.85549],[114.98385,4.85051],[114.98342,4.84771],[114.98813,4.83904],[114.9807,4.825],[114.97716,4.82131],[114.97533,4.81431],[114.97133,4.80824],[114.96066,4.8122],[114.9551,4.81157],[114.95374,4.81272],[114.95077,4.81204],[114.94911,4.81393],[114.94491,4.81264],[114.93415,4.81497],[114.91582,4.80891],[114.91446,4.80918],[114.91381,4.81298],[114.89627,4.81606],[114.87477,4.80326],[114.85851,4.79751],[114.85085,4.7914],[114.84688,4.78561],[114.83693,4.75998],[114.82876,4.74739],[114.81375,4.74013],[114.80742,4.74089],[114.78897,4.73746],[114.77005,4.72473],[114.7703,4.72163],[114.78112,4.71919],[114.78305,4.7168],[114.78173,4.70791],[114.77759,4.70458],[114.77548,4.70024],[114.77581,4.69442],[114.78552,4.69129],[114.78956,4.67831],[114.79764,4.67798],[114.80229,4.67536],[114.79733,4.66426],[114.79759,4.65979],[114.80066,4.65766],[114.80086,4.64376],[114.79941,4.63929],[114.80165,4.63238],[114.80775,4.626],[114.80813,4.61772],[114.80965,4.61536],[114.80899,4.60654],[114.81133,4.6026],[114.80904,4.60042],[114.80876,4.59744],[114.81601,4.59409],[114.81661,4.59147],[114.814,4.58698],[114.81821,4.58406],[114.81667,4.58027],[114.8171,4.57247],[114.81481,4.56869],[114.81489,4.56399],[114.819,4.55807],[114.8174,4.55553],[114.81888,4.55141],[114.81689,4.54806],[114.81992,4.53566],[114.81809,4.5307],[114.81949,4.52755],[114.81832,4.51897],[114.81992,4.51394],[114.81867,4.51135],[114.81848,4.49833],[114.81961,4.49603],[114.81822,4.49368],[114.81808,4.47885],[114.82128,4.47004],[114.82125,4.4597],[114.82434,4.45543],[114.82666,4.4486],[114.82561,4.44606],[114.82745,4.44277],[114.82649,4.44031],[114.8285,4.43128],[114.83159,4.42833],[114.83937,4.42556],[114.84642,4.42105],[114.8507,4.42301],[114.86276,4.42128],[114.87758,4.42656],[114.88284,4.42542],[114.88383,4.42032],[114.8834,4.41102],[114.88151,4.40482],[114.88228,4.40169],[114.87783,4.3941],[114.87957,4.39222],[114.88085,4.38441],[114.87915,4.37617],[114.88017,4.37068],[114.87833,4.36782],[114.8772,4.35463],[114.87334,4.34967],[114.87216,4.34058],[114.86774,4.33246],[114.85571,4.31815],[114.85535,4.3147],[114.85189,4.31279],[114.85094,4.31054],[114.85124,4.30739],[114.84809,4.30615],[114.84743,4.30363],[114.84376,4.3006],[114.8409,4.29361],[114.83198,4.28301],[114.8285,4.27628],[114.81404,4.25711],[114.81522,4.25156],[114.81969,4.25115],[114.82802,4.25985],[114.83569,4.26047],[114.84968,4.27642],[114.85687,4.27823],[114.85775,4.26957],[114.85081,4.25878],[114.83674,4.22962],[114.83295,4.22591],[114.83196,4.22004],[114.80716,4.19161],[114.80528,4.18483],[114.80005,4.17802],[114.79766,4.16847],[114.79383,4.16359],[114.79312,4.15988],[114.79563,4.1576],[114.80511,4.16128],[114.8075,4.16019],[114.80884,4.15722],[114.80762,4.14929],[114.80249,4.14515],[114.80056,4.13806],[114.79278,4.13222],[114.79327,4.12551],[114.79126,4.12366],[114.7779,4.11903],[114.77424,4.11088],[114.75572,4.09327],[114.74181,4.07529],[114.72512,4.05025],[114.71851,4.04371],[114.68696,4.02248],[114.6492,4.00624],[114.6363,4.00556],[114.62006,4.00253],[114.61028,4.00375],[114.61003,4.00538],[114.61422,4.00739],[114.61712,4.01265],[114.62476,4.01767],[114.62731,4.03025],[114.61445,4.04455],[114.60205,4.04793],[114.59103,4.04654],[114.58394,4.04951],[114.58302,4.05495],[114.57972,4.05995],[114.57891,4.06396],[114.56742,4.07794],[114.55375,4.08233],[114.55276,4.08487],[114.55602,4.09455],[114.55195,4.09849],[114.55063,4.10294],[114.54524,4.10355],[114.5442,4.10487],[114.54779,4.1113],[114.54486,4.12601],[114.54146,4.12865],[114.53734,4.12898],[114.53353,4.13134],[114.51669,4.14671],[114.50321,4.14244],[114.49506,4.14717],[114.49589,4.15009],[114.48225,4.17191],[114.4788,4.18563],[114.47277,4.19986],[114.46381,4.2101],[114.46383,4.21348],[114.46022,4.21983],[114.46139,4.22923],[114.45834,4.23197],[114.4539,4.24378],[114.45405,4.24815],[114.45618,4.25077],[114.45552,4.26131],[114.45664,4.2636],[114.45531,4.26492],[114.4559,4.26739],[114.45295,4.27003],[114.45067,4.27793],[114.44429,4.27984],[114.44055,4.27811],[114.43801,4.27214],[114.43499,4.27465],[114.43131,4.27211],[114.43052,4.26787],[114.42561,4.26602],[114.42765,4.26355],[114.42241,4.25306],[114.40725,4.25829],[114.40526,4.26195],[114.40245,4.26327],[114.39759,4.26111],[114.38255,4.26487],[114.37203,4.26396],[114.36456,4.25568],[114.34787,4.2591],[114.32407,4.25692],[114.31645,4.26363],[114.32346,4.31835],[114.33296,4.34871],[114.30657,4.36624],[114.31495,4.39322],[114.30796,4.41543],[114.29498,4.44081],[114.28299,4.45491],[114.28357,4.4638],[114.26015,4.50701],[114.21335,4.53625],[114.19908,4.53141],[114.19052,4.54632],[114.16263,4.57339],[114.07694,4.58359],[114.07612,4.58718],[113.98823,4.59196],[113.9724,4.5986],[113.97377,4.59159],[113.97673,4.58868],[113.97381,4.58443],[113.96935,4.58237],[113.96892,4.57124],[113.97625,4.55929],[113.9882,4.52272],[113.9901,4.52155],[113.98888,4.52065],[113.99211,4.51439],[113.99819,4.48381],[113.99959,4.46244],[113.99664,4.43982],[113.99035,4.41708],[113.98595,4.40704],[113.98225,4.40111],[113.97665,4.40015],[113.97932,4.39552],[113.97872,4.39226],[113.97475,4.38863],[113.97033,4.38735],[113.96846,4.38322],[113.97183,4.38664],[113.97473,4.38392],[113.97665,4.38555],[113.97834,4.38251],[113.97589,4.38459],[113.97637,4.38117],[113.97503,4.38312],[113.97076,4.38461],[113.96984,4.3824],[113.97037,4.38359],[113.97368,4.38253],[113.97519,4.38043],[113.97302,4.38229],[113.97217,4.37661],[113.97115,4.37703],[113.96368,4.36357],[113.96112,4.3619],[113.96074,4.35957],[113.96372,4.35535],[113.96832,4.35498],[113.97029,4.3537],[113.9714,4.35046],[113.97299,4.35051],[113.97163,4.34974],[113.96972,4.33843],[113.96548,4.32596],[113.94672,4.28605],[113.92578,4.25216],[113.87651,4.18711],[113.81741,4.12065],[113.80462,4.10209],[113.80115,4.08831],[113.78417,4.06314],[113.78364,4.05784],[113.76765,4.03461],[113.72778,3.99536],[113.72668,3.99165],[113.7216,3.98992],[113.71306,3.98014],[113.70727,3.96985],[113.68391,3.94499],[113.62898,3.89755],[113.55451,3.83744],[113.52857,3.8186],[113.49295,3.79817],[113.49211,3.79502],[113.48687,3.79435],[113.46813,3.78234],[113.43326,3.75578],[113.42316,3.7392],[113.42267,3.73244],[113.4267,3.7282],[113.42669,3.72554],[113.41819,3.70247],[113.39256,3.65686],[113.38318,3.64509],[113.38267,3.64259],[113.37142,3.63376],[113.37509,3.62828],[113.37309,3.62272],[113.36685,3.61474],[113.36393,3.61372],[113.35827,3.60772],[113.35827,3.60395],[113.30694,3.55735],[113.30488,3.55341],[113.29715,3.54587],[113.29406,3.53628],[113.29612,3.52942],[113.30054,3.52896],[113.3029,3.52209],[113.30222,3.51868],[113.30596,3.51453],[113.30233,3.51658],[113.30042,3.51589],[113.28726,3.49596],[113.26969,3.47648],[113.22701,3.43965],[113.18969,3.41325],[113.1715,3.39114],[113.16583,3.36921],[113.15708,3.3591],[113.15708,3.3495],[113.12794,3.32097],[113.06421,3.28027],[113.06352,3.27581],[113.05563,3.26639],[113.06384,3.26687],[113.06781,3.2633],[113.07691,3.2633],[113.07691,3.25679],[113.0673,3.25713],[113.06696,3.25182],[113.06987,3.25199],[113.07022,3.24993],[113.07743,3.24873],[113.07399,3.24119],[113.05477,3.24308],[113.05545,3.23708],[113.0673,3.23074],[113.05131,3.21697],[113.04893,3.2127],[113.04371,3.20945],[113.04602,3.20495],[113.04324,3.20392],[113.04399,3.20296],[113.04234,3.20036],[113.04591,3.20037],[113.0412,3.19656],[113.04153,3.19508],[113.0388,3.19439],[113.03314,3.18939],[113.03118,3.1898],[113.03047,3.18666],[113.03351,3.18101],[113.03263,3.17965],[113.02312,3.17403],[113.00805,3.16042],[112.95607,3.12902],[112.92367,3.113],[112.88138,3.09932],[112.84122,3.08991],[112.80163,3.08373],[112.81665,3.07271],[112.82231,3.06614],[112.82249,3.06182],[112.81981,3.05923],[112.82066,3.06445],[112.81592,3.07055],[112.79315,3.08465],[112.78417,3.08562],[112.77933,3.0811],[112.70118,3.06075],[112.60731,3.03093],[112.59749,3.0242],[112.59385,3.0185],[112.58728,3.01704],[112.58355,3.01422],[112.57417,3.02029],[112.5648,3.0205],[112.47667,3.0039],[112.47198,3.00161],[112.46905,3.00253],[112.46408,3.00153],[112.40817,2.98913],[112.40662,2.98669],[112.40631,2.98793],[112.40353,2.98827],[112.37771,2.98256],[112.28469,2.9662],[112.24716,2.95307],[112.17739,2.93166],[112.13933,2.92183],[112.09847,2.91451],[112.09665,2.9129],[112.09633,2.90984],[112.08949,2.91143],[111.9732,2.88521],[111.88384,2.87336],[111.87837,2.87341],[111.87476,2.8759],[111.86933,2.87663],[111.8407,2.87287],[111.68927,2.84132],[111.67777,2.83549],[111.69751,2.82469],[111.72806,2.81115],[111.72354,2.80177],[111.7105,2.80743],[111.70294,2.80554],[111.6927,2.81217],[111.68377,2.81372],[111.67176,2.82589],[111.65715,2.82938],[111.65522,2.83778],[111.65167,2.84475],[111.64664,2.84909],[111.63874,2.84927],[111.63004,2.84458],[111.61454,2.82183],[111.61214,2.81343],[111.60527,2.8004],[111.594,2.79023],[111.54559,2.76537],[111.52459,2.75634],[111.4934,2.74548],[111.48562,2.74073],[111.47984,2.73485],[111.47826,2.72102],[111.46796,2.71313],[111.44585,2.70707],[111.43452,2.70175],[111.4302,2.6953],[111.42897,2.69066],[111.42897,2.66837],[111.41953,2.62996],[111.39947,2.56326],[111.39652,2.54469],[111.3969,2.5341],[111.39999,2.52913],[111.40548,2.52433],[111.4312,2.50597],[111.44445,2.49929],[111.43724,2.48231],[111.41732,2.48883],[111.40425,2.4902],[111.39672,2.4902],[111.39209,2.48694],[111.41183,2.45796],[111.41303,2.44527],[111.41132,2.42795],[111.41338,2.41886],[111.41904,2.40994],[111.43157,2.39742],[111.47174,2.37289],[111.45904,2.36088],[111.43964,2.37666],[111.41664,2.35986],[111.41046,2.35883],[111.38934,2.36449],[111.38608,2.36243],[111.37612,2.34047],[111.37183,2.33756],[111.3593,2.33619],[111.32995,2.3686],[111.32342,2.36843],[111.30969,2.35934],[111.31192,2.36998],[111.32463,2.37958],[111.32786,2.38369],[111.32789,2.39107],[111.31433,2.39484],[111.30177,2.40153],[111.2925,2.40221],[111.25991,2.41714],[111.25116,2.43772],[111.241,2.4348],[111.23039,2.42896],[111.20566,2.40582],[111.19416,2.3897],[111.18678,2.36946],[111.1847,2.35968],[111.18586,2.33258],[111.19208,2.2921],[111.18796,2.25059],[111.19053,2.23344],[111.20753,2.21423],[111.19517,2.20376],[111.19139,2.19536],[111.18401,2.19158],[111.17285,2.18884],[111.16616,2.18438],[111.1629,2.17786],[111.1629,2.17049],[111.15894,2.15795],[111.16685,2.15282],[111.18024,2.13703],[111.20341,2.14355],[111.21508,2.14904],[111.22667,2.14764],[111.23808,2.15024],[111.24941,2.13325],[111.23585,2.11988],[111.23019,2.10547],[111.21789,2.08628],[111.21268,2.09501],[111.20993,2.09432],[111.20598,2.07922],[111.19533,2.05126],[111.18384,2.0269],[111.17165,1.98882],[111.16822,1.9648],[111.17011,1.95982],[111.16427,1.9437],[111.14522,1.91058],[111.10624,1.83079],[111.10196,1.81622],[111.10179,1.80232],[111.10487,1.79321],[111.10419,1.7819],[111.09406,1.77024],[111.0856,1.75727],[111.10934,1.73215],[111.10873,1.72659],[111.11174,1.7167],[111.11895,1.70624],[111.12522,1.7009],[111.1435,1.69783],[111.13972,1.67791],[111.12651,1.67775],[111.11861,1.6805],[111.0999,1.68376],[111.07188,1.675],[111.04531,1.67964],[111.03484,1.67398],[111.02763,1.66643],[111.01664,1.65013],[111.00257,1.58956],[111.00033,1.58252],[110.99433,1.57291],[110.99982,1.54219],[110.99896,1.5343],[110.99553,1.52435],[110.99862,1.52143],[111.00978,1.52383],[111.01956,1.52006],[111.0314,1.51285],[111.0369,1.50684],[111.04514,1.49106],[111.05115,1.48402],[111.05612,1.46068],[111.06402,1.44713],[111.07861,1.43734],[111.1138,1.42447],[111.10179,1.39513],[111.07844,1.39736],[111.0587,1.40525],[111.04977,1.41195],[111.02917,1.43185],[111.02111,1.44232],[111.01027,1.46646],[111.00239,1.47733],[110.99347,1.48625],[110.98214,1.49449],[110.9408,1.52113],[110.92377,1.52555],[110.91262,1.52589],[110.8824,1.53344],[110.87416,1.53722],[110.85511,1.55009],[110.85116,1.55095],[110.8091,1.57428],[110.79348,1.57754],[110.78679,1.57703],[110.7758,1.56673],[110.77048,1.56708],[110.76602,1.55764],[110.76842,1.53739],[110.76499,1.51079],[110.74301,1.51182],[110.73907,1.53053],[110.73546,1.53962],[110.7298,1.54614],[110.72087,1.55129],[110.69845,1.55638],[110.69638,1.55978],[110.69312,1.55755],[110.68402,1.55944],[110.68007,1.55875],[110.67235,1.56527],[110.66857,1.56287],[110.66514,1.5651],[110.66514,1.56819],[110.65724,1.57471],[110.64746,1.57883],[110.64196,1.5766],[110.64162,1.58569],[110.63699,1.58192],[110.63149,1.58277],[110.63184,1.58724],[110.62137,1.59444],[110.60935,1.59667],[110.60437,1.59461],[110.59716,1.59942],[110.59081,1.59805],[110.58858,1.5941],[110.5848,1.59736],[110.57279,1.59461],[110.56575,1.59667],[110.55201,1.5905],[110.54772,1.58724],[110.54704,1.58415],[110.54412,1.58586],[110.54137,1.58466],[110.54131,1.58149],[110.53365,1.58037],[110.52523,1.59221],[110.52266,1.60645],[110.51923,1.61572],[110.51579,1.61967],[110.51185,1.62859],[110.51013,1.62773],[110.50687,1.63048],[110.50498,1.62876],[110.49307,1.65064],[110.4893,1.65236],[110.48501,1.65167],[110.48003,1.65287],[110.47883,1.65905],[110.47917,1.66471],[110.48175,1.669],[110.48947,1.66969],[110.4905,1.67398],[110.48895,1.68376],[110.49273,1.68513],[110.49805,1.70143],[110.49805,1.70641],[110.50063,1.71018],[110.51316,1.72065],[110.51865,1.72048],[110.52638,1.72357],[110.51933,1.72959],[110.51762,1.73644],[110.51419,1.73832],[110.51385,1.74124],[110.5044,1.74896],[110.50001,1.74382],[110.49702,1.74519],[110.4905,1.73026],[110.48295,1.72803],[110.47368,1.72768],[110.46853,1.73335],[110.46063,1.73867],[110.45801,1.73215],[110.4517,1.7318],[110.44325,1.72728],[110.44365,1.7255],[110.44176,1.72434],[110.44599,1.71982],[110.44311,1.71692],[110.43876,1.71596],[110.4425,1.71002],[110.439,1.70126],[110.43248,1.69337],[110.42996,1.69363],[110.42565,1.6811],[110.42165,1.67866],[110.40656,1.69097],[110.39847,1.68988],[110.38791,1.69278],[110.37691,1.69],[110.37333,1.69271],[110.37397,1.70072],[110.37169,1.70487],[110.35683,1.71272],[110.35346,1.71735],[110.35323,1.7219],[110.35794,1.7249],[110.35354,1.73134],[110.35635,1.73353],[110.35729,1.73771],[110.35454,1.74249],[110.35308,1.75108],[110.35467,1.75832],[110.35037,1.76055],[110.35032,1.76243],[110.34717,1.76399],[110.34756,1.76587],[110.34627,1.76488],[110.34635,1.76907],[110.34218,1.77497],[110.34266,1.77613],[110.33949,1.77783],[110.33721,1.78302],[110.33809,1.78737],[110.34287,1.79048],[110.34664,1.79689],[110.34268,1.80294],[110.33572,1.80613],[110.33401,1.80386],[110.33142,1.80371],[110.32852,1.79954],[110.32651,1.79319],[110.32779,1.78742],[110.32621,1.78682],[110.3228,1.77939],[110.32025,1.778],[110.31914,1.77134],[110.31651,1.76796],[110.31772,1.76353],[110.32002,1.76325],[110.32082,1.75979],[110.31777,1.75505],[110.31332,1.75441],[110.31352,1.75207],[110.3149,1.75186],[110.3137,1.75008],[110.30611,1.74656],[110.30608,1.74218],[110.30259,1.73889],[110.30451,1.73482],[110.30574,1.73559],[110.31386,1.73103],[110.31343,1.72853],[110.31577,1.7253],[110.314,1.72128],[110.31426,1.71712],[110.31594,1.71597],[110.31818,1.70795],[110.31233,1.70351],[110.31301,1.70073],[110.3104,1.69743],[110.30888,1.69828],[110.30771,1.69428],[110.29523,1.68866],[110.29442,1.68579],[110.29563,1.68167],[110.30405,1.67308],[110.30797,1.65677],[110.30683,1.65147],[110.29907,1.64133],[110.30751,1.63706],[110.31256,1.63292],[110.3156,1.62792],[110.31929,1.62941],[110.32246,1.62787],[110.32606,1.6323],[110.32555,1.63359],[110.33105,1.63777],[110.32622,1.63356],[110.32672,1.63225],[110.32484,1.62905],[110.32234,1.627],[110.31861,1.62831],[110.31562,1.62657],[110.3123,1.63149],[110.30677,1.63597],[110.30386,1.63776],[110.29935,1.63793],[110.29679,1.64042],[110.29078,1.63541],[110.29335,1.62947],[110.29946,1.62381],[110.30758,1.62428],[110.31533,1.61853],[110.31715,1.6215],[110.31877,1.62197],[110.32788,1.61945],[110.33163,1.62303],[110.33667,1.62361],[110.33157,1.62275],[110.32781,1.61906],[110.31872,1.62146],[110.31715,1.62055],[110.31623,1.61746],[110.31815,1.61189],[110.32882,1.60891],[110.33301,1.61039],[110.33391,1.61262],[110.33278,1.61543],[110.3352,1.61562],[110.33324,1.61528],[110.33432,1.61215],[110.33263,1.60912],[110.33292,1.60461],[110.33149,1.60289],[110.33273,1.60584],[110.33182,1.60893],[110.32973,1.60805],[110.31847,1.61061],[110.31651,1.60678],[110.31661,1.6001],[110.32212,1.59645],[110.31803,1.5938],[110.3162,1.59469],[110.31736,1.59687],[110.31483,1.60202],[110.3163,1.61179],[110.31301,1.60792],[110.31037,1.6007],[110.31069,1.59609],[110.30987,1.59999],[110.31059,1.60489],[110.31479,1.6127],[110.315,1.61543],[110.31291,1.61812],[110.30737,1.62152],[110.30243,1.62054],[110.30366,1.60997],[110.30264,1.60395],[110.29977,1.60493],[110.30044,1.61126],[110.29751,1.622],[110.29241,1.62551],[110.288,1.6316],[110.28722,1.63614],[110.28985,1.64055],[110.30007,1.65031],[110.30322,1.65619],[110.30084,1.66099],[110.29326,1.66202],[110.28465,1.67413],[110.28123,1.68172],[110.27768,1.68312],[110.28367,1.69359],[110.28854,1.69707],[110.28674,1.70744],[110.28025,1.70864],[110.27699,1.70781],[110.27527,1.7042],[110.27115,1.70952],[110.26545,1.71138],[110.23232,1.70641],[110.2143,1.7016],[110.20789,1.69266],[110.20625,1.68833],[110.2091,1.68286],[110.21485,1.67995],[110.238,1.67636],[110.24534,1.67327],[110.24817,1.66858],[110.24867,1.6617],[110.24691,1.6524],[110.25536,1.64642],[110.25681,1.64381],[110.25722,1.64137],[110.25424,1.6333],[110.25691,1.62801],[110.253,1.63004],[110.25144,1.63318],[110.2536,1.64374],[110.24475,1.64843],[110.24372,1.65149],[110.23555,1.65017],[110.23303,1.64961],[110.23299,1.6447],[110.23843,1.63368],[110.23466,1.62367],[110.23303,1.62485],[110.23532,1.63287],[110.22952,1.64555],[110.23011,1.64954],[110.22547,1.65053],[110.23937,1.65501],[110.24349,1.66004],[110.24304,1.66677],[110.24143,1.66973],[110.23777,1.67154],[110.22649,1.67123],[110.21846,1.67281],[110.20544,1.6781],[110.2005,1.68719],[110.20163,1.70098],[110.19627,1.70641],[110.15284,1.70263],[110.14129,1.69683],[110.13349,1.69474],[110.124,1.69807],[110.11096,1.698],[110.08366,1.70126],[110.06924,1.69594],[110.05105,1.69816],[110.00882,1.69783],[109.99886,1.69611],[109.96453,1.70057],[109.91852,1.71001],[109.88986,1.72065],[109.87612,1.72974],[109.88179,1.74862],[109.88093,1.75445],[109.87132,1.76217],[109.85964,1.76612],[109.85192,1.77144],[109.84917,1.7783],[109.85329,1.78551],[109.81407,1.79694],[109.7884,1.80816],[109.78383,1.80679],[109.79361,1.80061],[109.79704,1.79324],[109.79687,1.78946],[109.79567,1.78654],[109.78623,1.78328],[109.78657,1.78551],[109.79464,1.78877],[109.79481,1.79135],[109.79275,1.79495],[109.78554,1.79667],[109.77971,1.80593],[109.7785,1.81194],[109.77536,1.81794],[109.71991,1.83732],[109.70446,1.84419],[109.68907,1.8538],[109.68112,1.861],[109.68266,1.86409],[109.68077,1.86803],[109.68099,1.87115],[109.68489,1.87558],[109.67631,1.88365],[109.67648,1.88742],[109.66206,1.89789],[109.65314,1.90852],[109.65073,1.9159],[109.65262,1.91779],[109.65176,1.92208],[109.64867,1.92551],[109.64744,1.93169],[109.6485,1.93495],[109.65348,1.9358],[109.65284,1.94081],[109.64936,1.94455],[109.64641,1.95091],[109.65156,1.95811],[109.6483,1.96257],[109.65087,1.96909],[109.65002,1.98196],[109.65671,1.98711],[109.66066,1.98745],[109.66461,1.98453],[109.66653,1.98487],[109.66378,1.99139],[109.65042,2.00052],[109.64614,2.01085],[109.65144,2.01781],[109.655,2.02585],[109.65256,2.03078],[109.65279,2.03693],[109.65777,2.0396],[109.65113,2.04235],[109.64524,2.0511],[109.6472,2.05512],[109.64555,2.0573],[109.64924,2.06928],[109.64705,2.08047],[109.64501,2.0814],[109.64388,2.07415],[109.64096,2.07125],[109.63896,2.06428],[109.6305,2.04748],[109.63031,2.03625],[109.63277,2.03179],[109.63799,2.02751],[109.62952,2.01391],[109.63038,2.00443],[109.62648,1.9966],[109.62708,1.99089],[109.6237,1.99165],[109.62195,1.98879],[109.6222,1.98498],[109.62041,1.98321],[109.61344,1.98263],[109.60718,1.97992],[109.60019,1.97372],[109.59886,1.97351],[109.59741,1.97875],[109.58531,1.97727],[109.57636,1.97784],[109.56583,1.97244],[109.56028,1.97117],[109.55807,1.96658],[109.5534,1.96569],[109.55466,1.96249],[109.55257,1.95999],[109.55188,1.95622],[109.55587,1.95452],[109.56063,1.95501],[109.56472,1.95134],[109.56374,1.94807],[109.56683,1.94573],[109.56594,1.94311],[109.56211,1.94066],[109.56437,1.9366],[109.55744,1.93382],[109.55543,1.93024],[109.5561,1.92882],[109.55206,1.93006],[109.54788,1.92713],[109.54503,1.9286],[109.538,1.92671],[109.53891,1.91181],[109.54575,1.90447],[109.54702,1.89947],[109.54737,1.89538],[109.54423,1.89181],[109.54653,1.88589],[109.54891,1.88363],[109.548,1.88057],[109.55416,1.87283],[109.55778,1.87146],[109.55185,1.86178],[109.55162,1.85928],[109.55466,1.85532],[109.55342,1.85347],[109.55541,1.85052],[109.56115,1.8487],[109.56391,1.84319],[109.57153,1.84235],[109.57583,1.8437],[109.57923,1.83699],[109.58239,1.83508],[109.58157,1.83031],[109.58435,1.82566],[109.58596,1.81926],[109.58494,1.81449],[109.58629,1.81239],[109.58492,1.80984],[109.58056,1.8084],[109.57923,1.80443],[109.58125,1.79826],[109.58606,1.79192],[109.59335,1.79393],[109.59608,1.79702],[109.60005,1.79795],[109.60251,1.79569],[109.61201,1.79604],[109.61791,1.79859],[109.62281,1.80317],[109.62889,1.79973],[109.63251,1.80134],[109.63634,1.80543],[109.6386,1.79991],[109.64195,1.79737],[109.64898,1.7959],[109.65991,1.79835],[109.66839,1.79356],[109.67374,1.78784],[109.68271,1.78615],[109.68538,1.78239],[109.68362,1.77513],[109.68494,1.76839],[109.68076,1.75942],[109.67912,1.75113],[109.67785,1.74796],[109.6719,1.74213],[109.67033,1.73555],[109.66765,1.73319],[109.66839,1.72069],[109.66702,1.71779],[109.66727,1.71218],[109.669,1.70872],[109.66816,1.70422],[109.66973,1.69921],[109.66522,1.69751],[109.66062,1.69305],[109.66449,1.68309],[109.66031,1.67461],[109.66746,1.65246],[109.6583,1.63749],[109.66027,1.63265],[109.66224,1.61881],[109.66658,1.61591],[109.66661,1.61461],[109.66972,1.61509],[109.67472,1.6116],[109.68198,1.61277],[109.68943,1.61046],[109.68896,1.60722],[109.69536,1.59835],[109.69406,1.59423],[109.69767,1.58845],[109.69963,1.58804],[109.70124,1.58502],[109.70673,1.5872],[109.71244,1.57989],[109.71496,1.57348],[109.71779,1.57152],[109.71756,1.56934],[109.72071,1.56756],[109.72313,1.56298],[109.72643,1.56373],[109.72963,1.55943],[109.73291,1.55774],[109.7352,1.5528],[109.73957,1.55192],[109.74994,1.53901],[109.75058,1.53545],[109.75484,1.53342],[109.75574,1.52962],[109.76887,1.52393],[109.77005,1.52048],[109.77484,1.51818],[109.7791,1.51255],[109.78249,1.50378],[109.78491,1.50253],[109.79375,1.50256],[109.79888,1.49945],[109.79843,1.4949],[109.80176,1.49236],[109.80325,1.48638],[109.79682,1.4849],[109.79811,1.47667],[109.80064,1.47078],[109.80685,1.46581],[109.80988,1.46563],[109.81245,1.46212],[109.81608,1.46364],[109.81868,1.4684],[109.81825,1.47224],[109.82314,1.47199],[109.82405,1.47566],[109.82782,1.47826],[109.82784,1.48205],[109.8311,1.48417],[109.83308,1.48238],[109.83669,1.4865],[109.83928,1.48613],[109.83972,1.48442],[109.83666,1.47994],[109.83588,1.47002],[109.83219,1.46473],[109.83177,1.4601],[109.82927,1.45641],[109.83008,1.4534],[109.8321,1.4519],[109.83263,1.44394],[109.83451,1.4408],[109.83196,1.4287],[109.83574,1.42253],[109.83963,1.42367],[109.84219,1.42213],[109.84594,1.42611],[109.85451,1.42189],[109.85679,1.41892],[109.87356,1.41703],[109.88665,1.41871],[109.89194,1.41723],[109.89388,1.41452],[109.90212,1.41897],[109.91411,1.42294],[109.93078,1.42499],[109.94631,1.40725],[109.95392,1.40513],[109.95445,1.40609],[109.95945,1.40202],[109.96202,1.40339],[109.96141,1.39986],[109.96412,1.39603],[109.963,1.39309],[109.9709,1.38616],[109.96718,1.38303],[109.96559,1.37475],[109.96199,1.37198],[109.96435,1.36705],[109.96465,1.36402],[109.96311,1.36131],[109.96583,1.35845],[109.9679,1.35178],[109.96698,1.3485],[109.96933,1.344],[109.96875,1.34079],[109.97939,1.29832],[109.98097,1.29676],[109.98421,1.29754],[109.99312,1.29404],[109.99945,1.29712],[110.0152,1.29213],[110.02,1.28515],[110.02395,1.28411],[110.03726,1.27593],[110.04255,1.27481],[110.04425,1.2724],[110.04636,1.27238],[110.04731,1.26846],[110.04638,1.26528],[110.05067,1.26483],[110.05348,1.26801],[110.05798,1.26994],[110.06093,1.26451],[110.0649,1.26453],[110.06516,1.26347],[110.06101,1.26014],[110.06661,1.25501],[110.06482,1.2515],[110.06883,1.24013],[110.0672,1.23257],[110.069,1.22853],[110.06748,1.22545],[110.06177,1.22478],[110.05819,1.22076],[110.06278,1.21292],[110.06371,1.20864],[110.07746,1.21259],[110.08583,1.21685],[110.09065,1.20639],[110.09265,1.20661],[110.09483,1.20319],[110.09474,1.20031],[110.09707,1.19767],[110.10383,1.19666],[110.10722,1.19837],[110.11535,1.19566],[110.12142,1.19617],[110.12571,1.19378],[110.14036,1.19998],[110.1452,1.20056],[110.15281,1.19776],[110.15549,1.19914],[110.1609,1.19819],[110.16759,1.1941],[110.17076,1.18947],[110.17703,1.18524],[110.18362,1.18261],[110.1922,1.18303],[110.19525,1.17481],[110.19772,1.17324],[110.20013,1.16801],[110.20299,1.16523],[110.2069,1.16416],[110.2064,1.15716],[110.2126,1.15016],[110.21343,1.14627],[110.2121,1.14024],[110.20613,1.13725],[110.20562,1.13299],[110.20791,1.13054],[110.20924,1.11843],[110.21744,1.11468],[110.22444,1.11472],[110.23187,1.12034],[110.24138,1.11743],[110.24521,1.11286],[110.24523,1.11079],[110.24868,1.10787],[110.24663,1.10221],[110.24837,1.09771],[110.24841,1.08619],[110.25213,1.07935],[110.26371,1.07434],[110.26443,1.06801],[110.26768,1.06622],[110.26138,1.06157],[110.26258,1.05644],[110.2678,1.05063],[110.27014,1.05324],[110.27545,1.05142],[110.27987,1.05197],[110.28646,1.04417],[110.28636,1.04022],[110.283,1.03861],[110.27656,1.03128],[110.28329,1.01789],[110.28283,1.01553],[110.28052,1.01373],[110.28149,1.00933],[110.27652,0.99851],[110.27773,0.99561],[110.28072,0.99446],[110.2879,0.9948],[110.29602,0.99734],[110.30096,0.99575],[110.30312,0.99876],[110.30564,0.99878],[110.30518,1.00338],[110.30784,1.00415],[110.30932,1.00067],[110.31204,1.00299],[110.31339,1.00172],[110.31775,1.00166],[110.32429,0.99343],[110.32919,0.99952],[110.32857,1.00281],[110.33123,1.00429],[110.33142,1.00586],[110.33323,1.00612],[110.33598,1.00255],[110.33836,1.00374],[110.33664,1.00844],[110.33898,1.01288],[110.34352,1.00661],[110.34152,0.99842],[110.34324,0.99304],[110.34709,0.98921],[110.35296,0.98668],[110.35391,0.9883],[110.35611,0.98702],[110.35755,0.98916],[110.35911,0.98334],[110.3672,0.98757],[110.36992,0.98755],[110.37234,0.99249],[110.37499,0.99445],[110.37775,0.99423],[110.37891,0.99626],[110.38213,0.99467],[110.38493,0.99567],[110.38877,0.99337],[110.39091,0.99589],[110.39536,0.9965],[110.39768,0.99033],[110.40363,0.9885],[110.40277,0.98473],[110.4059,0.97664],[110.40498,0.97187],[110.40941,0.9679],[110.41025,0.96491],[110.40813,0.96312],[110.40851,0.95769],[110.40515,0.95558],[110.40553,0.95269],[110.408,0.95071],[110.41366,0.95216],[110.41907,0.95066],[110.42006,0.94824],[110.42328,0.94949],[110.42328,0.94782],[110.42599,0.94603],[110.42969,0.94508],[110.43137,0.94705],[110.43258,0.94528],[110.43611,0.94575],[110.43858,0.94402],[110.43863,0.93939],[110.44087,0.93699],[110.43514,0.93013],[110.43311,0.92963],[110.43307,0.92577],[110.43834,0.92224],[110.43834,0.91701],[110.44599,0.90795],[110.45256,0.90929],[110.45622,0.90654],[110.46319,0.90447],[110.46753,0.89251],[110.47902,0.89203],[110.48092,0.88383],[110.48965,0.88012],[110.49064,0.87637],[110.50575,0.87338],[110.51168,0.87452],[110.52055,0.87014],[110.52844,0.87139],[110.53431,0.86771],[110.53933,0.86906],[110.5427,0.86758],[110.54537,0.86859],[110.54655,0.86357],[110.55319,0.85949],[110.56081,0.8611],[110.56823,0.86077],[110.56991,0.85642],[110.57217,0.85659],[110.57578,0.85382],[110.57972,0.85861],[110.58556,0.8578],[110.58923,0.86019],[110.59692,0.85834],[110.60184,0.86889],[110.60939,0.8669],[110.61216,0.86906],[110.61974,0.86613],[110.62821,0.87206],[110.63461,0.88046],[110.63276,0.88373],[110.6365,0.88899],[110.6338,0.89485],[110.63445,0.89974],[110.63057,0.90301],[110.63124,0.90767],[110.63323,0.90888],[110.63573,0.908],[110.63778,0.90932],[110.64092,0.90719],[110.64625,0.90756],[110.65171,0.90571],[110.65184,0.90129],[110.64824,0.89607],[110.64921,0.89293],[110.65403,0.8926],[110.65377,0.8845],[110.65589,0.88383],[110.65646,0.88191],[110.65899,0.88316],[110.66135,0.87999],[110.66455,0.87965],[110.66769,0.87597],[110.67325,0.88029],[110.67612,0.87776],[110.67973,0.87789],[110.68465,0.8816],[110.68752,0.88164],[110.69106,0.884],[110.69247,0.88251],[110.69679,0.88309],[110.70255,0.88659],[110.70269,0.88956],[110.70485,0.89182],[110.70869,0.89287],[110.70946,0.8957],[110.71398,0.90011],[110.71523,0.9048],[110.721,0.90564],[110.72251,0.90797],[110.72582,0.90635],[110.72791,0.90767],[110.73465,0.90726],[110.74133,0.90375],[110.75087,0.90487],[110.75367,0.90025],[110.75532,0.90001],[110.75964,0.90649],[110.76422,0.90794],[110.76459,0.91053],[110.76216,0.91674],[110.75994,0.91795],[110.76021,0.92071],[110.76132,0.92324],[110.76429,0.92483],[110.76503,0.92965],[110.76887,0.93204],[110.77221,0.93248],[110.77565,0.93083],[110.7798,0.92645],[110.78398,0.91225],[110.79601,0.90568],[110.79925,0.9074],[110.80299,0.90055],[110.80485,0.90048],[110.81088,0.90851],[110.81098,0.91569],[110.81402,0.92139],[110.80879,0.92975],[110.80674,0.93582],[110.80299,0.93882],[110.80667,0.94357],[110.80879,0.94954],[110.81193,0.94991],[110.81665,0.94486],[110.82063,0.95109],[110.82353,0.95274],[110.83476,0.94971],[110.84763,0.9548],[110.85411,0.95055],[110.85991,0.95035],[110.85896,0.95268],[110.86146,0.95723],[110.862,0.96569],[110.86989,0.96488],[110.87677,0.97527],[110.88779,0.98086],[110.89133,0.9896],[110.89062,1.00756],[110.89984,1.01519],[110.9029,1.02087],[110.9035,1.02684],[110.9055,1.02835],[110.91572,1.03066],[110.92352,1.02969],[110.92986,1.02631],[110.93493,1.02569],[110.95893,1.02645],[110.96311,1.02904],[110.96946,1.02969],[110.97674,1.02741],[110.98756,1.02937],[110.99749,1.02705],[111.00096,1.03268],[111.00934,1.03102],[111.01879,1.03298],[111.02738,1.03287],[111.03892,1.0365],[111.04681,1.03708],[111.05627,1.04106],[111.06013,1.04555],[111.07945,1.05126],[111.09202,1.04826],[111.09946,1.05178],[111.10557,1.05201],[111.10966,1.04821],[111.11519,1.05236],[111.11906,1.05178],[111.12569,1.05351],[111.14201,1.05236],[111.1559,1.05599],[111.1717,1.06337],[111.1785,1.06164],[111.18433,1.06423],[111.18894,1.06337],[111.19759,1.06475],[111.20566,1.07133],[111.212,1.07404],[111.21442,1.07738],[111.21783,1.07848],[111.21886,1.08539],[111.22226,1.08689],[111.22486,1.09266],[111.22607,1.08799],[111.24533,1.07761],[111.2545,1.06354],[111.26643,1.06879],[111.27225,1.0681],[111.28753,1.05593],[111.29635,1.05524],[111.30881,1.04671],[111.31648,1.04561],[111.31838,1.044],[111.33579,1.04359],[111.34427,1.03996],[111.35021,1.03466],[111.35753,1.03575],[111.37927,1.02186],[111.38503,1.01459],[111.39431,1.01384],[111.39841,1.01523],[111.40504,1.0094],[111.42493,1.01113],[111.43197,1.01401],[111.4435,1.01563],[111.45503,1.0237],[111.4635,1.03644],[111.48916,1.03442],[111.49308,1.02872],[111.49913,1.02572],[111.50236,1.0222],[111.50539,1.02154],[111.50849,1.01236],[111.5136,1.00716],[111.51762,0.98538],[111.51744,0.97429],[111.52296,0.95735],[111.53191,0.95475],[111.54004,0.94877],[111.54405,0.94936],[111.55204,0.95703],[111.55131,0.9726],[111.54839,0.97465],[111.54811,0.97835],[111.55428,0.98091],[111.56012,0.98552],[111.56683,0.98383],[111.56747,0.98068],[111.57345,0.97484],[111.57678,0.97447],[111.58596,0.98479],[111.58706,0.99109],[111.59002,0.99479],[111.58966,1.00318],[111.59532,1.00834],[111.61609,1.01442],[111.61659,1.01716],[111.62344,1.02204],[111.62714,1.02081],[111.63147,1.0224],[111.63558,1.02081],[111.63951,1.02204],[111.63987,1.02546],[111.63782,1.02902],[111.63878,1.03121],[111.65142,1.03382],[111.65759,1.0371],[111.65914,1.03966],[111.66352,1.03998],[111.66672,1.04281],[111.69,1.02597],[111.69383,1.02875],[111.69972,1.02697],[111.70365,1.02391],[111.70904,1.02656],[111.71378,1.02592],[111.7146,1.02172],[111.70922,1.0161],[111.71291,1.00999],[111.71634,1.00752],[111.71976,1.00652],[111.72821,1.00802],[111.73309,1.00743],[111.73967,1.01072],[111.74195,1.00885],[111.74551,1.00971],[111.74802,1.00866],[111.75446,1.01702],[111.7619,1.02122],[111.76961,1.01711],[111.77107,1.00497],[111.77555,0.99912],[111.79061,0.99415],[111.79678,1.00004],[111.79952,1.00022],[111.80454,0.99552],[111.81166,0.99574],[111.8165,0.98374],[111.82138,0.98602],[111.82599,0.98538],[111.83298,0.99392],[111.83722,0.99369],[111.84078,0.99775],[111.85548,1.00159],[111.85585,1.00592],[111.85854,1.0057],[111.85799,1.0078],[111.86096,1.01008],[111.86626,1.00912],[111.86708,1.01286],[111.86986,1.0146],[111.86932,1.01843],[111.86448,1.01839],[111.8637,1.01962],[111.86717,1.02391],[111.86991,1.02418],[111.87447,1.02898],[111.87288,1.03455],[111.87064,1.03701],[111.87046,1.04213],[111.87274,1.04441],[111.87132,1.04719],[111.87625,1.04715],[111.87534,1.05039],[111.88013,1.05121],[111.87954,1.05413],[111.88269,1.05934],[111.88036,1.06586],[111.88543,1.06714],[111.88657,1.06869],[111.89091,1.06833],[111.892,1.07162],[111.89419,1.07294],[111.9026,1.07025],[111.90542,1.07212],[111.90835,1.07061],[111.90762,1.07458],[111.91086,1.07933],[111.90784,1.08266],[111.91177,1.08454],[111.912,1.08791],[111.91812,1.08837],[111.9198,1.08677],[111.92391,1.08974],[111.92798,1.08791],[111.92825,1.09499],[111.93423,1.1038],[111.93327,1.11613],[111.9351,1.11836],[111.93866,1.11873],[111.94861,1.11553],[111.95596,1.12357],[111.96048,1.12334],[111.96386,1.12124],[111.96819,1.12215],[111.97162,1.12101],[111.98002,1.12352],[111.99193,1.12338],[112.00211,1.12599],[112.00382,1.12813],[112.01105,1.12964],[112.01593,1.13267],[112.02374,1.12817],[112.02945,1.12739],[112.03189,1.12959],[112.04259,1.13242],[112.05352,1.13154],[112.06543,1.13647],[112.06831,1.1353],[112.07739,1.13677],[112.08257,1.13574],[112.08686,1.13818],[112.09365,1.13501],[112.09942,1.13838],[112.11064,1.13657],[112.12304,1.13931],[112.13455,1.13755],[112.14242,1.14165],[112.14536,1.14563],[112.15024,1.14565],[112.15393,1.14184],[112.15374,1.1538],[112.15296,1.15776],[112.15062,1.16069],[112.15568,1.17047],[112.15272,1.1744],[112.14897,1.17441],[112.14671,1.18153],[112.14242,1.18358],[112.14173,1.18563],[112.14237,1.18773],[112.14554,1.1871],[112.15468,1.19391],[112.15685,1.19679],[112.15698,1.19989],[112.16359,1.20626],[112.16115,1.21326],[112.1617,1.21571],[112.16834,1.21902],[112.16552,1.22264],[112.16674,1.2263],[112.16022,1.23694],[112.16322,1.23872],[112.16088,1.24224],[112.16076,1.24678],[112.15842,1.24954],[112.16208,1.25281],[112.16869,1.25371],[112.17414,1.25971],[112.16965,1.27294],[112.17099,1.27895],[112.16996,1.28351],[112.17172,1.2893],[112.17743,1.29293],[112.17724,1.31144],[112.18419,1.31441],[112.18807,1.31808],[112.19889,1.32222],[112.21282,1.34356],[112.20838,1.35242],[112.21238,1.35271],[112.21883,1.35684],[112.21995,1.3636],[112.21795,1.3664],[112.21822,1.37099],[112.22369,1.37651],[112.22613,1.38403],[112.22644,1.39906],[112.224,1.39992],[112.218,1.39518],[112.20692,1.40783],[112.20189,1.40407],[112.19676,1.40607],[112.19498,1.41088],[112.19503,1.41356],[112.20164,1.42157],[112.20003,1.43709],[112.20574,1.44378],[112.20797,1.4501],[112.21583,1.45286],[112.2198,1.45242],[112.22264,1.45698],[112.2261,1.45879],[112.23152,1.45908],[112.23562,1.45684],[112.24053,1.45908],[112.24653,1.45718],[112.2501,1.4594],[112.25726,1.45896],[112.264,1.46326],[112.26693,1.46692],[112.27642,1.46633],[112.28142,1.47024],[112.28718,1.47209],[112.29368,1.48108],[112.29731,1.4833],[112.30234,1.48396],[112.30586,1.48945],[112.30969,1.49025],[112.31691,1.49682],[112.3186,1.5048],[112.32153,1.50351],[112.32905,1.50514],[112.33947,1.50219],[112.34503,1.50441],[112.3516,1.50034],[112.35475,1.50322],[112.3621,1.50414],[112.36878,1.51012],[112.37401,1.51235],[112.38597,1.51042],[112.39485,1.52326],[112.3989,1.52186],[112.40305,1.51718],[112.4186,1.52443],[112.43046,1.52284],[112.43588,1.52633],[112.44387,1.53463],[112.44435,1.53668],[112.44223,1.54164],[112.4434,1.54578],[112.44684,1.55025],[112.45687,1.55682],[112.46427,1.55789],[112.46979,1.56563],[112.47477,1.56648],[112.47638,1.57014],[112.4817,1.56939],[112.48668,1.57747],[112.49005,1.57776],[112.49317,1.57615],[112.5004,1.58013],[112.50758,1.5762],[112.51674,1.57393],[112.52482,1.57766],[112.53458,1.5739],[112.54381,1.57244],[112.55586,1.57344],[112.55892,1.57093],[112.56931,1.57224],[112.58008,1.57041],[112.60126,1.57068],[112.63014,1.5637],[112.64117,1.56407],[112.64857,1.56865],[112.65152,1.56773],[112.66031,1.56856],[112.66295,1.5667],[112.66607,1.5597],[112.67737,1.55233],[112.68089,1.55484],[112.69373,1.55233],[112.70076,1.55433],[112.70754,1.55882],[112.72446,1.5615],[112.72812,1.56458],[112.73673,1.56443],[112.74586,1.5594],[112.74935,1.55506],[112.7625,1.55794],[112.7684,1.56163],[112.77087,1.56006],[112.77587,1.5615],[112.7788,1.56031],[112.78256,1.55606],[112.7894,1.55662],[112.79669,1.55333],[112.79975,1.54881],[112.79953,1.54181],[112.80087,1.54117],[112.81205,1.54083],[112.81432,1.53832],[112.82208,1.53944],[112.82564,1.53853],[112.82716,1.54195],[112.83116,1.54525],[112.83711,1.54212],[112.83982,1.53756],[112.84229,1.53697],[112.84563,1.53856],[112.8491,1.53785],[112.84798,1.54703],[112.85252,1.54898],[112.85108,1.55379],[112.85481,1.55706],[112.86196,1.55804],[112.8666,1.56053],[112.86731,1.56665],[112.87505,1.57197],[112.87839,1.58303],[112.88483,1.5876],[112.89077,1.58616],[112.89592,1.58935],[112.89984,1.5884],[112.90458,1.58333],[112.91542,1.58242],[112.91823,1.58022],[112.92108,1.57354],[112.93309,1.56753],[112.94239,1.56682],[112.94312,1.57066],[112.94903,1.56829],[112.95181,1.57412],[112.95645,1.575],[112.95757,1.57444],[112.95772,1.57051],[112.96267,1.56836],[112.96685,1.56848],[112.97515,1.56346],[112.98467,1.56485],[112.98989,1.57974],[112.99792,1.57952],[113.003,1.58103],[113.0039,1.57927],[113.00224,1.57451],[113.00588,1.56875],[113.01195,1.56973],[113.01842,1.56924],[113.02196,1.56746],[113.02638,1.56822],[113.03024,1.56534],[113.0339,1.56617],[113.03834,1.56285],[113.04813,1.56045],[113.05245,1.55718],[113.0585,1.55848],[113.06431,1.55318],[113.06243,1.54988],[113.06246,1.54593],[113.06385,1.54293],[113.06826,1.54039],[113.07078,1.52948],[113.06485,1.53026],[113.06126,1.52924],[113.0598,1.5265],[113.04588,1.51515],[113.04725,1.5102],[113.04688,1.50368],[113.04989,1.50109],[113.04969,1.49965],[113.04076,1.49804],[113.03846,1.49558],[113.03173,1.49282],[113.03836,1.48452],[113.04163,1.47583],[113.04032,1.47358],[113.03541,1.47034],[113.02789,1.47095],[113.02472,1.46616],[113.01159,1.46204],[113.00732,1.45782],[112.98706,1.4522],[112.98208,1.44956],[112.98257,1.44476],[112.98037,1.43973],[112.97407,1.43639],[112.97715,1.42303],[112.97468,1.40868],[112.98491,1.40612],[112.99072,1.40775],[112.9935,1.40675],[113.00456,1.40756],[113.01396,1.4039],[113.01886,1.40421],[113.02433,1.40639],[113.02899,1.41083],[113.03732,1.41381],[113.04386,1.42279],[113.05706,1.41998],[113.06421,1.42242],[113.07476,1.43067],[113.0845,1.42767],[113.08818,1.42801],[113.09036,1.43294],[113.09255,1.43433],[113.09397,1.44139],[113.10634,1.445],[113.11193,1.43524],[113.12089,1.43223],[113.1245,1.42767],[113.12343,1.42018],[113.12714,1.41454],[113.13375,1.41283],[113.13441,1.40143],[113.14132,1.39338],[113.14794,1.39008],[113.15765,1.39203],[113.1711,1.3862],[113.18147,1.37946],[113.18758,1.37924],[113.19031,1.38215],[113.195,1.38327],[113.20259,1.38159],[113.21296,1.38527],[113.21879,1.38442],[113.22331,1.39225],[113.23276,1.3975],[113.24147,1.39579],[113.24674,1.3881],[113.25087,1.38503],[113.25742,1.38581],[113.26694,1.39191],[113.27021,1.39071],[113.27548,1.38329],[113.28444,1.38308],[113.30224,1.37636],[113.30573,1.37336],[113.31466,1.3761],[113.32577,1.37695],[113.32918,1.36882],[113.33248,1.36653],[113.34014,1.36484],[113.34449,1.36059],[113.34812,1.35913],[113.35535,1.35889],[113.35904,1.351],[113.3625,1.34768],[113.36319,1.33994],[113.36675,1.3346],[113.36592,1.32562],[113.38095,1.32071],[113.39492,1.31898],[113.40119,1.31014],[113.40746,1.30531],[113.40822,1.29916],[113.41723,1.29042],[113.41908,1.28549],[113.43661,1.28341],[113.45106,1.28551],[113.45399,1.29271],[113.46233,1.30021],[113.46385,1.30333],[113.47637,1.30419],[113.48179,1.30736],[113.48574,1.30653],[113.49819,1.3171],[113.50163,1.31483],[113.50593,1.31617],[113.51249,1.31356],[113.52577,1.31912],[113.53475,1.32115],[113.54447,1.31981],[113.54991,1.31737],[113.55885,1.30721],[113.56668,1.30838],[113.57369,1.30421],[113.57849,1.30636],[113.58186,1.30626],[113.5805,1.29581],[113.58323,1.29144],[113.59148,1.28603],[113.5897,1.2818],[113.5916,1.2779],[113.59468,1.27582],[113.5939,1.27014],[113.59563,1.26023],[113.60891,1.25559],[113.61511,1.25139],[113.62489,1.24951],[113.62668,1.23831],[113.6194,1.23233],[113.6173,1.22693],[113.62211,1.22537],[113.62599,1.21778],[113.63002,1.21602],[113.64335,1.22012],[113.65419,1.22066],[113.65904,1.21505],[113.66461,1.2148],[113.66651,1.21641],[113.66397,1.22112],[113.66632,1.22657],[113.67056,1.23028],[113.67713,1.23055],[113.68943,1.2396],[113.69253,1.24578],[113.70046,1.25549],[113.70291,1.26272],[113.71521,1.26125],[113.7218,1.26652],[113.73498,1.2675],[113.73757,1.27138],[113.74113,1.27121],[113.74955,1.27426],[113.75547,1.27302],[113.76121,1.27768],[113.76265,1.28112],[113.77678,1.28605],[113.78691,1.29132],[113.81002,1.29886],[113.81857,1.30692],[113.8245,1.31854],[113.82479,1.32498],[113.82948,1.33052],[113.82896,1.33775],[113.83101,1.34724],[113.8304,1.35271],[113.82523,1.35383],[113.82369,1.35662],[113.81483,1.36384],[113.82089,1.36745],[113.82252,1.3707],[113.82997,1.37339],[113.83419,1.37783],[113.84517,1.37851],[113.85064,1.38039],[113.84988,1.3841],[113.85169,1.38762],[113.86136,1.38783],[113.86812,1.38644],[113.87681,1.38845],[113.87998,1.39059],[113.8821,1.39565],[113.88796,1.40099],[113.90168,1.40522],[113.90859,1.4129],[113.91164,1.41356],[113.91557,1.41037],[113.92418,1.40956],[113.92999,1.4142],[113.93717,1.41564],[113.94061,1.4287],[113.94535,1.43631],[113.95421,1.44239],[113.96353,1.44373],[113.96788,1.44192],[113.97029,1.44744],[113.97573,1.45005],[113.98455,1.4492],[113.9988,1.44351],[114.00976,1.44982],[114.01722,1.44834],[114.02799,1.45288],[114.0322,1.45078],[114.04822,1.45178],[114.05356,1.45751],[114.05883,1.45702],[114.07938,1.46516],[114.08677,1.46249],[114.08835,1.46394],[114.09198,1.46333],[114.09774,1.46635],[114.10272,1.4623],[114.10578,1.45532],[114.11646,1.45609],[114.12012,1.45853],[114.12215,1.46301],[114.13585,1.46288],[114.138,1.46445],[114.14305,1.46484],[114.14945,1.46149],[114.15382,1.4522],[114.15878,1.44943],[114.16135,1.44094],[114.16489,1.44155],[114.1717,1.43905],[114.17997,1.43509],[114.18649,1.42869],[114.19261,1.42776],[114.19637,1.42271],[114.2036,1.42072],[114.20392,1.41602],[114.20695,1.40969],[114.2128,1.41017],[114.22348,1.41618],[114.22373,1.42358],[114.23322,1.43291],[114.23531,1.43712],[114.23846,1.43741],[114.23798,1.44339],[114.24007,1.44718],[114.24325,1.44667],[114.25017,1.45127],[114.25235,1.44908],[114.25422,1.45027],[114.2729,1.44905],[114.27763,1.45091],[114.28184,1.45069],[114.29644,1.45606],[114.30111,1.45632],[114.30326,1.45873],[114.30616,1.46741],[114.30972,1.4704],[114.33294,1.47712],[114.3342,1.48066],[114.33889,1.48265],[114.35745,1.48748],[114.36706,1.48642],[114.37024,1.49079],[114.38253,1.49243],[114.38867,1.50127],[114.38983,1.51073],[114.38671,1.51455],[114.38716,1.51594],[114.4005,1.51931],[114.40462,1.5187],[114.40935,1.52086],[114.41388,1.51771],[114.41636,1.51037],[114.42414,1.50783],[114.42877,1.50262],[114.44517,1.49455],[114.45569,1.48632],[114.46492,1.48426],[114.4746,1.47458],[114.48129,1.47249],[114.48994,1.47349],[114.49621,1.47748],[114.4981,1.47371],[114.50306,1.47076],[114.5104,1.45839],[114.52646,1.44179],[114.53699,1.4352],[114.55843,1.43379],[114.56218,1.43216],[114.56412,1.42639],[114.5669,1.42774],[114.57018,1.43301],[114.57286,1.44126],[114.58159,1.4438],[114.58583,1.44665],[114.59178,1.47512],[114.59397,1.47869],[114.60466,1.48761],[114.611,1.50076],[114.61303,1.51573],[114.61228,1.52182],[114.60877,1.52523],[114.60778,1.52915],[114.60415,1.53105],[114.60993,1.55302],[114.61669,1.55678],[114.61318,1.56356],[114.61421,1.57421],[114.62678,1.57835],[114.64161,1.58836],[114.64878,1.58958],[114.68674,1.63153],[114.70128,1.65918],[114.71115,1.67148],[114.71408,1.68657],[114.71166,1.70734],[114.71301,1.71152],[114.71845,1.71876],[114.71739,1.72538],[114.71822,1.72815],[114.70961,1.74461],[114.70932,1.74988],[114.71144,1.75477],[114.70453,1.76214],[114.70825,1.76407],[114.71327,1.77011],[114.71401,1.78532],[114.70851,1.79478],[114.70697,1.8032],[114.70134,1.80098],[114.69536,1.80761],[114.69186,1.80815],[114.69469,1.81063],[114.69928,1.81053],[114.70218,1.81336],[114.70366,1.8207],[114.70986,1.81951],[114.71366,1.82587],[114.71681,1.82636],[114.71845,1.8289],[114.72613,1.83259],[114.72514,1.84568],[114.71919,1.85067],[114.7163,1.8563],[114.72826,1.85813],[114.73231,1.86041],[114.73337,1.86514],[114.74192,1.86774],[114.74372,1.86954],[114.75064,1.86687],[114.76099,1.85916],[114.76675,1.85742],[114.76646,1.85128],[114.77878,1.8497],[114.78051,1.85134],[114.78273,1.84899],[114.78611,1.84854],[114.79193,1.85028],[114.79691,1.8534],[114.79518,1.86183],[114.80068,1.86523],[114.80286,1.87221],[114.80875,1.87778],[114.81348,1.87906],[114.81544,1.88131],[114.81666,1.8845],[114.81467,1.89009],[114.81643,1.89305],[114.81987,1.89254],[114.82875,1.89614],[114.83875,1.89366],[114.85451,1.89659],[114.85637,1.90035],[114.85959,1.90003],[114.86486,1.90331],[114.86467,1.90788],[114.86596,1.90977],[114.87869,1.91521],[114.87715,1.92103],[114.8722,1.92395],[114.8711,1.92807],[114.86335,1.93109],[114.86261,1.93646],[114.85975,1.93849],[114.85564,1.9372],[114.85271,1.93958],[114.84891,1.94466],[114.85071,1.95016],[114.84759,1.95257],[114.8483,1.97158],[114.85608,1.97644],[114.8565,1.98087],[114.86503,1.98499],[114.86792,1.98936],[114.86724,1.99235],[114.86914,1.99428],[114.87139,2.0021],[114.87033,2.01384],[114.88053,2.01763],[114.88237,2.03247],[114.87874,2.03859],[114.87423,2.04171],[114.86208,2.04091],[114.85636,2.0457],[114.85131,2.04181],[114.84655,2.04098],[114.83523,2.03532],[114.83394,2.03281],[114.8306,2.03207],[114.82571,2.02808],[114.8168,2.02773],[114.8088,2.02281],[114.80632,2.02438],[114.80458,2.03368],[114.80089,2.0357],[114.79973,2.0403],[114.7931,2.05027],[114.7924,2.06018],[114.79642,2.05998],[114.8079,2.06407],[114.80609,2.07063],[114.80011,2.08079],[114.79693,2.08156],[114.79349,2.08558],[114.79619,2.09127],[114.79986,2.09079],[114.8024,2.0951],[114.80629,2.09632],[114.81047,2.1004],[114.80838,2.10603],[114.80059,2.1182],[114.78553,2.13046],[114.78024,2.14454],[114.78027,2.15777],[114.78387,2.17631],[114.78213,2.19217],[114.77948,2.19921],[114.79026,2.20402],[114.79,2.21357],[114.79199,2.22167],[114.79096,2.2254],[114.79363,2.22968],[114.80193,2.23669],[114.80344,2.23994],[114.79982,2.25054],[114.80249,2.25459],[114.80809,2.25742],[114.81603,2.26643],[114.82314,2.26647],[114.82401,2.2603],[114.83021,2.25417],[114.84073,2.25864],[114.85195,2.26044],[114.85678,2.26324],[114.86398,2.27199],[114.87195,2.26586],[114.88437,2.2624],[114.89238,2.27127],[114.90276,2.2615],[114.90524,2.25723],[114.91476,2.25932],[114.9163,2.26221],[114.9262,2.2699],[114.93302,2.27761],[114.93498,2.2834],[114.93865,2.28308],[114.94286,2.28543],[114.95473,2.28299],[114.96254,2.28938],[114.96647,2.29524],[114.96611,2.29913],[114.95691,2.30495],[114.95241,2.30971],[114.94839,2.31128],[114.94627,2.3191],[114.94695,2.32283],[114.94576,2.32755],[114.95129,2.34511],[114.95039,2.35132],[114.95174,2.35373],[114.95441,2.3547],[114.95479,2.36003],[114.95843,2.36203],[114.95823,2.36846],[114.96248,2.36779],[114.96521,2.37071],[114.97023,2.36994],[114.97367,2.36705],[114.97303,2.3637],[114.97615,2.36322],[114.98854,2.35158],[114.99369,2.35103],[115.00173,2.36003],[115.00292,2.3646],[115.00941,2.36775],[115.01806,2.36701],[115.02208,2.3683],[115.02565,2.38258],[115.03102,2.3846],[115.03388,2.39419],[115.04067,2.39268],[115.04318,2.38785],[115.04816,2.38927],[115.04366,2.39634],[115.04456,2.40554],[115.04633,2.4075],[115.0581,2.41049],[115.06177,2.40695],[115.06688,2.40978],[115.06923,2.40801],[115.07997,2.40705],[115.08164,2.40451],[115.09074,2.4056],[115.09508,2.41123],[115.09296,2.41564],[115.0938,2.41824],[115.09225,2.42628],[115.09643,2.43187],[115.09592,2.43448],[115.09843,2.43721],[115.09946,2.44287],[115.10618,2.44432],[115.11084,2.45725],[115.11537,2.45532],[115.12274,2.45757],[115.12852,2.46931],[115.13393,2.47304],[115.13547,2.47603],[115.141,2.47783],[115.15515,2.47702],[115.16535,2.48088],[115.17216,2.47921],[115.17638,2.47966],[115.1803,2.48185],[115.18474,2.48001],[115.18551,2.47792],[115.19471,2.47133],[115.20101,2.47973],[115.20776,2.48092],[115.21074,2.48732],[115.2214,2.49091],[115.23743,2.50599],[115.23748,2.52804],[115.2328,2.53603],[115.22614,2.53304],[115.2172,2.53857],[115.21218,2.53909],[115.21106,2.54301],[115.20659,2.54928],[115.21022,2.55639],[115.20765,2.56321],[115.20234,2.56568],[115.20308,2.57028],[115.19733,2.56996],[115.19321,2.57504],[115.18601,2.57916],[115.18514,2.58835],[115.18192,2.59138],[115.17466,2.59424],[115.1716,2.6063],[115.166,2.6062],[115.16279,2.60907],[115.15382,2.60218],[115.14603,2.60437],[115.14186,2.60067],[115.13822,2.59971],[115.1334,2.5935],[115.13381,2.58974],[115.12889,2.5827],[115.11815,2.58562],[115.10989,2.58102],[115.1032,2.58565],[115.1042,2.59238],[115.10217,2.59794],[115.09568,2.59871],[115.09404,2.6018],[115.0868,2.60418],[115.084,2.61292],[115.08773,2.62026],[115.09188,2.62016],[115.09735,2.62238],[115.10442,2.63093],[115.10838,2.63321],[115.10741,2.64016],[115.10873,2.64402],[115.11124,2.64405],[115.11359,2.64695],[115.11716,2.64717],[115.11481,2.65074],[115.11262,2.66216],[115.10674,2.67383],[115.10716,2.67775],[115.11211,2.68171],[115.11185,2.68515],[115.10918,2.68708],[115.10667,2.68531],[115.1042,2.6856],[115.10079,2.69129],[115.0933,2.69303],[115.09355,2.69608],[115.09207,2.69843],[115.09555,2.69949],[115.0996,2.70628],[115.09899,2.713],[115.10069,2.71692],[115.10452,2.71702],[115.10545,2.71904],[115.11793,2.72461],[115.11954,2.72712],[115.12221,2.72734],[115.14115,2.74432],[115.14182,2.74934],[115.13869,2.75543],[115.13754,2.77202],[115.1389,2.77606],[115.15295,2.7867],[115.14672,2.79807],[115.14234,2.80258],[115.12866,2.80317],[115.1241,2.80012],[115.09509,2.81807],[115.0897,2.82324],[115.10221,2.83036],[115.11387,2.83327],[115.12403,2.84407],[115.12421,2.84809],[115.13537,2.85604],[115.13928,2.86629],[115.15112,2.87223],[115.15079,2.87994],[115.1476,2.88713],[115.15116,2.89319],[115.15001,2.90895],[115.15155,2.91382],[115.15932,2.91806],[115.16898,2.92902],[115.18722,2.93113],[115.19231,2.93972],[115.2094,2.95574],[115.21752,2.9573],[115.22866,2.95569],[115.2388,2.96111],[115.24354,2.96164],[115.24912,2.9667],[115.25251,2.97259],[115.25291,2.97881],[115.25571,2.98074],[115.25548,2.99489],[115.26084,3.00151],[115.26853,3.0168],[115.27591,3.0199],[115.27885,3.0334],[115.28319,3.03849],[115.28547,3.04962],[115.29429,3.03993],[115.29866,3.03997],[115.30173,3.03393],[115.3051,3.03396],[115.30681,3.02993],[115.3055,3.02521],[115.3079,3.01984],[115.31363,3.01786],[115.32276,3.01188],[115.32314,3.00582],[115.3267,2.99595],[115.32982,2.99136],[115.32769,2.97984],[115.32962,2.97669],[115.33503,2.97373],[115.34454,2.97714],[115.35001,2.97508],[115.3557,2.98017],[115.36371,2.98017],[115.36841,2.98184],[115.37603,2.97917],[115.37805,2.98245],[115.38085,2.9839],[115.38326,2.98332],[115.38558,2.98042],[115.38892,2.98074],[115.39172,2.97917],[115.39732,2.97891],[115.40639,2.98232],[115.4124,2.99235],[115.41619,2.99348],[115.42095,2.99763],[115.42477,3.0114],[115.4291,3.01716],[115.43348,3.0172],[115.43518,3.01418],[115.43921,3.01523],[115.44285,3.02435],[115.44689,3.02472],[115.45326,3.02848],[115.48328,3.01964],[115.48365,3.01459],[115.48962,3.0271],[115.49566,3.02984],[115.5002,3.03529],[115.50352,3.03615],[115.50538,3.04036],[115.50998,3.04268],[115.5121,3.05043],[115.51956,3.05792],[115.51998,3.06889],[115.51667,3.07587],[115.51596,3.09027],[115.51368,3.09371],[115.51831,3.10243],[115.51667,3.1088],[115.51905,3.11356],[115.52924,3.11767],[115.53439,3.13645],[115.53931,3.14375],[115.54224,3.14439],[115.5459,3.14205],[115.55449,3.14266],[115.55803,3.14861],[115.55796,3.15189],[115.56272,3.15243],[115.56452,3.16067],[115.56738,3.16224],[115.56423,3.17109],[115.56101,3.17295],[115.55581,3.17337],[115.54519,3.18244],[115.54053,3.18151],[115.5376,3.18421],[115.53059,3.18504],[115.52481,3.18797],[115.52172,3.1935],[115.51985,3.20357],[115.52198,3.21286],[115.52175,3.22025],[115.52439,3.22563],[115.52912,3.2255],[115.53172,3.22698],[115.53127,3.23556],[115.53256,3.23977],[115.53198,3.24116],[115.52635,3.24206],[115.52754,3.24759],[115.5267,3.24936],[115.51921,3.25419],[115.51617,3.2594],[115.52029,3.27723],[115.52276,3.2815],[115.52687,3.2821],[115.52947,3.28457],[115.52687,3.29267],[115.52248,3.29938],[115.52517,3.30644],[115.5226,3.30938],[115.52482,3.32004],[115.53194,3.32058],[115.53586,3.32489],[115.53675,3.32843],[115.54007,3.32837],[115.54111,3.32995],[115.54222,3.34011],[115.5413,3.34435],[115.54289,3.34704],[115.53909,3.35197],[115.53817,3.36334],[115.54403,3.37637],[115.5489,3.38087],[115.55257,3.38824],[115.55285,3.39074],[115.55061,3.39464],[115.55662,3.39729],[115.55767,3.40422],[115.56548,3.41122],[115.56722,3.41809],[115.57289,3.41938],[115.57466,3.43397],[115.57963,3.45021],[115.58143,3.451],[115.5901,3.44878],[115.59342,3.44476],[115.5982,3.44739],[115.60396,3.44764],[115.60757,3.44036],[115.61137,3.42267],[115.61488,3.41929],[115.61523,3.4127],[115.61852,3.40948],[115.62975,3.41365],[115.63152,3.41714],[115.63488,3.41875],[115.63576,3.42264],[115.64374,3.42872],[115.6433,3.43223],[115.64481,3.4353],[115.6501,3.43698],[115.65222,3.43995],[115.64444,3.44954],[115.63811,3.45173],[115.63462,3.45483],[115.63491,3.46097],[115.62915,3.46559],[115.62934,3.4741],[115.62437,3.47654],[115.62355,3.48144],[115.61826,3.49306],[115.6202,3.49609],[115.62023,3.50011],[115.61497,3.50458],[115.61095,3.51255],[115.61168,3.51844],[115.61038,3.52369],[115.6144,3.53363],[115.61472,3.54433],[115.60576,3.5687],[115.60598,3.57607],[115.59424,3.57645],[115.59063,3.57864],[115.59035,3.58683],[115.58095,3.5969],[115.57965,3.60681],[115.57611,3.61079],[115.57658,3.61678],[115.57994,3.62168],[115.57785,3.62722],[115.58209,3.63035],[115.58329,3.6332],[115.58108,3.63868],[115.57617,3.64333],[115.57364,3.64795],[115.5749,3.6633],[115.57886,3.66583],[115.57459,3.6739],[115.57395,3.67998],[115.57601,3.68625],[115.58377,3.69444],[115.5838,3.70324],[115.58525,3.70501],[115.58307,3.70666],[115.58041,3.71486],[115.57633,3.71967],[115.57829,3.72416],[115.58234,3.72834],[115.57943,3.74695],[115.58513,3.75407],[115.5894,3.75597],[115.58798,3.76119],[115.59367,3.76993],[115.59269,3.77395],[115.59013,3.77512],[115.5913,3.78097],[115.59374,3.78278],[115.59674,3.79085],[115.60396,3.79797],[115.60845,3.81164],[115.6081,3.81509],[115.61216,3.8193],[115.61402,3.82421],[115.61899,3.84044],[115.61614,3.84788],[115.6169,3.85446],[115.61893,3.85791],[115.61956,3.86886],[115.61697,3.87586],[115.60956,3.87747],[115.60636,3.8756],[115.60238,3.87614],[115.59715,3.88168],[115.59627,3.89029],[115.59348,3.89061],[115.58867,3.88595],[115.58361,3.88469],[115.57921,3.89785],[115.55835,3.91919],[115.56465,3.91865],[115.56857,3.92048],[115.58101,3.94153],[115.58465,3.94096],[115.59073,3.94416],[115.59291,3.94156],[115.59763,3.94004],[115.60943,3.94083],[115.61624,3.93783],[115.62811,3.94795],[115.63362,3.95884],[115.63849,3.9609],[115.63922,3.96413],[115.64181,3.96562],[115.64187,3.97138],[115.64637,3.97869],[115.6465,3.98226],[115.65004,3.98875],[115.6504,4.0019],[115.64921,4.00871],[115.65124,4.01445],[115.65082,4.01793],[115.65315,4.02065],[115.65442,4.02735],[115.65308,4.03577],[115.65954,4.04159],[115.66307,4.05467],[115.66563,4.05892],[115.66487,4.06168],[115.66735,4.06401],[115.66839,4.06937],[115.67106,4.07148],[115.67133,4.07657],[115.67497,4.08051],[115.67505,4.08468],[115.67749,4.09027],[115.67742,4.09589],[115.67547,4.09858],[115.67792,4.1065],[115.67558,4.11323],[115.67088,4.11611],[115.65854,4.12408],[115.65561,4.11925],[115.65108,4.11858],[115.64399,4.12256],[115.64497,4.12578],[115.6491,4.13724],[115.64785,4.14588],[115.64129,4.14888],[115.64093,4.15913],[115.63874,4.16406],[115.63057,4.16437],[115.62949,4.16755],[115.63147,4.17238],[115.62989,4.17847],[115.63564,4.1825],[115.64215,4.19319],[115.64129,4.19892],[115.63851,4.20385],[115.6399,4.21235],[115.63842,4.21647],[115.64017,4.22081],[115.63977,4.22457],[115.64242,4.22623],[115.64242,4.23348],[115.64174,4.23536],[115.63604,4.23777],[115.63658,4.23952],[115.64179,4.24654],[115.64915,4.25174],[115.65121,4.25872],[115.65709,4.26203],[115.65848,4.27044],[115.66373,4.27344],[115.66557,4.27698],[115.66423,4.27917],[115.66396,4.28387],[115.66719,4.28633],[115.66714,4.29152],[115.67154,4.2985],[115.67042,4.30468],[115.66647,4.30911],[115.66593,4.32567],[115.66266,4.32831],[115.65934,4.33596],[115.64856,4.34026],[115.64484,4.34352],[115.64022,4.34276],[115.63613,4.34496],[115.63102,4.35059],[115.62536,4.34402],[115.61753,4.34485],[115.61277,4.34154],[115.60747,4.34691],[115.60617,4.35103],[115.60824,4.36026],[115.59,4.36226],[115.58714,4.36577],[115.58737,4.37946],[115.58939,4.38563],[115.58674,4.39127],[115.59141,4.39892],[115.5902,4.41136],[115.59343,4.41682],[115.59303,4.42022],[115.59119,4.4315],[115.58778,4.43449],[115.58638,4.4417],[115.58006,4.44751],[115.57902,4.45611],[115.57521,4.45794],[115.56897,4.46899],[115.56049,4.47798],[115.55986,4.48031],[115.5604,4.48814],[115.56691,4.48953],[115.5709,4.49517],[115.57445,4.49584],[115.57849,4.49879],[115.57548,4.50648],[115.58091,4.51767],[115.57813,4.52425],[115.57324,4.52805],[115.57552,4.53691],[115.57395,4.53986],[115.56857,4.54357],[115.56345,4.55118],[115.56794,4.55713],[115.57068,4.56643],[115.56781,4.56992],[115.56143,4.57252],[115.55856,4.58124],[115.55353,4.58504],[115.55192,4.58876],[115.54546,4.59292],[115.54644,4.60441],[115.55632,4.61976],[115.55941,4.62669],[115.55968,4.63362],[115.56632,4.64123],[115.56529,4.64561],[115.5753,4.64812],[115.58109,4.65693],[115.58392,4.65773],[115.58899,4.66556],[115.59698,4.67424],[115.60173,4.67742],[115.60532,4.68815],[115.60856,4.69271],[115.61259,4.71092],[115.61762,4.71816],[115.6213,4.73699],[115.62628,4.74375],[115.62705,4.75171],[115.63221,4.75828],[115.63328,4.76826],[115.63683,4.77094],[115.64948,4.77322],[115.65312,4.77805],[115.6555,4.78521],[115.65563,4.7984],[115.65442,4.79987],[115.65604,4.80573],[115.65586,4.81293],[115.65281,4.81951],[115.65478,4.82541],[115.65272,4.82827],[115.65177,4.8369],[115.65209,4.85063],[115.64733,4.85215],[115.64096,4.85872],[115.63741,4.87035],[115.63566,4.87795],[115.63831,4.88399],[115.63844,4.88864],[115.63301,4.91064],[115.62745,4.91712],[115.62161,4.92392],[115.62299,4.92816],[115.62313,4.94005],[115.62506,4.946],[115.6207,4.9654],[115.60527,4.97645],[115.5995,4.98396],[115.59309,4.99009],[115.58916,4.9868],[115.57602,4.98832],[115.55812,4.97953],[115.55,4.97808],[115.53597,4.96897],[115.51604,4.95955],[115.50907,4.95916],[115.49382,4.95902],[115.46753,4.96416],[115.45433,4.9706],[115.44762,4.97943]]]]}},{"type":"Feature","properties":{"state_code":"TRG","name":"Terengganu","region_group":"east_coast"},"geometry":{"type":"MultiPolygon","coordinates":[[[[103.67313,4.80327],[103.67751,4.79846],[103.67833,4.79472],[103.68221,4.79324],[103.68622,4.79581],[103.68502,4.79957],[103.68802,4.80387],[103.68609,4.80734],[103.691,4.81009],[103.69039,4.81157],[103.68635,4.81208],[103.68672,4.81339],[103.6821,4.81354],[103.68047,4.81484],[103.68154,4.81685],[103.68021,4.81679],[103.6767,4.81187],[103.67648,4.81005],[103.67766,4.81047],[103.67866,4.80859],[103.67751,4.80541],[103.67408,4.80507],[103.67313,4.80327]]],[[[103.26046,5.22223],[103.26325,5.21312],[103.26678,5.21276],[103.26889,5.21024],[103.2705,5.21445],[103.26936,5.21763],[103.27062,5.21908],[103.26817,5.22261],[103.26914,5.22388],[103.26758,5.23149],[103.26668,5.22818],[103.26147,5.22477],[103.26046,5.22223]]],[[[103.05613,5.61781],[103.05965,5.61457],[103.0593,5.61181],[103.0644,5.61059],[103.0688,5.61298],[103.07143,5.62045],[103.06942,5.62573],[103.06381,5.62883],[103.05794,5.6248],[103.05804,5.62056],[103.05613,5.61781]]],[[[102.889,5.80049],[102.8926,5.79658],[102.89226,5.79105],[102.89764,5.79068],[102.89853,5.78891],[102.9013,5.78922],[102.90231,5.78779],[102.90288,5.79025],[102.90465,5.79127],[102.90339,5.79411],[102.90015,5.79441],[102.89204,5.80349],[102.89,5.80324],[102.889,5.80049]]],[[[102.98846,5.78432],[102.99149,5.77577],[102.99597,5.76879],[102.99546,5.75807],[102.9987,5.74906],[102.999,5.75357],[103.00029,5.75337],[103.00171,5.75751],[103.00461,5.75988],[103.00567,5.75179],[103.01316,5.74959],[103.01942,5.75227],[103.01943,5.75458],[103.02583,5.76384],[103.02966,5.76529],[103.03006,5.76312],[103.03136,5.76284],[103.03,5.76706],[103.0338,5.76712],[103.03438,5.76931],[103.03303,5.77118],[103.03655,5.77297],[103.03421,5.77342],[103.03358,5.77733],[103.04396,5.78939],[103.04123,5.79062],[103.03904,5.78943],[103.03784,5.79089],[103.03465,5.78955],[103.03411,5.79124],[103.03206,5.7902],[103.03204,5.793],[103.03018,5.79091],[103.02841,5.79365],[103.02596,5.79387],[103.02215,5.78926],[103.02104,5.78521],[103.01441,5.7857],[103.01316,5.78795],[103.01359,5.7917],[103.01758,5.7986],[103.01554,5.80019],[103.01879,5.80198],[103.01877,5.80749],[103.01534,5.80858],[103.01481,5.81011],[103.01356,5.80959],[103.0106,5.81746],[103.0097,5.81336],[103.00741,5.81285],[103.00545,5.81644],[103.00334,5.81544],[103.00015,5.81775],[102.99832,5.81553],[102.99588,5.8151],[102.99295,5.80537],[102.99508,5.79589],[102.99399,5.78846],[102.98846,5.78432]]],[[[102.65233,4.77186],[102.6721,4.72553],[102.69519,4.72199],[102.7088,4.71079],[102.72301,4.69427],[102.73781,4.68955],[102.79168,4.68011],[102.80943,4.68247],[102.82305,4.68837],[102.83489,4.68424],[102.8485,4.67185],[102.86389,4.64943],[102.86804,4.63291],[102.87455,4.61934],[102.85975,4.60518],[102.86271,4.59397],[102.87455,4.58276],[102.86863,4.57332],[102.83962,4.56388],[102.83252,4.55149],[102.85442,4.49897],[102.87751,4.4789],[102.91835,4.47123],[102.95979,4.48539],[102.97518,4.48421],[102.99353,4.45884],[103.00655,4.4494],[103.01188,4.43228],[103.02194,4.42107],[103.01957,4.41222],[103.00181,4.37739],[103.00477,4.36559],[103.01306,4.35142],[103.00596,4.34198],[102.97518,4.34788],[102.95683,4.33254],[102.94735,4.30184],[102.93019,4.2983],[102.929,4.28295],[102.9296,4.26111],[102.90888,4.23219],[102.92309,4.19382],[102.91717,4.17197],[102.89763,4.1578],[102.89763,4.14659],[102.90947,4.12651],[102.93019,4.11884],[102.95623,4.12651],[102.98524,4.14245],[103.00536,4.14068],[103.05864,4.12829],[103.07344,4.11234],[103.10185,4.1088],[103.11487,4.10054],[103.13263,4.0722],[103.1498,4.06275],[103.16578,4.04385],[103.18295,4.04681],[103.1936,4.05566],[103.20485,4.05566],[103.21254,4.03618],[103.24095,4.03677],[103.25161,4.01079],[103.27114,3.99662],[103.26818,3.973],[103.28061,3.94347],[103.30252,3.93284],[103.32442,3.94052],[103.33389,3.96827],[103.32975,3.99543],[103.31968,4.02614],[103.32087,4.05448],[103.31495,4.0781],[103.30488,4.09227],[103.30429,4.12002],[103.32146,4.16017],[103.31791,4.19441],[103.32323,4.20621],[103.34099,4.20562],[103.3552,4.19323],[103.37532,4.19323],[103.42335,4.20358],[103.44075,4.20254],[103.4391,4.21619],[103.44215,4.23127],[103.44657,4.23853],[103.44582,4.23922],[103.45147,4.2396],[103.45299,4.23619],[103.45354,4.23751],[103.45697,4.23601],[103.46006,4.23929],[103.4615,4.25457],[103.4648,4.25685],[103.47062,4.25613],[103.46933,4.24986],[103.47152,4.24992],[103.47327,4.25807],[103.47253,4.26499],[103.47502,4.26582],[103.4761,4.27331],[103.47947,4.27405],[103.47727,4.28028],[103.47745,4.28561],[103.47869,4.28683],[103.48043,4.2857],[103.48262,4.2866],[103.48198,4.28884],[103.48367,4.28891],[103.48434,4.28709],[103.48374,4.29114],[103.48728,4.29581],[103.48798,4.30609],[103.49137,4.31061],[103.48973,4.31422],[103.49212,4.32129],[103.49201,4.32955],[103.48451,4.33888],[103.46808,4.36711],[103.45522,4.39584],[103.45572,4.41251],[103.45773,4.4175],[103.45502,4.42514],[103.4557,4.43345],[103.4482,4.45423],[103.44458,4.46954],[103.4486,4.50304],[103.45305,4.51398],[103.45539,4.51402],[103.45845,4.51732],[103.4658,4.51723],[103.46743,4.5148],[103.4714,4.52159],[103.4748,4.5245],[103.47541,4.52804],[103.47049,4.54177],[103.4728,4.54443],[103.46751,4.55778],[103.46894,4.5601],[103.44658,4.61579],[103.43939,4.63806],[103.4386,4.6465],[103.43978,4.65338],[103.44268,4.6577],[103.44627,4.65444],[103.44913,4.65734],[103.44646,4.67138],[103.44853,4.67015],[103.4465,4.67293],[103.44933,4.6714],[103.44685,4.67366],[103.44613,4.67696],[103.44795,4.67978],[103.4472,4.68436],[103.44925,4.68705],[103.44644,4.69502],[103.44718,4.69733],[103.4252,4.75179],[103.42245,4.76564],[103.4252,4.77385],[103.43085,4.78217],[103.43943,4.78149],[103.42454,4.80909],[103.42548,4.81313],[103.36192,4.92204],[103.29651,5.0413],[103.23414,5.16377],[103.22209,5.19197],[103.21439,5.2043],[103.2152,5.20954],[103.21314,5.21103],[103.20899,5.21097],[103.20465,5.21664],[103.18642,5.24753],[103.18253,5.2566],[103.18419,5.25813],[103.18265,5.25814],[103.18243,5.26238],[103.18248,5.26381],[103.18672,5.26416],[103.18774,5.26046],[103.18649,5.2682],[103.18448,5.26925],[103.17614,5.28388],[103.17417,5.28477],[103.17212,5.29313],[103.15151,5.3311],[103.15098,5.33234],[103.15522,5.33706],[103.15383,5.34255],[103.14999,5.34529],[103.13648,5.34821],[103.13567,5.35111],[103.13382,5.35134],[103.1193,5.37864],[103.11337,5.38685],[103.1166,5.39362],[103.11537,5.39581],[103.10909,5.39263],[103.10333,5.40051],[103.04307,5.45587],[103.00205,5.49877],[102.97473,5.52317],[102.96005,5.53381],[102.94745,5.54015],[102.94307,5.53697],[102.94357,5.53415],[102.9408,5.5334],[102.93218,5.53397],[102.91415,5.53889],[102.89588,5.54753],[102.86591,5.5672],[102.86304,5.56754],[102.85044,5.5751],[102.83378,5.58873],[102.78931,5.63248],[102.75578,5.65707],[102.73316,5.67036],[102.7266,5.67275],[102.70039,5.69568],[102.66023,5.73958],[102.63018,5.78177],[102.62503,5.78228],[102.59499,5.81251],[102.57886,5.82053],[102.57016,5.82759],[102.56108,5.83777],[102.56263,5.83543],[102.56204,5.83177],[102.55896,5.83224],[102.5587,5.83531],[102.55737,5.8338],[102.54536,5.83827],[102.53264,5.84952],[102.51942,5.83036],[102.48494,5.79186],[102.456,5.76542],[102.42858,5.74617],[102.4131,5.7224],[102.40149,5.71252],[102.39426,5.69678],[102.38703,5.70013],[102.37727,5.69411],[102.37559,5.68507],[102.38265,5.67603],[102.38097,5.66766],[102.38349,5.66347],[102.38299,5.65326],[102.38669,5.64372],[102.38417,5.63434],[102.39073,5.62764],[102.38938,5.62178],[102.39426,5.62145],[102.3983,5.61442],[102.39224,5.60153],[102.39258,5.58495],[102.39661,5.57758],[102.39544,5.57323],[102.40065,5.56352],[102.39998,5.55983],[102.402,5.55615],[102.40217,5.5518],[102.40536,5.54728],[102.4025,5.5461],[102.39981,5.54778],[102.39594,5.5461],[102.39796,5.54125],[102.39527,5.53388],[102.38585,5.52551],[102.37828,5.52484],[102.3776,5.52082],[102.37912,5.51563],[102.384,5.51245],[102.38921,5.50106],[102.38585,5.47778],[102.39106,5.47376],[102.39729,5.46572],[102.39476,5.45869],[102.39863,5.44429],[102.39056,5.43005],[102.38147,5.43089],[102.38248,5.41397],[102.38803,5.41213],[102.39056,5.40778],[102.3951,5.40527],[102.39695,5.40141],[102.40503,5.40041],[102.40957,5.39438],[102.41731,5.39723],[102.4163,5.38868],[102.42572,5.37428],[102.43346,5.37646],[102.43817,5.37093],[102.43564,5.35904],[102.42538,5.36004],[102.4237,5.35519],[102.42589,5.3505],[102.42303,5.34413],[102.4269,5.3304],[102.4242,5.32453],[102.41764,5.32219],[102.41512,5.30276],[102.41108,5.29941],[102.41512,5.29137],[102.41209,5.28768],[102.41562,5.27612],[102.41125,5.26473],[102.41327,5.2458],[102.41075,5.24027],[102.4126,5.23257],[102.41848,5.22452],[102.41933,5.21129],[102.41579,5.20609],[102.41596,5.20191],[102.41394,5.19705],[102.41041,5.1947],[102.40856,5.18817],[102.41226,5.18431],[102.42,5.18632],[102.43262,5.18582],[102.44086,5.17393],[102.45028,5.17292],[102.45465,5.17476],[102.46172,5.17175],[102.46122,5.16605],[102.47081,5.16438],[102.47131,5.15985],[102.48224,5.15097],[102.48342,5.14092],[102.49469,5.14042],[102.50479,5.13338],[102.51169,5.13371],[102.51101,5.12751],[102.52313,5.11679],[102.52279,5.1126],[102.51993,5.10824],[102.51421,5.10339],[102.51455,5.09517],[102.5095,5.09065],[102.5058,5.09333],[102.50092,5.09166],[102.49688,5.08378],[102.5026,5.07641],[102.5026,5.06903],[102.50983,5.06065],[102.50529,5.04943],[102.51219,5.04222],[102.51269,5.03803],[102.51589,5.03317],[102.51068,5.02496],[102.51169,5.02077],[102.50546,5.01608],[102.49587,5.01524],[102.49537,5.01239],[102.49789,5.00854],[102.49554,4.99999],[102.50041,4.98809],[102.50462,4.98491],[102.50748,4.97803],[102.51825,4.96982],[102.51,4.96144],[102.51017,4.95759],[102.51707,4.95356],[102.5164,4.94904],[102.51101,4.94854],[102.50899,4.94518],[102.50983,4.92809],[102.50647,4.92339],[102.50748,4.91954],[102.50294,4.91636],[102.50126,4.91183],[102.51387,4.90864],[102.52363,4.90278],[102.52868,4.90596],[102.53322,4.91401],[102.53776,4.91434],[102.54045,4.91049],[102.55307,4.90932],[102.5598,4.90177],[102.56872,4.90412],[102.5736,4.89674],[102.57629,4.89892],[102.58302,4.89004],[102.58285,4.88635],[102.58857,4.88199],[102.59109,4.88082],[102.59849,4.88333],[102.60472,4.88199],[102.60623,4.87629],[102.61128,4.86875],[102.61919,4.86976],[102.62558,4.86305],[102.6313,4.86523],[102.63416,4.86087],[102.64089,4.85769],[102.64493,4.85869],[102.64913,4.85014],[102.64055,4.83355],[102.64139,4.83036],[102.63988,4.825],[102.64762,4.82349],[102.65552,4.81109],[102.65536,4.79969],[102.66326,4.79197],[102.66108,4.78376],[102.65233,4.77186]]],[[[102.738,5.89446],[102.73973,5.88646],[102.74211,5.88589],[102.74289,5.88121],[102.74604,5.88328],[102.74636,5.8907],[102.75398,5.89507],[102.76039,5.88871],[102.76239,5.88438],[102.76581,5.88708],[102.76981,5.88465],[102.76924,5.88796],[102.77318,5.89348],[102.77106,5.89921],[102.76854,5.90175],[102.77002,5.90588],[102.76957,5.90939],[102.77106,5.91137],[102.76866,5.91538],[102.7603,5.91902],[102.75985,5.92457],[102.75528,5.91782],[102.75352,5.91137],[102.74925,5.90958],[102.74692,5.91081],[102.74306,5.90791],[102.74306,5.90296],[102.74016,5.90224],[102.73827,5.90367],[102.73935,5.90191],[102.738,5.89446]]],[[[102.71462,5.89866],[102.71589,5.8959],[102.72595,5.89308],[102.72987,5.89611],[102.73231,5.90057],[102.73224,5.90914],[102.72899,5.9131],[102.72414,5.91504],[102.72221,5.91862],[102.72278,5.92124],[102.72579,5.92172],[102.72673,5.92395],[102.72466,5.92437],[102.72461,5.92612],[102.7221,5.92707],[102.72111,5.92936],[102.72304,5.93384],[102.72688,5.93478],[102.72655,5.93765],[102.72105,5.93837],[102.7175,5.93555],[102.71897,5.93242],[102.71668,5.92696],[102.71763,5.92367],[102.71525,5.92153],[102.71679,5.91765],[102.71551,5.91521],[102.71702,5.91329],[102.7151,5.90958],[102.71462,5.89866]]]]}}]}